0 16.761
2 8.413
4 11.719
6 21.209
8 23.264
10 24.087
12 22.584
14 23.219
16 23.408
18 22.457
20 9.331
22 6.932
24 7.269
26 7.599
28 8.057
30 8.530
32 8.907
34 9.326
36 9.268
38 10.145
40 10.757
42 11.649
44 13.782
46 15.006
48 13.028
50 13.561
52 13.836
54 14.550
56 14.640
58 14.434
60 16.718
62 14.974
64 14.376
66 13.759
68 12.627
70 13.825
72 16.860
74 16.725
76 19.100
78 21.029
80 24.549
82 24.280
84 22.494
86 17.375
88 10.964
90 7.007
92 7.987
94 8.244
96 8.317
98 8.849
100 8.576
102 8.334
104 8.342
106 9.778
108 9.937
110 10.849
112 11.658
114 11.220
116 12.291
118 12.177
120 13.777
122 15.413
124 16.199
126 16.851
128 17.316
130 17.321
132 17.395
134 18.124
136 19.275
138 20.111
140 19.831
142 20.209
144 19.885
146 21.616
148 21.169
150 22.068
152 22.033
154 22.542
156 22.361
158 21.394
160 20.317
162 20.603
164 22.413
166 24.326
168 23.619
170 24.591
172 24.828
174 24.021
176 24.462
178 27.523
180 27.273
182 29.531
184 29.655
186 29.385
188 28.919
190 30.577
192 30.932
194 18.942
196 13.964
198 7.255
200 8.146
202 7.859
204 6.976
206 6.389
208 6.247
210 6.267
212 6.576
214 6.728
216 7.330
218 6.806
220 7.141
222 7.781
224 8.028
226 8.591
228 9.301
230 9.817
232 10.311
234 10.721
236 11.050
238 11.499
240 9.457
242 7.745
244 5.333
246 5.407
248 4.320
250 4.650
252 5.157
254 5.998
256 5.162
258 3.746
260 1.694
262 1.244
264 0.957
266 1.332
268 0.746
270 0.870
272 0.933
274 0.601
276 0.660
278 0.914
280 0.794
282 0.617
284 1.098
286 1.389
288 1.505
290 1.346
292 1.442
294 1.641
296 2.109
298 2.560
300 2.607
302 2.167
304 2.656
306 3.004
308 2.895
310 3.092
312 3.181
314 3.207
316 3.364
318 3.422
320 3.565
322 0.794
324 0.816
326 1.068
328 0.915
330 1.184
332 1.298
334 1.548
336 1.324
338 1.477
340 1.577
342 1.933
344 1.888
346 1.981
348 2.345
350 2.360
352 2.428
354 2.595
356 2.583
358 2.696
360 2.789
362 3.173
364 3.120
366 3.162
368 0.959
370 1.096
372 1.269
374 1.278
376 1.164
378 1.281
380 1.375
382 1.571
384 1.264
386 1.492
388 1.285
390 1.531
392 1.455
394 1.484
396 1.543
398 1.667
400 1.795
402 1.987
404 2.242
406 2.412
408 2.621
410 3.194
412 1.102
414 2.215
416 2.631
418 2.957
420 3.071
422 3.592
424 5.258
426 6.236
428 6.345
430 7.520
432 6.196
434 8.124
436 7.356
438 7.914
440 5.800
442 5.398
444 5.126
446 5.210
448 5.645
450 5.782
452 6.123
454 6.270
456 6.729
458 7.210
460 6.009
462 5.468
464 5.651
466 5.820
468 5.906
470 5.966
472 6.195
474 6.472
476 6.768
478 7.537
480 8.236
482 9.836
484 11.955
486 11.463
488 11.710
490 11.698
492 10.922
494 12.254
496 13.189
498 14.442
500 15.520
502 16.606
504 14.975
506 13.314
508 12.548
510 10.812
512 14.369
514 20.116
516 22.184
518 22.970
520 22.270
522 22.662
524 23.039
526 24.683
528 25.462
530 10.527
532 12.710
534 11.746
536 7.131
538 5.414
540 5.316
542 5.178
544 5.663
546 4.946
548 6.052
550 6.394
552 6.165
554 6.272
556 6.260
558 6.566
560 6.764
562 7.026
564 7.494
566 7.976
568 7.903
570 8.297
572 8.769
574 9.222
576 9.503
578 10.060
580 10.719
582 11.322
584 11.958
586 12.378
588 12.901
590 12.909
592 10.961
594 6.203
596 6.483
598 6.947
600 7.107
602 7.184
604 6.783
606 7.215
608 8.054
610 8.422
612 8.807
614 7.445
616 8.391
618 7.865
620 9.333
622 9.964
624 9.753
626 10.505
628 10.655
630 11.198
632 11.788
634 12.389
636 8.765
638 4.918
640 3.071
642 2.015
644 1.232
646 0.999
648 0.708
650 0.932
652 1.146
654 1.345
656 1.549
658 1.652
660 1.034
662 1.303
664 1.197
666 1.136
668 1.148
670 1.599
672 1.702
674 1.626
676 1.129
678 1.307
680 1.432
682 3.641
684 3.894
686 4.461
688 4.498
690 3.513
692 3.216
694 3.003
696 3.998
698 3.536
700 0.997
702 0.789
704 0.669
706 0.724
708 0.707
710 0.891
712 0.967
714 1.028
716 1.093
718 1.141
720 1.239
722 1.450
724 1.592
726 1.923
728 1.946
730 2.013
732 2.386
734 1.879
736 1.892
738 2.423
740 2.348
742 2.416
744 2.242
746 2.027
748 2.360
750 2.075
752 0.658
754 0.470
756 0.626
758 0.769
760 0.938
762 0.951
764 1.087
766 1.220
768 1.150
770 1.256
772 1.479
774 1.654
776 1.773
778 1.805
780 2.169
782 2.184
784 2.354
786 2.473
788 2.730
790 2.656
792 2.748
794 2.137
796 2.506
798 2.642
800 3.012
802 2.830
804 2.680
806 0.559
808 0.589
810 0.725
812 0.920
814 0.971
816 0.900
818 1.250
820 1.476
822 1.831
824 1.903
826 0.622
828 0.566
830 0.723
832 0.501
834 0.718
836 0.467
838 1.959
840 2.146
842 2.436
844 2.368
846 2.734
848 2.756
850 2.844
852 2.787
854 3.653
856 3.688
858 3.279
860 3.290
862 2.517
864 2.567
866 2.203
868 2.130
870 1.984
872 1.881
874 2.050
876 1.938
878 1.750
880 1.475
882 1.398
884 1.518
886 1.394
888 0.974
890 1.066
892 1.099
894 2.395
896 2.659
898 2.902
900 3.353
902 3.044
904 2.700
906 3.190
908 2.866
910 2.844
912 2.370
914 2.561
916 2.269
918 2.085
920 1.813
922 2.338
924 2.209
926 2.017
928 1.947
930 1.981
932 1.944
934 1.662
936 1.594
938 1.669
940 1.796
942 1.407
944 1.317
946 0.406
948 0.300
950 0.150
952 0.339
954 0.196
956 0.281
958 0.403
960 0.612
962 0.614
964 0.769
966 1.213
968 1.546
970 1.835
972 1.779
974 2.474
976 3.021
978 3.298
980 3.728
982 3.140
984 1.192
986 1.367
988 1.756
990 1.602
992 2.095
994 1.909
996 2.025
998 1.908
1000 2.216
0 16.850
2 26.966
4 29.654
6 13.548
8 6.543
10 2.246
12 1.733
14 1.528
16 1.480
18 2.798
20 3.527
22 3.792
24 4.224
26 4.399
28 4.639
30 4.902
32 5.175
34 5.352
36 4.222
38 4.342
40 3.968
42 3.801
44 3.606
46 3.308
48 4.373
50 4.527
52 4.930
54 2.219
56 2.693
58 2.394
60 2.928
62 2.865
64 2.393
66 2.588
68 2.612
70 3.154
72 3.973
74 2.178
76 2.785
78 3.139
80 1.873
82 2.556
84 2.552
86 2.618
88 3.393
90 3.853
92 4.106
94 3.321
96 2.797
98 6.428
100 6.726
102 6.843
104 6.951
106 7.133
108 7.600
110 8.074
112 8.314
114 7.188
116 7.752
118 8.210
120 8.160
122 8.995
124 9.106
126 9.806
128 9.733
130 9.772
132 9.223
134 8.507
136 8.622
138 8.840
140 8.725
142 9.502
144 10.075
146 10.746
148 11.374
150 11.792
152 11.902
154 10.859
156 12.417
158 13.953
160 9.255
162 5.913
164 4.675
166 4.831
168 5.236
170 5.517
172 5.994
174 6.483
176 6.896
178 7.661
180 7.672
182 8.040
184 8.276
186 8.502
188 8.637
190 8.769
192 8.655
194 8.985
196 8.980
198 9.090
200 3.823
202 2.681
204 2.635
206 2.340
208 2.547
210 2.397
212 2.562
214 2.189
216 2.305
218 2.423
220 1.529
222 2.114
224 2.227
226 2.229
228 2.175
230 2.524
232 2.249
234 1.801
236 1.948
238 2.015
240 2.058
242 2.144
244 2.243
246 2.331
248 2.390
250 2.541
252 2.812
254 2.763
256 2.625
258 3.116
260 3.254
262 3.255
264 3.179
266 3.149
268 3.193
270 3.294
272 3.571
274 3.204
276 3.696
278 3.539
280 4.246
282 4.430
284 4.724
286 5.013
288 5.517
290 5.687
292 4.616
294 5.265
296 5.996
298 5.946
300 6.088
302 6.387
304 6.759
306 7.157
308 7.987
310 8.945
312 8.214
314 7.884
316 8.415
318 7.323
320 7.202
322 4.374
324 3.299
326 3.444
328 3.888
330 4.095
332 4.724
334 3.794
336 4.132
338 3.728
340 4.039
342 3.710
344 0.720
346 0.657
348 0.742
350 0.516
352 0.414
354 0.365
356 0.658
358 1.150
360 1.427
362 1.561
364 1.749
366 2.115
368 2.479
370 2.779
372 3.051
374 1.552
376 1.517
378 2.185
380 1.837
382 1.316
384 0.422
386 0.629
388 1.242
390 1.848
392 2.618
394 2.922
396 3.529
398 4.095
400 4.021
402 1.784
404 1.895
406 2.155
408 2.484
410 2.285
412 1.970
414 1.749
416 1.619
418 1.717
420 1.966
422 2.347
424 2.705
426 1.546
428 1.864
430 2.599
432 3.074
434 3.818
436 4.734
438 5.272
440 7.675
442 8.637
444 6.760
446 6.396
448 6.348
450 6.396
452 7.517
454 6.113
456 8.289
458 8.299
460 9.699
462 10.975
464 11.693
466 14.070
468 13.857
470 9.476
472 2.462
474 2.780
476 6.936
478 6.338
480 3.253
482 3.151
484 3.096
486 2.996
488 2.845
490 2.915
492 3.049
494 2.984
496 3.090
498 2.988
500 3.076
502 3.250
504 2.743
506 3.227
508 3.964
510 4.613
512 5.571
514 6.344
516 6.905
518 7.460
520 8.009
522 8.502
524 9.137
526 9.787
528 10.298
530 6.003
532 4.270
534 3.750
536 1.015
538 0.792
540 0.588
542 0.581
544 0.591
546 0.945
548 2.026
550 0.473
552 0.096
554 0.917
556 2.597
558 3.261
560 3.866
562 4.062
564 4.306
566 4.956
568 5.916
570 6.500
572 7.031
574 6.975
576 7.280
578 5.299
580 5.512
582 4.230
584 3.076
586 2.761
588 2.366
590 2.471
592 3.026
594 3.544
596 3.368
598 3.130
600 3.729
602 3.169
604 3.152
606 3.905
608 5.914
610 6.407
612 7.141
614 7.599
616 8.174
618 8.496
620 9.466
622 10.804
624 11.739
626 12.209
628 13.022
630 13.535
632 13.716
634 14.447
636 15.030
638 15.725
640 16.873
642 17.869
644 18.235
646 19.292
648 20.562
650 16.958
652 10.957
654 7.155
656 4.780
658 3.422
660 3.350
662 3.571
664 3.693
666 3.885
668 4.060
670 4.330
672 4.682
674 2.565
676 2.389
678 2.329
680 2.641
682 3.296
684 4.571
686 5.081
688 5.976
690 6.501
692 7.346
694 7.962
696 7.436
698 7.775
700 8.078
702 8.900
704 5.923
706 9.563
708 12.151
710 12.261
712 12.876
714 13.455
716 12.551
718 10.224
720 10.345
722 10.047
724 5.228
726 5.717
728 6.083
730 6.393
732 6.880
734 7.272
736 7.996
738 6.542
740 6.936
742 7.969
744 8.212
746 9.729
748 10.056
750 11.196
752 11.769
754 12.239
756 12.095
758 13.326
760 12.056
762 11.718
764 11.509
766 11.726
768 11.992
770 12.312
772 12.731
774 13.154
776 13.479
778 14.003
780 11.460
782 10.630
784 11.722
786 12.392
788 11.610
790 12.508
792 13.089
794 12.830
796 13.920
798 15.067
800 16.570
802 17.088
804 17.574
806 15.289
808 14.444
810 15.916
812 15.837
814 17.485
816 18.447
818 18.166
820 20.933
822 19.911
824 23.690
826 24.397
828 24.792
830 25.017
832 24.930
834 24.523
836 24.276
838 25.482
840 25.509
842 25.999
844 25.565
846 26.950
848 26.703
850 27.403
852 26.286
854 7.942
856 7.788
858 8.366
860 5.980
862 7.210
864 5.065
866 4.381
868 4.093
870 3.372
872 2.840
874 2.021
876 1.487
878 1.471
880 1.477
882 1.603
884 1.786
886 2.047
888 1.975
890 4.121
892 3.337
894 3.610
896 3.360
898 3.685
900 3.105
902 3.074
904 2.904
906 2.610
908 2.423
910 2.493
912 0.886
914 1.602
916 2.355
918 2.596
920 0.620
922 0.437
924 0.390
926 0.666
928 2.388
930 2.489
932 2.192
934 2.063
936 1.898
938 1.747
940 1.463
942 1.287
944 1.119
946 1.036
948 0.857
950 0.761
952 2.752
954 3.333
956 5.358
958 5.056
960 5.188
962 6.052
964 5.269
966 5.576
968 5.635
970 4.315
972 2.596
974 3.078
976 4.245
978 5.561
980 6.133
982 8.056
984 10.783
986 12.745
988 14.326
990 15.283
992 15.974
994 16.271
996 11.969
998 11.974
1000 13.196
0 35.649
2 34.576
4 28.894
6 18.069
8 10.298
10 7.974
12 8.391
14 3.416
16 1.167
18 3.762
20 5.888
22 7.667
24 8.865
26 9.685
28 6.851
30 7.168
32 7.484
34 8.194
36 9.294
38 8.907
40 10.548
42 10.614
44 10.363
46 11.421
48 12.395
50 12.777
52 11.708
54 10.800
56 10.591
58 10.944
60 11.393
62 3.989
64 0.761
66 0.871
68 0.701
70 0.470
72 0.415
74 0.448
76 0.865
78 1.601
80 2.048
82 1.609
84 1.644
86 1.697
88 1.882
90 3.086
92 2.475
94 2.354
96 2.042
98 1.564
100 1.414
102 1.539
104 1.583
106 1.952
108 2.050
110 2.947
112 2.082
114 2.763
116 1.182
118 1.424
120 1.536
122 1.692
124 2.019
126 2.266
128 2.971
130 3.591
132 3.998
134 3.913
136 1.374
138 1.293
140 1.179
142 1.075
144 0.955
146 1.125
148 1.331
150 1.474
152 1.565
154 1.550
156 1.538
158 1.503
160 2.276
162 4.171
164 4.717
166 4.841
168 6.658
170 8.902
172 9.405
174 11.585
176 12.244
178 7.633
180 3.811
182 2.872
184 2.920
186 3.134
188 3.441
190 3.803
192 3.973
194 4.304
196 4.579
198 2.403
200 2.534
202 2.300
204 2.445
206 2.503
208 3.147
210 3.357
212 3.586
214 4.446
216 3.634
218 5.468
220 5.838
222 4.413
224 2.908
226 2.218
228 2.001
230 1.767
232 9.349
234 8.952
236 8.575
238 7.139
240 5.843
242 5.186
244 3.769
246 2.807
248 3.570
250 5.431
252 6.702
254 6.954
256 6.100
258 4.528
260 3.853
262 4.924
264 4.875
266 4.481
268 3.171
270 2.176
272 2.323
274 2.302
276 2.370
278 2.336
280 2.857
282 2.660
284 2.758
286 2.519
288 2.912
290 3.311
292 0.840
294 0.902
296 0.666
298 0.823
300 1.129
302 1.224
304 1.460
306 1.549
308 1.188
310 1.652
312 1.993
314 1.796
316 3.994
318 4.414
320 3.866
322 4.350
324 4.281
326 5.020
328 5.832
330 4.747
332 4.676
334 4.719
336 4.865
338 5.432
340 3.181
342 3.298
344 2.971
346 3.429
348 3.545
350 3.620
352 4.052
354 3.818
356 4.389
358 4.262
360 4.443
362 1.346
364 1.323
366 1.552
368 1.996
370 2.215
372 2.930
374 3.183
376 3.409
378 3.437
380 3.392
382 3.487
384 4.114
386 3.561
388 3.788
390 3.587
392 3.832
394 3.715
396 3.621
398 4.268
400 3.904
402 4.634
404 5.088
406 4.606
408 5.152
410 1.976
412 1.872
414 1.845
416 1.833
418 1.987
420 2.149
422 2.272
424 2.398
426 2.500
428 2.680
430 2.803
432 2.801
434 0.294
436 0.881
438 1.215
440 2.413
442 3.183
444 3.489
446 3.847
448 4.051
450 4.410
452 4.795
454 5.224
456 5.396
458 6.945
460 7.940
462 8.181
464 8.356
466 8.639
468 9.077
470 9.422
472 9.897
474 10.045
476 10.794
478 11.713
480 5.806
482 6.450
484 5.142
486 5.684
488 7.076
490 8.306
492 7.572
494 7.327
496 7.674
498 8.282
500 8.261
502 8.027
504 6.229
506 5.093
508 6.780
510 9.075
512 9.629
514 9.572
516 7.816
518 7.733
520 7.917
522 7.662
524 8.055
526 8.312
528 8.451
530 7.846
532 8.425
534 8.199
536 8.215
538 7.889
540 7.333
542 6.032
544 4.828
546 4.050
548 4.102
550 4.515
552 4.560
554 5.257
556 5.895
558 3.420
560 0.465
562 0.629
564 0.437
566 0.377
568 0.657
570 0.877
572 1.093
574 1.346
576 1.697
578 1.851
580 2.424
582 3.056
584 2.321
586 2.536
588 3.100
590 3.197
592 3.568
594 3.880
596 4.044
598 4.134
600 4.241
602 4.417
604 2.945
606 1.511
608 1.506
610 1.296
612 0.962
614 0.823
616 0.788
618 1.051
620 1.440
622 1.935
624 2.353
626 2.140
628 2.209
630 2.352
632 2.580
634 2.731
636 2.866
638 3.156
640 3.302
642 3.696
644 3.907
646 4.150
648 2.489
650 2.263
652 2.384
654 2.243
656 2.226
658 2.417
660 2.610
662 2.679
664 2.967
666 3.025
668 3.136
670 3.195
672 3.121
674 2.225
676 2.535
678 2.857
680 3.718
682 3.968
684 3.880
686 3.658
688 3.723
690 3.521
692 1.449
694 2.651
696 3.134
698 3.335
700 3.364
702 3.596
704 3.957
706 4.334
708 4.390
710 4.886
712 4.856
714 4.608
716 4.453
718 5.120
720 6.254
722 7.496
724 8.186
726 8.783
728 8.655
730 9.418
732 10.143
734 10.632
736 5.172
738 3.026
740 3.054
742 3.579
744 4.005
746 4.737
748 6.295
750 3.260
752 1.812
754 2.135
756 2.440
758 2.434
760 2.382
762 2.402
764 2.387
766 2.542
768 2.952
770 1.527
772 2.859
774 4.022
776 4.449
778 5.316
780 4.954
782 4.294
784 3.862
786 3.605
788 3.442
790 3.566
792 3.619
794 1.006
796 1.091
798 1.058
800 1.329
802 1.320
804 1.714
806 1.824
808 2.108
810 2.015
812 2.206
814 2.081
816 2.539
818 2.382
820 2.334
822 3.104
824 3.789
826 2.596
828 3.222
830 2.679
832 3.053
834 3.072
836 3.059
838 3.162
840 3.161
842 3.580
844 3.616
846 1.746
848 2.029
850 2.046
852 2.221
854 2.438
856 2.560
858 2.897
860 2.851
862 3.095
864 3.136
866 3.190
868 3.222
870 3.259
872 3.128
874 0.781
876 0.867
878 0.985
880 1.173
882 1.107
884 1.312
886 1.397
888 1.651
890 1.722
892 2.009
894 4.113
896 4.525
898 4.906
900 4.797
902 4.938
904 4.634
906 5.335
908 5.476
910 5.404
912 5.699
914 5.844
916 2.240
918 2.370
920 2.509
922 2.501
924 2.786
926 2.088
928 4.973
930 4.305
932 4.841
934 4.971
936 6.289
938 10.329
940 11.794
942 12.635
944 13.139
946 9.844
948 9.390
950 9.719
952 11.350
954 11.678
956 13.289
958 12.379
960 11.237
962 11.893
964 7.158
966 5.276
968 3.726
970 3.317
972 2.329
974 2.484
976 3.013
978 3.547
980 4.260
982 4.778
984 4.945
986 3.909
988 5.160
990 6.562
992 7.870
994 8.362
996 9.025
998 9.149
1000 9.507
0 39.155
2 24.522
4 19.359
6 13.111
8 8.701
10 7.428
12 8.436
14 10.081
16 11.391
18 13.245
20 14.649
22 15.708
24 15.987
26 14.511
28 14.681
30 16.868
32 16.576
34 14.274
36 14.050
38 15.160
40 14.158
42 13.684
44 15.255
46 15.828
48 14.036
50 15.182
52 13.730
54 14.482
56 13.641
58 13.852
60 14.050
62 14.604
64 13.717
66 16.086
68 15.433
70 16.314
72 15.379
74 15.801
76 14.854
78 14.472
80 14.454
82 11.897
84 11.124
86 7.501
88 4.244
90 4.612
92 4.469
94 4.285
96 4.055
98 3.876
100 3.981
102 4.196
104 4.342
106 4.412
108 4.392
110 4.294
112 4.198
114 4.146
116 4.110
118 4.054
120 3.884
122 3.860
124 2.918
126 2.837
128 2.233
130 1.845
132 1.855
134 1.856
136 1.621
138 1.401
140 1.134
142 0.984
144 0.965
146 0.977
148 1.078
150 0.826
152 0.957
154 1.153
156 1.852
158 1.589
160 1.452
162 1.393
164 1.095
166 1.152
168 0.656
170 1.226
172 0.870
174 0.989
176 0.673
178 0.532
180 0.089
182 0.969
184 1.062
186 1.279
188 1.469
190 1.164
192 0.933
194 1.453
196 1.817
198 1.865
200 1.404
202 1.523
204 1.924
206 2.291
208 1.766
210 2.019
212 2.013
214 2.020
216 1.955
218 1.778
220 1.561
222 1.278
224 0.946
226 0.607
228 0.169
230 0.179
232 0.331
234 0.614
236 1.426
238 2.141
240 2.278
242 2.432
244 3.033
246 3.004
248 2.716
250 2.512
252 2.707
254 1.821
256 2.583
258 3.566
260 4.732
262 5.499
264 5.650
266 5.477
268 4.703
270 2.989
272 2.632
274 1.585
276 1.387
278 0.905
280 1.215
282 1.193
284 1.184
286 1.341
288 1.379
290 1.544
292 1.808
294 1.992
296 2.227
298 1.132
300 1.429
302 1.416
304 1.581
306 1.545
308 1.575
310 1.816
312 1.835
314 1.910
316 0.194
318 0.240
320 0.179
322 0.292
324 0.496
326 0.297
328 0.404
330 0.671
332 1.591
334 1.573
336 2.242
338 2.030
340 2.075
342 1.830
344 2.544
346 2.786
348 3.590
350 3.541
352 3.503
354 2.183
356 1.571
358 1.410
360 1.780
362 2.079
364 2.531
366 2.851
368 3.263
370 3.351
372 3.697
374 3.814
376 4.165
378 2.027
380 1.750
382 1.178
384 1.289
386 1.293
388 1.316
390 1.337
392 1.468
394 1.318
396 1.343
398 1.155
400 1.561
402 1.322
404 1.450
406 2.282
408 2.849
410 3.206
412 4.268
414 5.262
416 6.019
418 6.459
420 6.715
422 7.044
424 7.480
426 7.679
428 7.969
430 7.845
432 7.786
434 2.720
436 0.163
438 0.984
440 1.140
442 0.842
444 0.892
446 1.128
448 1.368
450 1.727
452 2.103
454 2.521
456 2.922
458 3.395
460 4.059
462 4.825
464 5.394
466 5.754
468 6.560
470 7.318
472 8.298
474 9.532
476 10.066
478 10.917
480 11.905
482 11.977
484 12.301
486 12.507
488 12.584
490 13.378
492 12.610
494 11.180
496 10.975
498 10.507
500 10.409
502 9.967
504 10.303
506 10.005
508 8.298
510 7.139
512 6.842
514 6.267
516 6.222
518 6.219
520 6.351
522 6.335
524 6.562
526 6.671
528 6.835
530 7.004
532 7.112
534 7.259
536 7.422
538 7.683
540 7.843
542 8.519
544 8.817
546 8.547
548 8.007
550 7.132
552 6.191
554 5.762
556 4.036
558 3.492
560 2.887
562 1.291
564 1.857
566 2.329
568 2.898
570 4.115
572 4.871
574 5.116
576 5.710
578 6.519
580 8.087
582 9.925
584 12.636
586 11.744
588 9.105
590 5.103
592 0.684
594 0.704
596 0.652
598 0.842
600 1.416
602 2.648
604 2.488
606 2.520
608 2.586
610 3.265
612 4.078
614 3.166
616 3.913
618 1.397
620 1.609
622 1.786
624 2.120
626 1.845
628 1.553
630 1.586
632 1.686
634 1.509
636 1.770
638 0.456
640 0.531
642 0.785
644 1.126
646 1.355
648 1.835
650 2.195
652 2.619
654 3.396
656 4.007
658 3.914
660 3.664
662 3.661
664 3.583
666 3.955
668 4.059
670 4.206
672 4.475
674 5.085
676 5.651
678 4.696
680 4.559
682 4.701
684 4.898
686 5.118
688 5.388
690 5.480
692 5.603
694 5.887
696 6.117
698 3.976
700 4.470
702 5.830
704 6.224
706 7.026
708 7.874
710 9.138
712 9.925
714 10.191
716 10.756
718 11.110
720 11.576
722 12.793
724 13.378
726 13.298
728 15.237
730 16.706
732 15.208
734 13.963
736 12.471
738 10.476
740 9.199
742 1.964
744 4.353
746 3.853
748 2.642
750 2.352
752 0.995
754 1.595
756 1.775
758 2.228
760 2.000
762 3.044
764 3.091
766 4.749
768 6.602
770 7.992
772 10.948
774 11.470
776 12.943
778 13.349
780 14.425
782 16.143
784 15.513
786 15.936
788 15.929
790 16.138
792 15.407
794 15.031
796 14.330
798 8.678
800 2.390
802 1.650
804 3.274
806 3.485
808 3.740
810 3.687
812 3.891
814 3.850
816 5.861
818 6.699
820 7.005
822 6.895
824 6.721
826 6.296
828 5.987
830 5.578
832 5.086
834 4.863
836 3.011
838 1.017
840 1.661
842 2.907
844 4.092
846 4.091
848 4.947
850 5.417
852 5.905
854 6.245
856 7.239
858 7.908
860 8.384
862 8.799
864 9.345
866 9.326
868 9.735
870 10.058
872 10.383
874 11.557
876 12.376
878 12.857
880 13.692
882 13.034
884 14.659
886 15.501
888 16.220
890 16.556
892 15.629
894 15.909
896 14.807
898 16.897
900 19.896
902 19.281
904 12.223
906 3.899
908 3.951
910 4.012
912 4.861
914 4.792
916 3.562
918 3.622
920 3.697
922 5.159
924 5.235
926 3.989
928 4.128
930 3.844
932 3.560
934 1.674
936 2.142
938 5.961
940 8.473
942 8.269
944 8.952
946 7.548
948 3.979
950 1.978
952 1.549
954 0.910
956 1.083
958 1.270
960 1.543
962 1.244
964 1.007
966 1.216
968 1.055
970 1.270
972 1.168
974 1.619
976 2.305
978 2.679
980 3.687
982 4.380
984 5.436
986 0.826
988 0.415
990 0.368
992 0.457
994 0.188
996 0.150
998 0.354
1000 0.422
0 17.334
2 8.273
4 2.991
6 1.008
8 1.123
10 3.775
12 4.933
14 4.802
16 5.152
18 4.065
20 2.974
22 3.034
24 4.281
26 5.057
28 4.899
30 5.458
32 6.626
34 6.652
36 6.760
38 6.765
40 6.751
42 6.882
44 6.980
46 7.079
48 7.187
50 7.294
52 7.409
54 6.527
56 6.547
58 6.621
60 6.721
62 6.765
64 6.793
66 6.740
68 6.857
70 7.188
72 7.478
74 7.899
76 8.672
78 6.471
80 2.849
82 0.635
84 1.162
86 3.478
88 4.171
90 4.585
92 4.351
94 4.123
96 4.102
98 4.162
100 3.987
102 4.231
104 3.988
106 3.988
108 4.145
110 4.448
112 4.859
114 5.375
116 6.109
118 3.569
120 3.277
122 3.822
124 4.172
126 3.974
128 4.772
130 5.407
132 7.106
134 10.301
136 11.869
138 11.912
140 12.055
142 11.832
144 11.832
146 11.800
148 12.166
150 12.276
152 12.592
154 9.866
156 8.885
158 8.894
160 8.605
162 9.504
164 8.329
166 6.631
168 4.059
170 3.434
172 2.628
174 2.532
176 2.973
178 2.358
180 2.940
182 3.612
184 3.734
186 4.023
188 3.504
190 3.644
192 3.758
194 3.906
196 3.717
198 3.399
200 3.057
202 1.652
204 1.544
206 0.488
208 0.849
210 0.481
212 1.094
214 0.457
216 0.724
218 0.554
220 0.929
222 0.942
224 1.038
226 0.933
228 2.051
230 1.978
232 1.810
234 1.535
236 1.495
238 1.362
240 1.299
242 1.316
244 1.088
246 1.184
248 1.219
250 0.917
252 1.450
254 1.325
256 1.125
258 0.953
260 0.854
262 0.775
264 0.560
266 0.313
268 0.269
270 0.455
272 0.568
274 1.720
276 2.889
278 4.714
280 5.724
282 6.733
284 5.527
286 3.486
288 2.208
290 2.555
292 2.666
294 2.810
296 1.511
298 4.452
300 5.079
302 5.554
304 5.490
306 5.238
308 4.956
310 4.696
312 4.385
314 4.167
316 3.960
318 3.874
320 3.843
322 4.271
324 4.849
326 5.468
328 6.344
330 7.030
332 7.824
334 8.580
336 9.403
338 10.111
340 10.947
342 11.653
344 12.554
346 11.876
348 10.314
350 9.456
352 9.174
354 10.048
356 9.581
358 10.626
360 11.537
362 13.085
364 14.330
366 15.929
368 14.466
370 12.961
372 9.337
374 6.712
376 7.063
378 7.171
380 7.990
382 8.675
384 8.084
386 8.960
388 9.134
390 5.190
392 7.184
394 8.614
396 8.437
398 8.662
400 9.913
402 9.809
404 9.993
406 10.827
408 11.424
410 11.416
412 12.090
414 11.865
416 12.272
418 8.662
420 4.609
422 4.342
424 4.712
426 4.999
428 5.310
430 5.648
432 6.103
434 6.400
436 6.922
438 7.190
440 6.325
442 5.696
444 5.649
446 5.796
448 5.282
450 5.432
452 5.755
454 6.120
456 6.492
458 7.031
460 8.426
462 8.772
464 9.174
466 9.841
468 10.255
470 10.365
472 10.645
474 10.397
476 9.849
478 9.665
480 9.695
482 6.873
484 8.031
486 9.978
488 10.843
490 10.771
492 11.454
494 11.000
496 10.878
498 11.872
500 9.650
502 8.695
504 8.028
506 12.628
508 13.771
510 15.003
512 13.797
514 14.492
516 15.251
518 15.383
520 13.956
522 14.086
524 16.736
526 16.407
528 16.006
530 15.591
532 16.904
534 17.205
536 16.642
538 17.243
540 17.031
542 17.229
544 18.100
546 17.624
548 17.707
550 16.362
552 15.666
554 16.314
556 16.082
558 16.638
560 17.097
562 17.159
564 13.888
566 12.430
568 13.194
570 12.855
572 12.418
574 12.135
576 12.246
578 12.366
580 12.250
582 14.110
584 13.869
586 13.080
588 12.829
590 12.619
592 13.119
594 13.359
596 13.882
598 14.072
600 14.208
602 13.703
604 13.867
606 11.480
608 11.004
610 10.509
612 11.781
614 12.024
616 11.357
618 12.252
620 12.857
622 12.935
624 11.679
626 12.859
628 13.212
630 9.311
632 7.917
634 5.516
636 6.753
638 10.236
640 11.473
642 12.778
644 13.213
646 16.416
648 18.443
650 22.473
652 21.817
654 22.672
656 24.206
658 24.033
660 25.018
662 25.821
664 26.309
666 27.501
668 28.743
670 28.556
672 26.957
674 25.206
676 26.114
678 29.954
680 28.782
682 27.089
684 18.603
686 8.804
688 8.415
690 3.277
692 1.520
694 1.325
696 1.163
698 1.090
700 1.125
702 1.314
704 1.671
706 2.055
708 1.632
710 1.623
712 1.890
714 2.683
716 3.826
718 4.510
720 4.686
722 4.801
724 5.417
726 4.879
728 2.382
730 1.239
732 1.649
734 1.687
736 0.407
738 0.720
740 1.082
742 1.228
744 1.551
746 1.412
748 1.347
750 1.229
752 2.211
754 2.913
756 3.479
758 4.090
760 4.012
762 4.001
764 3.581
766 3.891
768 4.095
770 4.418
772 4.899
774 5.171
776 5.267
778 5.566
780 5.113
782 5.826
784 6.771
786 7.149
788 7.771
790 8.320
792 9.053
794 10.099
796 11.246
798 12.038
800 12.497
802 13.331
804 11.526
806 9.109
808 7.285
810 7.428
812 8.989
814 9.065
816 8.400
818 8.514
820 8.777
822 9.183
824 6.695
826 6.310
828 6.088
830 6.487
832 6.715
834 7.758
836 7.354
838 6.250
840 5.905
842 4.588
844 3.752
846 3.811
848 3.999
850 4.415
852 4.406
854 4.351
856 4.151
858 4.683
860 4.919
862 5.466
864 5.805
866 6.263
868 6.711
870 7.130
872 7.566
874 8.010
876 8.323
878 6.893
880 6.516
882 6.484
884 6.400
886 6.990
888 8.753
890 10.046
892 10.779
894 11.164
896 11.660
898 12.084
900 12.604
902 13.598
904 14.039
906 14.504
908 14.911
910 15.489
912 8.511
914 6.647
916 2.304
918 1.339
920 1.788
922 2.211
924 2.801
926 3.513
928 1.788
930 1.745
932 1.940
934 1.817
936 1.738
938 1.996
940 2.173
942 2.659
944 1.688
946 1.347
948 1.052
950 1.112
952 1.129
954 1.201
956 1.417
958 1.288
960 1.304
962 1.540
964 1.663
966 1.058
968 0.920
970 0.960
972 1.006
974 1.244
976 2.068
978 3.571
980 4.048
982 3.482
984 3.541
986 3.449
988 3.393
990 3.171
992 2.770
994 2.247
996 3.314
998 3.624
1000 3.324
0 28.977
2 18.293
4 15.142
6 13.234
8 9.314
10 5.117
12 2.583
14 2.850
16 1.217
18 1.099
20 0.500
22 0.319
24 0.421
26 0.480
28 0.228
30 0.384
32 0.222
34 0.337
36 0.404
38 0.432
40 0.819
42 0.636
44 0.621
46 0.511
48 0.650
50 0.501
52 0.399
54 0.590
56 0.825
58 0.567
60 0.691
62 0.908
64 0.595
66 0.816
68 1.207
70 1.940
72 2.072
74 2.073
76 2.136
78 1.935
80 2.055
82 2.070
84 2.168
86 2.203
88 2.737
90 2.708
92 3.227
94 1.421
96 1.414
98 1.695
100 1.910
102 1.315
104 1.166
106 0.971
108 1.447
110 1.602
112 1.714
114 0.944
116 1.242
118 1.509
120 1.474
122 2.030
124 2.233
126 2.665
128 2.769
130 3.769
132 4.337
134 4.944
136 6.094
138 6.890
140 7.262
142 4.520
144 3.723
146 3.326
148 3.027
150 3.290
152 3.889
154 1.949
156 1.693
158 2.895
160 2.987
162 3.212
164 3.327
166 3.805
168 4.273
170 4.179
172 4.825
174 5.263
176 6.142
178 6.437
180 7.336
182 8.259
184 9.315
186 9.295
188 9.845
190 9.967
192 9.797
194 10.111
196 6.354
198 3.175
200 2.364
202 2.408
204 2.988
206 3.662
208 4.310
210 4.732
212 5.130
214 5.641
216 5.948
218 5.844
220 5.951
222 6.475
224 7.283
226 7.568
228 8.190
230 9.020
232 9.876
234 10.275
236 10.024
238 10.362
240 13.314
242 14.081
244 14.368
246 13.754
248 7.069
250 5.229
252 3.655
254 3.758
256 4.230
258 4.062
260 4.148
262 4.232
264 4.576
266 4.446
268 6.797
270 8.784
272 9.703
274 10.155
276 11.339
278 10.899
280 10.879
282 10.950
284 11.330
286 11.682
288 11.919
290 12.319
292 12.919
294 6.399
296 4.098
298 2.427
300 1.262
302 0.337
304 1.259
306 1.029
308 0.536
310 0.896
312 1.449
314 1.675
316 2.242
318 3.615
320 4.944
322 5.892
324 6.282
326 6.457
328 5.720
330 4.387
332 4.683
334 3.078
336 3.540
338 3.169
340 2.756
342 4.464
344 3.379
346 3.758
348 3.355
350 3.438
352 3.910
354 3.660
356 3.953
358 4.089
360 4.375
362 4.347
364 4.701
366 1.459
368 1.394
370 1.457
372 1.469
374 1.680
376 1.818
378 1.965
380 1.460
382 1.742
384 1.763
386 1.998
388 1.788
390 2.169
392 2.599
394 3.048
396 3.343
398 4.148
400 4.606
402 5.364
404 6.195
406 6.246
408 6.081
410 6.602
412 6.888
414 7.343
416 7.689
418 8.089
420 8.559
422 9.037
424 9.504
426 7.204
428 6.086
430 5.986
432 5.955
434 6.476
436 6.526
438 7.019
440 7.290
442 9.322
444 9.838
446 12.050
448 10.778
450 5.154
452 1.997
454 2.264
456 4.509
458 5.494
460 5.144
462 5.621
464 6.160
466 6.547
468 6.162
470 5.993
472 5.927
474 6.599
476 4.142
478 3.070
480 2.611
482 2.437
484 3.002
486 3.335
488 3.878
490 3.110
492 2.310
494 4.019
496 4.642
498 4.689
500 4.940
502 4.660
504 4.230
506 3.889
508 3.652
510 3.312
512 3.115
514 2.543
516 2.932
518 3.053
520 2.747
522 2.116
524 2.481
526 2.326
528 2.498
530 4.145
532 4.877
534 6.132
536 6.419
538 6.842
540 2.542
542 1.815
544 1.854
546 1.623
548 1.949
550 2.608
552 2.547
554 3.521
556 4.256
558 3.792
560 4.221
562 4.286
564 4.562
566 6.149
568 4.550
570 2.516
572 1.862
574 2.682
576 2.698
578 2.478
580 2.880
582 2.176
584 2.258
586 3.675
588 4.261
590 4.693
592 5.001
594 5.006
596 5.118
598 5.394
600 5.685
602 4.689
604 4.206
606 4.232
608 4.383
610 4.854
612 4.501
614 4.688
616 4.705
618 4.831
620 4.848
622 4.829
624 4.981
626 4.432
628 3.403
630 3.496
632 4.321
634 5.315
636 6.173
638 6.514
640 7.363
642 7.613
644 7.705
646 8.053
648 8.130
650 7.824
652 7.965
654 8.094
656 8.633
658 9.166
660 9.588
662 7.953
664 7.593
666 7.698
668 7.488
670 7.163
672 6.704
674 6.063
676 5.684
678 5.909
680 6.317
682 6.710
684 4.843
686 3.577
688 3.422
690 3.497
692 3.825
694 4.475
696 4.112
698 4.009
700 4.141
702 4.668
704 5.325
706 5.342
708 6.042
710 6.859
712 7.116
714 7.242
716 7.043
718 6.168
720 7.504
722 10.143
724 10.769
726 10.028
728 7.933
730 8.256
732 8.667
734 7.907
736 6.601
738 8.456
740 10.141
742 11.967
744 12.340
746 11.732
748 12.518
750 11.941
752 11.821
754 10.565
756 9.724
758 11.717
760 13.145
762 13.071
764 14.105
766 14.326
768 13.349
770 12.400
772 11.906
774 11.849
776 13.118
778 13.140
780 10.671
782 8.246
784 7.488
786 5.867
788 6.185
790 6.348
792 5.679
794 5.679
796 4.700
798 5.074
800 5.780
802 6.412
804 6.940
806 8.772
808 10.134
810 10.974
812 10.403
814 11.222
816 11.978
818 13.417
820 13.046
822 15.182
824 14.586
826 14.205
828 14.803
830 15.787
832 15.989
834 16.268
836 15.152
838 14.842
840 14.633
842 16.196
844 17.637
846 16.782
848 19.507
850 21.542
852 23.860
854 20.428
856 17.703
858 17.343
860 15.236
862 15.209
864 17.904
866 21.349
868 24.792
870 23.986
872 21.798
874 23.555
876 24.707
878 26.761
880 31.239
882 29.859
884 27.834
886 26.612
888 25.343
890 23.725
892 28.675
894 28.424
896 26.030
898 20.669
900 21.072
902 23.926
904 24.888
906 23.055
908 21.606
910 24.549
912 25.233
914 24.688
916 19.050
918 20.725
920 22.398
922 23.560
924 20.437
926 21.913
928 20.006
930 17.680
932 20.483
934 18.317
936 19.353
938 16.385
940 14.784
942 14.976
944 16.432
946 15.892
948 15.437
950 15.180
952 14.807
954 16.086
956 17.167
958 17.829
960 19.533
962 20.208
964 19.338
966 19.037
968 18.710
970 20.210
972 20.085
974 20.004
976 21.475
978 20.450
980 14.702
982 9.159
984 6.656
986 5.141
988 4.078
990 3.632
992 4.864
994 4.874
996 4.189
998 4.279
1000 5.067
0 14.520
2 11.469
4 16.090
6 21.329
8 23.459
10 24.197
12 24.549
14 27.945
16 22.456
18 18.057
20 17.330
22 17.540
24 19.752
26 16.191
28 14.955
30 13.692
32 8.092
34 7.547
36 7.444
38 5.262
40 4.361
42 4.710
44 5.148
46 5.114
48 5.464
50 5.845
52 6.293
54 7.120
56 7.175
58 7.371
60 7.826
62 8.504
64 9.830
66 9.826
68 9.318
70 10.598
72 12.129
74 13.519
76 14.324
78 14.598
80 14.508
82 15.708
84 15.923
86 16.441
88 17.674
90 18.256
92 18.084
94 18.689
96 17.686
98 18.121
100 17.550
102 17.820
104 19.017
106 19.443
108 18.888
110 20.032
112 19.066
114 21.724
116 22.031
118 22.120
120 21.698
122 20.194
124 17.764
126 16.977
128 15.804
130 16.450
132 15.525
134 15.914
136 15.687
138 16.671
140 16.363
142 16.168
144 16.255
146 11.026
148 5.804
150 3.010
152 2.393
154 3.525
156 4.045
158 4.302
160 4.355
162 4.358
164 4.223
166 4.240
168 4.353
170 3.330
172 2.784
174 2.991
176 2.080
178 1.900
180 1.799
182 1.883
184 2.313
186 2.734
188 3.100
190 3.579
192 4.220
194 3.534
196 4.243
198 4.129
200 4.348
202 5.027
204 5.066
206 5.373
208 5.515
210 5.868
212 5.301
214 5.575
216 5.813
218 6.366
220 4.843
222 4.966
224 4.729
226 4.389
228 4.262
230 4.377
232 4.442
234 3.582
236 3.693
238 2.632
240 2.476
242 2.273
244 2.431
246 2.750
248 3.499
250 4.165
252 4.729
254 5.075
256 5.414
258 5.425
260 5.429
262 5.117
264 5.054
266 4.752
268 4.630
270 4.378
272 4.140
274 3.867
276 3.646
278 1.807
280 0.323
282 0.328
284 0.841
286 1.399
288 1.505
290 1.416
292 1.487
294 1.656
296 1.515
298 1.753
300 2.316
302 1.914
304 2.317
306 1.428
308 3.534
310 3.764
312 4.148
314 3.899
316 4.018
318 3.845
320 3.781
322 3.751
324 3.815
326 4.024
328 4.001
330 3.123
332 2.835
334 2.816
336 3.002
338 3.395
340 3.894
342 4.291
344 4.597
346 5.133
348 5.393
350 5.365
352 5.597
354 4.130
356 3.266
358 3.513
360 4.225
362 4.995
364 5.765
366 3.382
368 2.548
370 2.457
372 2.568
374 2.822
376 3.297
378 4.370
380 4.819
382 5.303
384 4.904
386 4.745
388 4.599
390 3.822
392 2.922
394 2.511
396 2.807
398 3.186
400 3.659
402 4.110
404 4.538
406 2.139
408 1.819
410 1.678
412 1.894
414 3.102
416 3.961
418 4.469
420 4.779
422 5.226
424 4.433
426 3.529
428 3.772
430 5.152
432 6.675
434 7.010
436 7.632
438 8.232
440 9.090
442 10.076
444 11.720
446 12.741
448 13.116
450 13.504
452 13.693
454 14.314
456 14.951
458 15.496
460 16.038
462 16.730
464 16.541
466 16.747
468 15.667
470 6.549
472 4.070
474 4.338
476 3.770
478 4.040
480 1.771
482 1.784
484 1.706
486 1.771
488 2.194
490 2.151
492 2.061
494 2.338
496 2.221
498 2.433
500 2.506
502 2.443
504 2.655
506 2.646
508 2.694
510 2.813
512 2.738
514 2.590
516 2.417
518 2.352
520 2.663
522 2.858
524 2.626
526 2.563
528 1.082
530 1.111
532 1.251
534 1.439
536 1.503
538 1.668
540 1.807
542 2.050
544 2.077
546 2.356
548 2.728
550 2.893
552 3.017
554 3.103
556 3.320
558 3.424
560 3.487
562 3.405
564 3.093
566 3.178
568 3.302
570 3.341
572 3.557
574 3.270
576 3.389
578 3.521
580 3.486
582 3.708
584 4.043
586 1.793
588 1.927
590 2.066
592 2.028
594 2.122
596 2.151
598 2.181
600 2.309
602 2.397
604 2.561
606 2.831
608 3.212
610 2.449
612 2.036
614 1.964
616 2.056
618 2.258
620 2.353
622 2.606
624 2.781
626 2.914
628 3.013
630 3.418
632 3.470
634 2.783
636 2.161
638 2.005
640 1.879
642 1.991
644 2.078
646 1.917
648 1.887
650 2.016
652 2.100
654 2.049
656 2.172
658 2.173
660 3.139
662 3.447
664 3.123
666 3.266
668 3.007
670 2.774
672 2.860
674 2.786
676 2.910
678 2.732
680 2.661
682 2.591
684 2.006
686 1.740
688 1.513
690 1.404
692 1.285
694 1.188
696 0.998
698 0.857
700 0.782
702 0.770
704 0.830
706 0.855
708 1.044
710 1.158
712 1.490
714 2.190
716 2.435
718 2.706
720 2.999
722 3.925
724 4.646
726 5.223
728 6.767
730 8.432
732 10.057
734 10.956
736 11.367
738 11.686
740 12.037
742 12.542
744 9.021
746 8.368
748 9.066
750 10.241
752 8.460
754 7.885
756 7.737
758 8.147
760 8.723
762 6.540
764 5.406
766 7.145
768 8.308
770 7.651
772 3.747
774 1.038
776 2.560
778 3.804
780 4.296
782 5.204
784 5.730
786 6.181
788 6.252
790 6.326
792 4.100
794 2.723
796 1.637
798 1.741
800 1.813
802 1.997
804 2.463
806 2.748
808 2.976
810 3.245
812 3.770
814 4.172
816 2.460
818 4.640
820 5.740
822 3.809
824 0.495
826 2.190
828 4.298
830 5.305
832 6.689
834 7.315
836 7.987
838 10.417
840 7.472
842 7.189
844 6.471
846 4.054
848 4.865
850 6.512
852 6.912
854 5.256
856 5.381
858 4.770
860 5.626
862 2.645
864 3.054
866 2.605
868 1.529
870 1.895
872 2.390
874 1.936
876 1.560
878 1.357
880 1.266
882 0.985
884 0.828
886 0.787
888 0.536
890 0.732
892 1.679
894 1.632
896 1.055
898 1.757
900 3.552
902 4.895
904 6.888
906 8.200
908 9.982
910 11.278
912 11.591
914 10.880
916 11.414
918 11.021
920 10.578
922 11.338
924 10.686
926 9.632
928 9.968
930 10.705
932 10.661
934 9.042
936 4.983
938 1.941
940 4.723
942 6.914
944 6.973
946 6.830
948 6.596
950 6.333
952 6.122
954 5.769
956 5.500
958 5.260
960 4.920
962 1.103
964 2.244
966 1.935
968 3.856
970 3.956
972 4.521
974 5.247
976 6.318
978 7.155
980 8.356
982 8.953
984 9.902
986 5.090
988 3.962
990 3.787
992 3.564
994 3.703
996 3.869
998 4.005
1000 4.815
0 32.010
2 27.632
4 28.683
6 28.988
8 19.700
10 19.661
12 18.537
14 18.287
16 17.639
18 14.743
20 10.487
22 10.478
24 8.813
26 8.572
28 8.702
30 10.117
32 11.037
34 10.985
36 11.198
38 10.995
40 10.450
42 10.832
44 11.215
46 10.958
48 11.627
50 11.899
52 11.271
54 11.694
56 12.125
58 12.860
60 12.234
62 12.588
64 13.679
66 14.843
68 15.936
70 17.357
72 17.964
74 19.559
76 19.099
78 20.781
80 20.381
82 21.962
84 22.454
86 22.932
88 22.852
90 20.938
92 21.936
94 22.178
96 24.437
98 23.291
100 24.073
102 26.081
104 25.855
106 27.984
108 27.177
110 28.414
112 28.993
114 28.008
116 29.912
118 29.243
120 28.901
122 31.759
124 32.100
126 32.979
128 33.235
130 34.334
132 34.989
134 33.983
136 25.845
138 19.869
140 14.877
142 12.143
144 10.823
146 12.229
148 9.467
150 6.872
152 7.817
154 7.152
156 7.840
158 6.510
160 6.101
162 5.805
164 4.781
166 4.046
168 4.329
170 4.188
172 4.184
174 4.576
176 4.477
178 4.222
180 4.063
182 4.205
184 4.524
186 4.338
188 4.521
190 4.620
192 4.675
194 4.738
196 4.918
198 5.113
200 5.194
202 5.243
204 5.382
206 5.449
208 5.424
210 5.547
212 5.629
214 5.768
216 5.789
218 5.435
220 5.569
222 5.698
224 5.568
226 5.855
228 6.020
230 6.122
232 6.164
234 6.165
236 4.414
238 4.098
240 4.005
242 4.060
244 4.417
246 4.897
248 5.296
250 5.701
252 6.168
254 6.104
256 5.980
258 6.336
260 6.653
262 6.884
264 7.282
266 7.554
268 6.881
270 9.424
272 11.352
274 13.772
276 14.945
278 16.420
280 10.246
282 7.863
284 6.300
286 5.517
288 6.779
290 6.285
292 6.807
294 7.422
296 8.586
298 8.237
300 10.189
302 10.166
304 10.399
306 9.980
308 10.739
310 12.806
312 16.963
314 19.200
316 19.680
318 19.113
320 18.584
322 18.129
324 17.766
326 13.284
328 8.879
330 3.209
332 4.067
334 6.171
336 6.456
338 5.615
340 6.499
342 6.691
344 6.739
346 6.742
348 6.903
350 7.233
352 7.787
354 8.381
356 9.261
358 7.845
360 9.171
362 11.323
364 12.165
366 12.915
368 13.484
370 14.148
372 14.389
374 14.522
376 16.087
378 15.795
380 16.583
382 14.487
384 11.451
386 12.219
388 11.348
390 11.427
392 9.713
394 7.423
396 7.029
398 7.199
400 7.814
402 6.267
404 6.420
406 6.559
408 6.915
410 7.714
412 7.646
414 8.461
416 9.794
418 10.127
420 9.369
422 8.644
424 7.046
426 6.923
428 7.251
430 7.104
432 8.142
434 9.078
436 10.827
438 11.046
440 9.061
442 8.629
444 8.904
446 4.079
448 2.178
450 0.701
452 0.972
454 1.556
456 1.698
458 2.714
460 3.376
462 3.568
464 2.155
466 1.512
468 1.467
470 1.689
472 2.303
474 2.799
476 3.248
478 3.615
480 4.305
482 3.223
484 2.513
486 1.629
488 1.463
490 1.472
492 1.571
494 1.651
496 1.669
498 1.802
500 1.571
502 1.780
504 1.894
506 1.037
508 1.606
510 0.335
512 0.446
514 0.575
516 0.693
518 0.809
520 1.873
522 1.687
524 1.892
526 1.550
528 1.354
530 1.417
532 1.465
534 1.551
536 1.276
538 1.451
540 1.531
542 1.601
544 2.061
546 1.171
548 1.404
550 1.464
552 1.370
554 0.847
556 0.641
558 0.583
560 2.402
562 2.639
564 3.066
566 3.397
568 3.671
570 3.900
572 4.418
574 4.805
576 5.184
578 3.649
580 3.900
582 4.122
584 3.937
586 3.736
588 3.487
590 3.613
592 3.659
594 3.646
596 4.094
598 4.611
600 4.988
602 3.969
604 4.193
606 2.911
608 2.398
610 1.986
612 1.885
614 2.043
616 2.238
618 2.315
620 2.357
622 2.787
624 3.171
626 2.602
628 2.861
630 3.169
632 3.094
634 3.046
636 3.115
638 3.012
640 3.089
642 3.141
644 3.046
646 3.161
648 3.172
650 3.317
652 2.617
654 2.553
656 2.813
658 2.954
660 3.029
662 3.077
664 3.060
666 2.907
668 2.825
670 2.845
672 2.922
674 1.225
676 0.813
678 1.358
680 1.986
682 3.024
684 3.904
686 6.147
688 7.481
690 8.150
692 8.886
694 10.267
696 9.468
698 7.305
700 6.470
702 5.918
704 5.133
706 4.775
708 4.049
710 4.674
712 5.728
714 6.257
716 5.557
718 5.847
720 6.002
722 5.896
724 3.385
726 2.004
728 1.611
730 1.768
732 2.003
734 2.198
736 2.292
738 2.538
740 3.079
742 3.424
744 4.440
746 4.967
748 5.111
750 5.412
752 5.284
754 5.160
756 4.488
758 4.499
760 4.633
762 2.744
764 2.613
766 2.494
768 2.417
770 2.223
772 2.087
774 1.806
776 1.628
778 1.447
780 2.082
782 1.685
784 2.001
786 1.772
788 2.219
790 2.325
792 2.521
794 2.335
796 2.652
798 1.164
800 1.057
802 0.781
804 0.690
806 0.848
808 0.715
810 0.361
812 0.802
814 1.279
816 2.173
818 2.452
820 3.260
822 2.798
824 2.800
826 2.477
828 2.224
830 1.704
832 2.085
834 2.071
836 2.647
838 1.724
840 1.598
842 1.564
844 1.369
846 1.283
848 1.312
850 1.183
852 2.157
854 3.476
856 3.714
858 4.450
860 4.971
862 5.221
864 5.829
866 5.717
868 5.881
870 5.140
872 5.275
874 1.913
876 1.318
878 0.832
880 0.672
882 0.748
884 0.862
886 0.773
888 0.824
890 0.887
892 0.949
894 0.934
896 0.907
898 0.840
900 2.178
902 2.809
904 3.793
906 3.721
908 4.121
910 3.704
912 3.874
914 3.987
916 4.112
918 2.196
920 1.266
922 0.715
924 0.361
926 0.425
928 0.586
930 0.654
932 1.015
934 1.629
936 1.743
938 1.678
940 2.262
942 2.679
944 2.598
946 3.053
948 3.524
950 0.863
952 1.550
954 1.402
956 1.787
958 0.203
960 0.090
962 0.734
964 0.594
966 0.426
968 0.408
970 0.347
972 0.286
974 0.609
976 1.646
978 1.997
980 2.133
982 2.287
984 2.466
986 2.525
988 2.664
990 2.628
992 2.839
994 1.688
996 1.608
998 1.879
1000 1.691
0 17.256
2 9.551
4 3.964
6 0.992
8 0.680
10 1.013
12 1.370
14 3.239
16 6.624
18 8.022
20 12.455
22 12.282
24 8.070
26 2.153
28 2.393
30 2.127
32 2.112
34 1.961
36 2.298
38 2.776
40 2.609
42 1.065
44 1.833
46 3.067
48 3.585
50 3.961
52 3.941
54 4.100
56 4.175
58 4.520
60 4.585
62 4.600
64 4.742
66 3.918
68 5.408
70 5.500
72 5.569
74 5.361
76 5.179
78 5.111
80 6.187
82 6.557
84 6.921
86 6.654
88 5.611
90 6.072
92 6.247
94 6.244
96 6.248
98 6.643
100 7.074
102 7.875
104 8.114
106 8.459
108 9.021
110 6.675
112 5.264
114 4.744
116 4.151
118 2.741
120 2.494
122 2.710
124 3.548
126 5.526
128 7.227
130 10.307
132 11.287
134 12.433
136 11.751
138 11.449
140 11.111
142 10.581
144 10.071
146 10.400
148 10.333
150 10.713
152 11.013
154 10.666
156 11.020
158 11.455
160 11.949
162 12.336
164 13.828
166 14.459
168 14.275
170 12.796
172 13.125
174 14.065
176 17.853
178 20.081
180 21.705
182 23.287
184 26.058
186 29.011
188 30.681
190 32.749
192 34.382
194 35.434
196 36.824
198 36.091
200 36.357
202 37.920
204 35.305
206 37.104
208 36.762
210 39.416
212 38.558
214 40.177
216 40.361
218 40.325
220 39.951
222 40.526
224 39.318
226 34.615
228 29.841
230 27.814
232 23.299
234 30.550
236 29.721
238 31.014
240 31.687
242 32.655
244 32.183
246 30.076
248 26.579
250 22.515
252 25.577
254 22.233
256 18.808
258 15.855
260 12.670
262 10.559
264 7.060
266 6.351
268 5.960
270 6.667
272 5.386
274 4.008
276 3.601
278 3.600
280 3.172
282 3.117
284 3.295
286 3.479
288 3.474
290 3.621
292 3.889
294 4.133
296 2.419
298 0.227
300 1.355
302 1.605
304 1.561
306 1.747
308 1.928
310 2.274
312 2.645
314 2.944
316 3.354
318 4.027
320 3.364
322 3.796
324 4.491
326 5.457
328 6.181
330 6.748
332 7.299
334 7.957
336 8.233
338 9.314
340 10.133
342 10.335
344 10.369
346 11.564
348 12.157
350 12.399
352 11.880
354 12.492
356 13.779
358 15.144
360 15.799
362 16.308
364 17.077
366 17.600
368 17.344
370 16.516
372 16.297
374 15.700
376 17.248
378 17.726
380 15.219
382 11.648
384 7.555
386 6.321
388 5.263
390 1.437
392 1.312
394 1.998
396 2.459
398 2.881
400 3.453
402 3.840
404 4.458
406 4.610
408 4.856
410 5.327
412 4.500
414 4.001
416 4.195
418 4.040
420 4.083
422 4.200
424 4.008
426 3.996
428 4.202
430 4.063
432 4.329
434 4.684
436 4.735
438 5.209
440 4.251
442 5.044
444 6.347
446 6.195
448 6.430
450 7.380
452 6.999
454 7.279
456 6.977
458 6.637
460 5.945
462 4.545
464 4.600
466 5.118
468 5.255
470 3.435
472 2.435
474 2.305
476 2.649
478 2.766
480 2.778
482 2.666
484 2.667
486 2.650
488 2.832
490 3.089
492 3.003
494 2.705
496 2.959
498 3.219
500 3.384
502 3.599
504 3.784
506 4.061
508 4.263
510 4.451
512 4.477
514 4.435
516 4.548
518 4.596
520 4.769
522 4.827
524 4.846
526 4.799
528 5.069
530 4.127
532 3.310
534 2.529
536 2.529
538 3.199
540 4.442
542 4.996
544 5.264
546 5.944
548 7.077
550 7.690
552 8.610
554 9.323
556 9.677
558 9.711
560 9.977
562 11.019
564 12.166
566 14.553
568 15.696
570 16.625
572 17.560
574 17.864
576 18.640
578 19.162
580 19.264
582 20.449
584 20.637
586 20.497
588 20.237
590 15.621
592 8.454
594 5.941
596 5.505
598 5.343
600 5.392
602 5.478
604 5.813
606 6.270
608 3.558
610 3.788
612 3.771
614 3.358
616 3.845
618 4.496
620 6.275
622 7.960
624 7.783
626 6.529
628 5.417
630 3.989
632 5.243
634 6.233
636 6.749
638 7.638
640 9.068
642 11.374
644 12.297
646 12.120
648 12.882
650 16.547
652 15.987
654 14.422
656 13.582
658 13.477
660 12.446
662 10.899
664 10.047
666 9.384
668 7.293
670 7.103
672 7.607
674 9.269
676 11.459
678 13.413
680 15.315
682 17.120
684 17.942
686 17.881
688 17.049
690 19.850
692 19.521
694 23.346
696 28.538
698 32.813
700 33.183
702 34.713
704 35.065
706 33.807
708 33.807
710 35.099
712 29.129
714 24.405
716 22.578
718 19.531
720 14.814
722 12.203
724 8.912
726 9.633
728 8.042
730 8.239
732 9.043
734 10.026
736 10.358
738 12.161
740 10.777
742 4.298
744 3.264
746 3.622
748 7.420
750 9.211
752 9.331
754 9.631
756 9.880
758 8.813
760 5.957
762 5.812
764 5.915
766 5.982
768 6.417
770 7.261
772 6.418
774 8.400
776 8.577
778 9.179
780 10.203
782 11.471
784 10.933
786 11.213
788 10.332
790 10.506
792 9.809
794 10.311
796 10.925
798 10.204
800 6.837
802 6.385
804 6.566
806 6.706
808 5.122
810 5.407
812 5.775
814 6.302
816 6.646
818 7.067
820 7.469
822 7.818
824 8.204
826 8.500
828 8.829
830 9.185
832 5.985
834 4.758
836 4.984
838 4.977
840 5.160
842 5.328
844 5.235
846 5.073
848 5.085
850 3.610
852 3.297
854 2.932
856 2.832
858 2.844
860 3.509
862 3.745
864 3.702
866 3.074
868 3.385
870 2.186
872 2.159
874 2.141
876 2.254
878 1.464
880 1.733
882 0.520
884 0.995
886 1.425
888 0.898
890 1.531
892 2.279
894 1.647
896 1.222
898 1.063
900 1.480
902 3.741
904 1.165
906 0.664
908 1.080
910 1.390
912 0.702
914 0.148
916 0.221
918 0.367
920 0.732
922 1.275
924 1.677
926 2.003
928 2.033
930 1.957
932 1.976
934 2.117
936 2.022
938 2.432
940 3.380
942 3.810
944 3.519
946 3.505
948 3.754
950 4.109
952 4.895
954 5.604
956 6.325
958 6.791
960 6.783
962 7.426
964 7.883
966 8.101
968 8.228
970 8.626
972 8.856
974 9.163
976 9.595
978 10.135
980 10.601
982 11.071
984 11.426
986 11.473
988 11.821
990 12.343
992 12.617
994 12.986
996 13.065
998 13.310
1000 13.698
0 18.554
2 10.201
4 7.483
6 6.531
8 6.473
10 6.990
12 5.605
14 6.704
16 5.939
18 5.513
20 6.190
22 6.706
24 4.665
26 2.344
28 2.270
30 2.393
32 2.810
34 3.102
36 3.464
38 3.892
40 4.180
42 4.517
44 4.984
46 5.697
48 6.034
50 6.020
52 6.556
54 7.421
56 7.790
58 8.268
60 9.166
62 9.722
64 10.174
66 10.469
68 11.017
70 11.941
72 12.691
74 13.625
76 14.236
78 12.524
80 13.262
82 14.050
84 14.317
86 15.465
88 15.974
90 17.282
92 18.123
94 18.444
96 19.021
98 20.326
100 20.265
102 17.406
104 13.979
106 10.967
108 11.318
110 10.713
112 11.087
114 10.823
116 10.477
118 10.438
120 10.083
122 10.633
124 12.734
126 13.573
128 11.227
130 10.296
132 8.743
134 7.524
136 7.473
138 6.728
140 6.565
142 6.607
144 6.907
146 7.419
148 8.071
150 8.311
152 4.133
154 3.492
156 3.688
158 3.848
160 4.280
162 4.294
164 4.732
166 4.943
168 5.330
170 5.391
172 5.684
174 5.779
176 6.894
178 9.260
180 9.337
182 9.407
184 9.339
186 9.621
188 7.039
190 4.667
192 3.828
194 3.138
196 3.042
198 2.202
200 2.666
202 2.944
204 2.954
206 2.504
208 4.970
210 6.369
212 7.112
214 7.591
216 8.326
218 8.141
220 8.386
222 8.459
224 8.253
226 8.187
228 8.086
230 8.084
232 8.016
234 7.912
236 7.869
238 7.667
240 7.536
242 7.376
244 6.170
246 5.778
248 5.945
250 5.886
252 5.365
254 4.280
256 2.333
258 0.820
260 1.386
262 1.854
264 3.430
266 3.924
268 3.315
270 3.320
272 3.097
274 3.330
276 3.332
278 2.937
280 2.484
282 2.502
284 3.307
286 3.590
288 4.008
290 3.813
292 3.735
294 3.771
296 3.789
298 3.714
300 3.741
302 3.937
304 3.418
306 3.195
308 2.838
310 2.756
312 2.633
314 2.585
316 2.606
318 2.671
320 2.855
322 2.952
324 3.236
326 3.866
328 4.312
330 4.603
332 4.613
334 4.818
336 5.482
338 6.265
340 5.671
342 5.324
344 5.336
346 5.051
348 4.822
350 4.073
352 3.945
354 3.211
356 1.635
358 1.010
360 1.050
362 1.341
364 1.732
366 2.088
368 2.481
370 2.766
372 2.285
374 2.439
376 2.305
378 2.139
380 2.309
382 3.439
384 4.054
386 4.095
388 4.343
390 5.074
392 5.287
394 6.538
396 7.207
398 7.873
400 7.675
402 8.773
404 9.576
406 10.564
408 11.091
410 11.842
412 12.578
414 13.681
416 14.962
418 13.100
420 12.090
422 12.203
424 11.413
426 11.945
428 13.647
430 14.237
432 15.149
434 16.032
436 16.795
438 18.193
440 20.584
442 20.058
444 20.337
446 20.085
448 19.507
450 20.920
452 21.748
454 23.011
456 22.976
458 23.812
460 24.953
462 24.755
464 27.649
466 23.524
468 23.441
470 25.421
472 25.110
474 26.617
476 27.051
478 24.176
480 18.994
482 21.926
484 21.329
486 22.908
488 17.549
490 15.132
492 13.093
494 9.562
496 8.345
498 6.337
500 7.043
502 8.177
504 6.568
506 6.858
508 7.404
510 7.491
512 7.820
514 6.446
516 6.412
518 6.727
520 7.106
522 7.825
524 6.981
526 8.075
528 11.765
530 9.344
532 9.272
534 10.046
536 10.618
538 11.216
540 11.914
542 12.008
544 12.151
546 12.362
548 8.958
550 5.398
552 3.474
554 1.898
556 1.470
558 1.259
560 1.273
562 1.433
564 1.729
566 2.781
568 2.199
570 2.059
572 2.371
574 2.280
576 2.409
578 2.882
580 3.003
582 2.502
584 2.269
586 2.229
588 1.674
590 1.383
592 1.532
594 1.663
596 2.067
598 2.497
600 3.316
602 3.516
604 4.276
606 4.413
608 4.761
610 5.259
612 5.686
614 5.926
616 6.023
618 6.366
620 5.506
622 5.108
624 5.097
626 5.583
628 6.122
630 6.620
632 7.027
634 7.310
636 5.354
638 2.808
640 1.495
642 0.976
644 0.815
646 0.650
648 0.854
650 1.305
652 1.919
654 2.443
656 2.797
658 3.422
660 3.927
662 4.584
664 4.982
666 5.451
668 5.943
670 6.349
672 6.802
674 7.178
676 7.724
678 7.878
680 8.133
682 6.390
684 2.980
686 2.156
688 1.776
690 1.627
692 1.449
694 1.353
696 1.590
698 1.804
700 2.021
702 2.660
704 3.107
706 3.468
708 4.178
710 4.889
712 5.213
714 5.395
716 5.710
718 6.108
720 6.598
722 6.921
724 7.592
726 8.225
728 9.018
730 9.870
732 10.483
734 10.888
736 11.600
738 12.050
740 13.054
742 13.631
744 14.004
746 14.269
748 5.575
750 2.556
752 0.475
754 0.635
756 0.736
758 0.748
760 0.641
762 1.028
764 1.124
766 0.214
768 0.377
770 0.262
772 0.207
774 0.325
776 1.005
778 1.223
780 1.124
782 2.327
784 3.102
786 3.148
788 4.604
790 5.167
792 5.421
794 5.846
796 5.969
798 6.628
800 6.849
802 6.944
804 3.292
806 1.290
808 1.267
810 1.962
812 2.312
814 2.229
816 3.072
818 3.724
820 3.988
822 4.570
824 4.890
826 4.286
828 4.948
830 5.687
832 6.504
834 6.948
836 7.207
838 7.589
840 8.095
842 9.437
844 9.037
846 8.762
848 9.087
850 9.179
852 9.402
854 9.651
856 9.728
858 10.118
860 10.030
862 10.381
864 11.081
866 11.769
868 12.036
870 12.615
872 13.507
874 14.115
876 15.171
878 15.651
880 16.073
882 11.233
884 9.133
886 8.624
888 8.728
890 8.265
892 7.112
894 7.254
896 7.747
898 7.569
900 5.418
902 5.237
904 6.169
906 9.076
908 10.603
910 11.833
912 12.394
914 13.275
916 14.581
918 15.410
920 16.874
922 16.365
924 18.342
926 18.120
928 20.632
930 22.482
932 21.215
934 23.223
936 22.864
938 22.990
940 22.116
942 21.696
944 21.468
946 24.324
948 23.237
950 26.052
952 26.330
954 24.579
956 22.381
958 15.166
960 7.020
962 4.588
964 5.063
966 5.706
968 5.986
970 5.863
972 5.950
974 6.661
976 7.394
978 7.936
980 8.467
982 8.923
984 9.415
986 9.907
988 10.217
990 10.587
992 10.980
994 10.205
996 8.802
998 9.026
1000 9.934
0 28.857
2 20.934
4 15.530
6 13.977
8 12.757
10 12.577
12 12.793
14 13.273
16 13.644
18 14.074
20 11.631
22 10.543
24 9.309
26 8.582
28 8.645
30 9.093
32 8.999
34 8.574
36 8.891
38 9.904
40 10.824
42 10.699
44 10.849
46 11.035
48 10.599
50 8.234
52 6.077
54 5.108
56 5.013
58 4.992
60 5.076
62 5.172
64 5.094
66 5.131
68 5.136
70 5.220
72 5.344
74 5.226
76 5.701
78 6.329
80 7.215
82 7.508
84 7.978
86 8.362
88 8.722
90 8.995
92 8.995
94 9.240
96 9.039
98 8.633
100 6.916
102 5.351
104 4.278
106 2.876
108 2.492
110 2.352
112 2.289
114 2.383
116 2.295
118 2.325
120 2.311
122 1.720
124 3.452
126 4.867
128 5.959
130 6.735
132 7.246
134 7.725
136 8.146
138 8.618
140 9.031
142 9.300
144 9.549
146 7.564
148 5.100
150 3.849
152 3.214
154 3.314
156 3.357
158 3.755
160 3.898
162 4.187
164 4.448
166 4.517
168 4.739
170 4.927
172 5.211
174 5.581
176 5.783
178 6.198
180 6.413
182 6.692
184 7.077
186 7.308
188 7.598
190 7.944
192 8.295
194 8.546
196 8.952
198 7.086
200 5.185
202 4.659
204 5.402
206 5.470
208 5.492
210 5.641
212 5.702
214 5.593
216 5.728
218 5.765
220 5.649
222 5.637
224 5.667
226 3.214
228 2.666
230 3.048
232 3.452
234 3.941
236 4.209
238 4.628
240 4.935
242 5.327
244 5.683
246 6.029
248 6.270
250 6.628
252 7.122
254 5.043
256 4.897
258 4.875
260 5.380
262 5.691
264 6.083
266 6.610
268 6.908
270 7.294
272 7.822
274 8.195
276 8.623
278 8.898
280 6.017
282 5.498
284 4.872
286 4.006
288 4.116
290 4.187
292 4.214
294 4.410
296 4.888
298 4.950
300 5.527
302 5.957
304 4.798
306 2.343
308 0.371
310 0.141
312 0.850
314 0.372
316 0.383
318 0.468
320 0.718
322 0.997
324 1.271
326 1.526
328 2.204
330 2.935
332 3.896
334 4.652
336 5.431
338 5.908
340 6.109
342 6.308
344 6.622
346 6.646
348 6.836
350 7.127
352 7.281
354 7.418
356 7.640
358 7.884
360 8.103
362 8.401
364 6.124
366 4.582
368 4.207
370 4.239
372 4.129
374 4.324
376 4.306
378 4.603
380 4.638
382 4.879
384 5.254
386 5.664
388 5.717
390 5.877
392 6.089
394 6.371
396 6.516
398 3.386
400 1.600
402 1.725
404 1.963
406 2.091
408 1.918
410 1.571
412 0.967
414 0.798
416 0.811
418 1.110
420 1.367
422 1.648
424 2.147
426 2.851
428 3.463
430 4.071
432 4.354
434 4.836
436 5.432
438 6.301
440 6.277
442 6.305
444 6.627
446 7.302
448 7.736
450 7.965
452 8.695
454 9.521
456 7.962
458 7.934
460 6.780
462 6.731
464 6.365
466 5.985
468 5.533
470 5.654
472 5.665
474 5.923
476 6.422
478 5.992
480 6.560
482 7.046
484 7.685
486 8.085
488 8.420
490 8.773
492 9.324
494 9.647
496 9.743
498 10.057
500 10.300
502 10.733
504 11.227
506 11.265
508 8.663
510 8.874
512 8.201
514 7.308
516 7.700
518 9.487
520 9.793
522 10.435
524 8.771
526 8.271
528 6.611
530 5.279
532 4.783
534 3.364
536 3.008
538 4.859
540 6.744
542 8.288
544 8.867
546 9.235
548 9.476
550 9.802
552 10.195
554 10.487
556 10.730
558 8.337
560 5.084
562 2.221
564 1.918
566 1.718
568 2.145
570 2.032
572 1.582
574 2.023
576 2.240
578 2.682
580 2.097
582 1.375
584 1.006
586 1.142
588 1.401
590 1.798
592 2.212
594 2.616
596 3.198
598 3.752
600 4.273
602 5.410
604 6.215
606 6.909
608 7.687
610 8.218
612 8.512
614 10.499
616 10.615
618 10.345
620 9.513
622 9.236
624 8.724
626 8.303
628 7.865
630 7.636
632 7.550
634 7.311
636 7.333
638 7.538
640 7.583
642 7.799
644 5.320
646 4.025
648 4.523
650 6.012
652 6.276
654 6.453
656 6.242
658 6.122
660 6.185
662 6.003
664 5.390
666 4.480
668 3.509
670 3.240
672 2.617
674 2.337
676 2.351
678 2.491
680 2.422
682 1.972
684 1.886
686 2.334
688 1.786
690 1.799
692 1.093
694 1.246
696 2.057
698 2.438
700 2.236
702 1.893
704 1.783
706 1.894
708 1.930
710 1.454
712 1.443
714 1.736
716 0.721
718 1.015
720 1.561
722 1.970
724 1.785
726 1.562
728 1.040
730 0.667
732 0.730
734 0.557
736 0.456
738 0.578
740 0.994
742 1.478
744 1.417
746 3.191
748 4.277
750 5.062
752 6.108
754 6.674
756 7.346
758 7.605
760 8.182
762 8.900
764 5.374
766 5.009
768 3.800
770 3.806
772 4.210
774 4.921
776 6.738
778 6.360
780 6.838
782 6.975
784 7.085
786 5.324
788 3.874
790 3.462
792 3.348
794 3.103
796 2.618
798 2.552
800 2.800
802 2.755
804 3.001
806 3.059
808 3.295
810 3.653
812 3.902
814 3.924
816 4.174
818 3.282
820 1.697
822 1.367
824 1.076
826 0.950
828 0.919
830 0.957
832 1.251
834 1.413
836 1.516
838 1.924
840 2.012
842 2.342
844 2.813
846 1.770
848 2.040
850 2.334
852 2.555
854 2.404
856 3.409
858 2.271
860 2.573
862 0.757
864 5.704
866 7.885
868 8.135
870 8.796
872 8.711
874 8.581
876 8.433
878 8.164
880 6.655
882 3.755
884 2.431
886 2.079
888 3.158
890 2.793
892 2.851
894 3.010
896 3.274
898 3.927
900 4.385
902 5.318
904 5.756
906 6.051
908 6.467
910 6.859
912 5.293
914 2.614
916 2.277
918 2.716
920 3.064
922 3.482
924 3.739
926 3.901
928 3.974
930 3.862
932 2.990
934 2.251
936 2.160
938 2.033
940 1.883
942 1.921
944 1.673
946 1.516
948 1.450
950 1.556
952 0.364
954 0.804
956 1.342
958 1.835
960 1.959
962 2.192
964 2.749
966 3.349
968 3.499
970 3.867
972 3.955
974 4.091
976 4.795
978 4.991
980 4.875
982 5.279
984 5.516
986 6.449
988 7.408
990 8.384
992 9.415
994 10.351
996 10.840
998 11.269
1000 11.910
0 37.630
2 20.497
4 11.706
6 8.554
8 5.355
10 5.048
12 5.127
14 5.858
16 6.491
18 7.165
20 7.913
22 8.301
24 7.897
26 7.193
28 6.905
30 6.647
32 6.549
34 6.393
36 6.384
38 6.502
40 6.384
42 6.469
44 6.573
46 6.676
48 6.773
50 6.947
52 7.144
54 7.253
56 7.505
58 7.905
60 8.161
62 8.448
64 8.787
66 8.929
68 9.302
70 9.550
72 9.917
74 10.189
76 10.508
78 10.834
80 7.119
82 5.187
84 4.089
86 4.787
88 4.306
90 4.205
92 4.382
94 4.824
96 5.140
98 5.484
100 6.067
102 7.077
104 7.288
106 8.271
108 9.200
110 9.646
112 10.252
114 11.055
116 11.426
118 11.818
120 12.274
122 12.575
124 11.009
126 8.745
128 6.691
130 5.515
132 5.207
134 6.006
136 6.346
138 6.076
140 6.150
142 6.594
144 6.855
146 7.133
148 7.431
150 7.803
152 8.012
154 8.238
156 8.680
158 9.503
160 9.805
162 9.126
164 8.507
166 7.972
168 8.336
170 9.037
172 10.080
174 9.749
176 9.872
178 12.125
180 11.759
182 11.722
184 9.995
186 7.553
188 5.140
190 4.037
192 3.519
194 2.924
196 2.647
198 2.784
200 3.085
202 3.133
204 3.363
206 3.471
208 3.624
210 3.837
212 4.368
214 4.890
216 3.573
218 7.512
220 9.585
222 10.243
224 11.090
226 11.118
228 11.845
230 11.951
232 11.992
234 11.893
236 11.833
238 10.744
240 8.930
242 8.229
244 6.962
246 6.676
248 6.309
250 6.050
252 5.888
254 5.671
256 5.428
258 4.367
260 3.814
262 3.398
264 3.019
266 2.656
268 2.627
270 2.301
272 2.134
274 2.097
276 2.526
278 2.716
280 1.554
282 1.570
284 1.721
286 2.076
288 2.368
290 2.883
292 3.633
294 4.007
296 4.503
298 4.885
300 5.500
302 7.148
304 8.730
306 9.839
308 10.668
310 11.474
312 12.059
314 12.582
316 13.084
318 13.531
320 13.942
322 14.104
324 11.016
326 7.390
328 5.342
330 2.994
332 2.810
334 2.889
336 3.118
338 3.167
340 2.643
342 2.881
344 2.858
346 2.948
348 3.128
350 4.681
352 5.572
354 6.429
356 7.297
358 8.126
360 8.651
362 9.387
364 9.889
366 10.527
368 11.030
370 9.152
372 7.024
374 5.362
376 4.761
378 4.166
380 3.878
382 4.253
384 4.249
386 4.174
388 4.091
390 1.957
392 2.042
394 2.649
396 3.295
398 3.630
400 4.172
402 4.366
404 4.705
406 4.895
408 5.105
410 5.259
412 5.663
414 5.899
416 6.256
418 6.452
420 3.826
422 3.041
424 5.061
426 6.889
428 7.977
430 8.145
432 7.870
434 7.994
436 8.348
438 8.508
440 8.522
442 8.524
444 8.535
446 8.457
448 8.215
450 6.813
452 5.844
454 5.289
456 4.945
458 4.696
460 4.560
462 4.535
464 4.487
466 4.485
468 4.511
470 4.560
472 4.578
474 4.749
476 4.904
478 5.060
480 5.235
482 5.404
484 5.484
486 1.562
488 2.531
490 4.559
492 5.816
494 6.423
496 6.899
498 5.206
500 3.962
502 3.886
504 3.841
506 4.506
508 5.025
510 5.755
512 6.276
514 7.361
516 7.209
518 6.925
520 7.119
522 7.169
524 7.376
526 7.581
528 7.718
530 7.983
532 8.182
534 8.355
536 8.484
538 8.790
540 9.158
542 9.387
544 9.867
546 6.188
548 3.820
550 2.237
552 1.409
554 1.136
556 1.279
558 1.456
560 1.845
562 2.245
564 2.594
566 2.936
568 3.430
570 4.397
572 5.245
574 5.775
576 6.355
578 6.916
580 7.292
582 7.562
584 7.857
586 8.324
588 8.678
590 9.114
592 7.869
594 6.287
596 4.892
598 4.043
600 4.181
602 4.822
604 5.392
606 5.638
608 5.955
610 6.315
612 6.802
614 6.122
616 4.856
618 4.945
620 4.594
622 5.069
624 4.946
626 5.199
628 6.184
630 6.999
632 1.750
634 2.032
636 3.895
638 4.727
640 5.375
642 5.647
644 6.310
646 7.110
648 7.019
650 7.514
652 7.209
654 7.395
656 7.305
658 5.635
660 2.603
662 0.660
664 0.709
666 1.576
668 2.434
670 3.013
672 3.226
674 3.503
676 3.653
678 3.900
680 4.062
682 4.193
684 4.394
686 3.957
688 3.900
690 3.970
692 3.938
694 4.257
696 4.580
698 4.832
700 5.221
702 5.652
704 6.008
706 6.480
708 6.913
710 3.941
712 2.248
714 1.713
716 1.498
718 1.329
720 1.420
722 1.311
724 0.979
726 1.234
728 1.522
730 2.724
732 3.477
734 4.138
736 4.692
738 5.111
740 5.377
742 5.658
744 5.793
746 6.008
748 6.144
750 6.360
752 6.518
754 6.654
756 6.739
758 6.933
760 7.161
762 7.363
764 7.498
766 7.682
768 7.904
770 6.839
772 6.681
774 7.598
776 8.613
778 8.721
780 9.181
782 9.566
784 9.499
786 9.572
788 9.505
790 9.778
792 9.798
794 9.875
796 9.918
798 6.314
800 3.978
802 3.522
804 3.429
806 3.519
808 3.514
810 3.302
812 3.096
814 3.112
816 3.053
818 2.948
820 2.885
822 2.802
824 2.733
826 2.746
828 2.731
830 2.774
832 3.010
834 5.232
836 6.801
838 7.450
840 8.200
842 9.056
844 9.651
846 10.310
848 10.873
850 11.336
852 11.747
854 12.576
856 6.041
858 3.596
860 2.338
862 1.389
864 1.924
866 2.850
868 3.036
870 2.443
872 2.985
874 2.976
876 1.808
878 2.106
880 2.882
882 3.626
884 4.625
886 5.317
888 6.516
890 6.886
892 6.954
894 7.221
896 7.441
898 7.710
900 8.066
902 8.679
904 9.004
906 9.289
908 9.668
910 10.027
912 7.557
914 5.691
916 5.497
918 5.640
920 5.714
922 5.994
924 6.156
926 6.308
928 6.365
930 6.403
932 6.419
934 6.431
936 6.533
938 6.656
940 6.876
942 7.158
944 6.567
946 6.252
948 6.282
950 6.255
952 7.065
954 7.561
956 7.807
958 6.407
960 3.929
962 4.013
964 3.980
966 3.693
968 3.559
970 3.648
972 3.714
974 2.288
976 1.622
978 1.687
980 1.547
982 1.492
984 1.528
986 1.247
988 0.923
990 0.858
992 0.959
994 1.293
996 3.985
998 5.215
1000 6.849
0 34.420
2 25.266
4 16.217
6 12.848
8 11.482
10 10.339
12 9.173
14 10.103
16 10.902
18 11.195
20 5.823
22 3.575
24 2.496
26 3.052
28 3.466
30 3.663
32 3.387
34 3.295
36 2.952
38 2.718
40 2.668
42 2.014
44 1.616
46 2.247
48 3.417
50 4.217
52 4.839
54 5.533
56 5.930
58 6.451
60 6.972
62 7.365
64 7.633
66 7.944
68 4.334
70 3.948
72 4.581
74 4.795
76 4.936
78 4.836
80 4.880
82 4.619
84 4.028
86 3.747
88 3.429
90 3.053
92 2.749
94 2.824
96 2.895
98 3.336
100 3.356
102 3.428
104 3.366
106 3.523
108 3.712
110 3.849
112 3.855
114 3.974
116 4.369
118 4.152
120 3.953
122 4.231
124 4.413
126 4.399
128 4.445
130 4.373
132 4.324
134 4.328
136 4.276
138 4.303
140 4.262
142 3.893
144 3.611
146 3.417
148 3.375
150 3.435
152 3.695
154 3.881
156 4.011
158 4.227
160 4.397
162 4.627
164 4.892
166 5.805
168 6.640
170 7.840
172 8.574
174 9.050
176 9.201
178 9.550
180 9.832
182 10.183
184 10.604
186 8.235
188 5.395
190 4.294
192 3.861
194 4.173
196 4.386
198 4.637
200 4.969
202 5.039
204 5.558
206 5.663
208 5.859
210 6.027
212 6.258
214 6.662
216 6.990
218 7.439
220 7.791
222 8.012
224 5.321
226 3.683
228 2.880
230 2.816
232 2.573
234 2.532
236 2.699
238 2.822
240 3.132
242 3.367
244 3.770
246 4.056
248 4.627
250 5.473
252 6.338
254 6.672
256 6.989
258 7.374
260 7.616
262 7.255
264 7.809
266 8.164
268 8.270
270 8.705
272 9.207
274 9.999
276 10.373
278 10.533
280 10.774
282 11.225
284 5.055
286 3.841
288 4.625
290 5.137
292 5.932
294 7.053
296 7.259
298 7.229
300 6.712
302 6.857
304 6.816
306 6.965
308 6.941
310 6.943
312 6.995
314 6.979
316 7.001
318 7.094
320 7.304
322 7.762
324 8.040
326 8.739
328 9.104
330 9.486
332 9.772
334 10.022
336 10.603
338 10.992
340 11.248
342 9.292
344 5.581
346 4.757
348 4.677
350 4.326
352 4.422
354 4.391
356 4.938
358 5.062
360 5.380
362 5.767
364 4.661
366 3.154
368 2.589
370 2.529
372 2.522
374 2.562
376 2.677
378 3.004
380 3.410
382 3.610
384 3.832
386 4.207
388 2.449
390 3.211
392 4.446
394 5.326
396 6.021
398 6.243
400 6.363
402 6.469
404 6.479
406 6.585
408 6.676
410 3.730
412 2.078
414 1.676
416 2.256
418 2.779
420 3.105
422 3.490
424 3.607
426 3.956
428 4.153
430 4.627
432 4.918
434 5.447
436 5.647
438 5.681
440 5.878
442 6.156
444 6.512
446 6.676
448 6.849
450 6.116
452 5.645
454 5.868
456 6.128
458 6.386
460 6.682
462 6.949
464 7.362
466 7.932
468 8.432
470 8.758
472 9.652
474 7.580
476 6.951
478 6.690
480 6.537
482 6.349
484 6.442
486 6.274
488 6.649
490 7.029
492 7.368
494 7.648
496 3.924
498 2.042
500 1.647
502 2.077
504 2.675
506 3.493
508 2.195
510 2.101
512 3.047
514 3.253
516 3.863
518 4.111
520 4.351
522 4.480
524 4.617
526 1.347
528 2.340
530 3.716
532 4.317
534 4.982
536 5.280
538 5.649
540 5.907
542 6.228
544 6.361
546 6.125
548 5.547
550 5.300
552 5.168
554 5.253
556 3.201
558 4.876
560 4.472
562 3.798
564 3.702
566 3.518
568 3.573
570 3.661
572 3.915
574 4.212
576 4.351
578 4.816
580 5.252
582 3.085
584 3.586
586 3.676
588 4.263
590 4.701
592 5.246
594 4.513
596 5.018
598 5.675
600 5.849
602 6.209
604 6.280
606 6.333
608 6.334
610 6.414
612 6.529
614 6.435
616 3.854
618 3.763
620 4.606
622 5.224
624 6.210
626 6.180
628 7.529
630 8.101
632 8.468
634 9.110
636 9.485
638 9.790
640 9.866
642 10.067
644 10.286
646 10.596
648 10.830
650 8.527
652 7.076
654 6.121
656 5.878
658 6.011
660 6.493
662 6.965
664 7.170
666 7.559
668 7.854
670 8.127
672 9.608
674 10.763
676 11.707
678 12.432
680 13.534
682 14.145
684 14.659
686 15.371
688 15.993
690 16.457
692 16.969
694 10.846
696 6.972
698 4.372
700 3.248
702 1.775
704 1.042
706 1.029
708 0.905
710 0.736
712 0.734
714 0.737
716 0.893
718 1.068
720 2.605
722 4.065
724 4.793
726 5.349
728 5.880
730 6.254
732 6.406
734 6.626
736 7.044
738 7.279
740 7.669
742 8.243
744 7.493
746 7.411
748 7.747
750 7.994
752 8.458
754 8.700
756 9.044
758 9.511
760 9.895
762 6.078
764 2.721
766 1.728
768 1.454
770 1.379
772 1.743
774 1.802
776 2.638
778 2.554
780 1.456
782 1.837
784 1.272
786 0.910
788 1.054
790 1.076
792 0.926
794 0.837
796 0.917
798 0.934
800 0.988
802 2.315
804 4.882
806 6.679
808 7.778
810 9.041
812 9.683
814 10.148
816 6.876
818 6.025
820 6.426
822 7.693
824 8.354
826 9.067
828 10.100
830 10.161
832 11.156
834 11.882
836 12.126
838 12.495
840 12.888
842 12.868
844 11.808
846 11.630
848 11.409
850 11.420
852 11.376
854 11.241
856 11.362
858 11.490
860 11.574
862 11.712
864 11.803
866 11.888
868 12.115
870 12.127
872 12.272
874 12.358
876 12.514
878 12.619
880 12.753
882 12.952
884 13.170
886 13.319
888 9.116
890 7.282
892 6.848
894 6.499
896 6.275
898 6.071
900 5.958
902 5.833
904 5.653
906 5.539
908 5.385
910 5.274
912 5.093
914 4.941
916 4.812
918 4.664
920 4.468
922 4.345
924 4.181
926 0.427
928 2.625
930 3.828
932 4.941
934 6.071
936 7.663
938 8.781
940 9.425
942 9.026
944 8.868
946 9.384
948 9.350
950 9.563
952 9.280
954 6.930
956 5.270
958 4.794
960 4.541
962 4.446
964 4.345
966 4.338
968 4.277
970 4.227
972 4.273
974 4.254
976 4.321
978 4.297
980 4.371
982 4.438
984 4.492
986 4.566
988 4.621
990 2.915
992 2.679
994 2.748
996 2.624
998 2.278
1000 1.981
0 28.244
2 22.286
4 18.365
6 16.524
8 12.999
10 10.692
12 8.147
14 6.194
16 4.876
18 4.095
20 3.426
22 1.822
24 0.506
26 0.167
28 2.179
30 3.068
32 2.913
34 3.576
36 3.795
38 3.343
40 4.481
42 4.458
44 5.412
46 6.453
48 6.361
50 7.295
52 8.729
54 9.436
56 9.780
58 9.822
60 10.751
62 11.525
64 12.297
66 12.907
68 13.796
70 13.399
72 11.442
74 9.162
76 9.574
78 8.137
80 6.581
82 5.349
84 4.855
86 4.846
88 4.887
90 5.186
92 5.299
94 4.466
96 4.502
98 3.608
100 3.790
102 4.333
104 4.225
106 4.851
108 4.465
110 4.595
112 4.387
114 4.586
116 4.936
118 5.027
120 5.200
122 5.537
124 5.675
126 5.537
128 6.044
130 6.159
132 6.485
134 6.773
136 7.257
138 7.354
140 7.217
142 7.163
144 6.959
146 7.400
148 7.461
150 7.603
152 7.308
154 7.102
156 6.342
158 6.222
160 6.123
162 6.345
164 6.276
166 6.333
168 6.530
170 6.866
172 7.262
174 7.481
176 7.868
178 8.235
180 8.608
182 8.069
184 7.093
186 6.863
188 6.603
190 6.318
192 6.083
194 6.142
196 6.086
198 6.101
200 6.222
202 6.669
204 5.791
206 4.630
208 3.947
210 2.975
212 2.628
214 3.020
216 3.218
218 3.591
220 3.331
222 3.810
224 3.587
226 3.834
228 3.855
230 3.355
232 2.547
234 2.844
236 3.916
238 4.258
240 5.175
242 4.402
244 4.621
246 4.695
248 4.024
250 3.696
252 3.470
254 3.240
256 2.691
258 2.399
260 2.323
262 2.159
264 2.065
266 1.638
268 1.379
270 1.095
272 0.902
274 1.312
276 2.040
278 2.392
280 2.545
282 2.990
284 3.243
286 3.533
288 3.874
290 4.660
292 5.112
294 5.677
296 6.136
298 6.409
300 6.804
302 7.482
304 8.107
306 8.622
308 8.595
310 8.814
312 8.868
314 9.274
316 9.138
318 8.150
320 6.605
322 6.210
324 5.706
326 5.789
328 5.889
330 5.860
332 5.847
334 6.753
336 6.986
338 7.308
340 7.042
342 7.461
344 8.002
346 8.485
348 8.783
350 9.422
352 9.735
354 10.217
356 10.519
358 8.537
360 7.847
362 7.547
364 7.523
366 7.846
368 7.793
370 7.641
372 8.540
374 9.124
376 9.370
378 9.912
380 10.056
382 10.295
384 10.223
386 9.331
388 8.208
390 6.350
392 4.684
394 3.987
396 4.233
398 4.866
400 5.097
402 5.797
404 6.427
406 6.363
408 4.475
410 3.007
412 2.591
414 2.625
416 2.381
418 2.005
420 2.058
422 2.743
424 3.733
426 3.968
428 4.285
430 4.755
432 5.091
434 5.635
436 6.480
438 7.044
440 6.766
442 6.553
444 6.662
446 7.070
448 7.589
450 7.458
452 7.643
454 7.923
456 7.449
458 7.864
460 8.197
462 5.947
464 3.268
466 2.047
468 0.397
470 1.699
472 1.798
474 2.254
476 2.687
478 0.699
480 1.409
482 3.301
484 3.109
486 4.265
488 4.921
490 5.844
492 6.462
494 6.868
496 7.316
498 7.458
500 7.837
502 8.144
504 8.476
506 7.412
508 5.465
510 4.101
512 3.164
514 1.808
516 1.737
518 1.538
520 0.862
522 0.930
524 1.023
526 1.315
528 1.406
530 1.478
532 1.514
534 1.786
536 1.837
538 2.178
540 1.900
542 1.577
544 1.678
546 1.675
548 2.073
550 2.427
552 2.265
554 2.227
556 2.167
558 2.470
560 2.538
562 2.773
564 3.100
566 3.743
568 4.141
570 2.814
572 2.919
574 3.402
576 3.822
578 4.171
580 4.731
582 4.743
584 5.089
586 5.246
588 5.912
590 6.115
592 6.217
594 6.332
596 6.919
598 6.334
600 5.719
602 5.036
604 4.163
606 3.858
608 3.037
610 3.030
612 3.718
614 4.224
616 4.912
618 5.168
620 5.989
622 5.783
624 6.081
626 5.774
628 6.408
630 7.090
632 7.434
634 6.845
636 6.442
638 6.881
640 7.888
642 5.983
644 5.048
646 5.004
648 3.983
650 2.746
652 2.164
654 1.906
656 1.462
658 1.555
660 1.970
662 2.147
664 2.081
666 1.998
668 2.166
670 2.313
672 1.498
674 1.407
676 1.647
678 1.965
680 2.226
682 2.420
684 2.543
686 2.782
688 2.985
690 3.218
692 3.366
694 3.470
696 3.589
698 4.096
700 4.134
702 3.720
704 3.516
706 3.217
708 3.427
710 3.708
712 4.021
714 4.354
716 5.031
718 5.827
720 6.153
722 4.589
724 3.618
726 2.608
728 4.443
730 3.977
732 2.856
734 2.184
736 2.783
738 2.476
740 2.584
742 2.623
744 2.710
746 2.065
748 1.152
750 1.017
752 1.212
754 1.472
756 1.857
758 2.232
760 2.598
762 2.800
764 2.639
766 3.184
768 3.471
770 3.711
772 4.124
774 4.485
776 4.774
778 5.130
780 4.728
782 4.535
784 4.599
786 4.768
788 5.162
790 5.579
792 6.011
794 7.986
796 8.154
798 6.941
800 6.158
802 5.245
804 4.533
806 3.792
808 3.969
810 4.260
812 3.885
814 4.333
816 4.174
818 4.576
820 4.768
822 5.251
824 5.634
826 5.734
828 5.838
830 5.396
832 4.958
834 5.019
836 4.863
838 5.150
840 5.094
842 5.366
844 5.317
846 4.959
848 5.101
850 5.035
852 5.266
854 5.459
856 5.752
858 5.960
860 6.935
862 7.482
864 7.870
866 8.355
868 8.613
870 8.993
872 9.336
874 9.642
876 9.792
878 10.261
880 10.556
882 10.831
884 11.214
886 11.464
888 11.635
890 9.853
892 9.432
894 8.541
896 7.786
898 7.220
900 7.174
902 6.053
904 5.746
906 3.562
908 3.610
910 2.696
912 2.389
914 2.501
916 2.185
918 1.304
920 1.294
922 1.547
924 1.764
926 1.915
928 1.926
930 2.571
932 3.436
934 3.922
936 4.475
938 5.256
940 6.004
942 6.751
944 7.069
946 6.290
948 5.726
950 5.323
952 5.064
954 6.896
956 7.133
958 7.075
960 7.377
962 8.573
964 9.121
966 8.769
968 9.060
970 8.944
972 9.054
974 9.671
976 8.919
978 9.620
980 9.627
982 9.626
984 9.243
986 8.224
988 7.187
990 6.895
992 7.229
994 7.525
996 7.434
998 7.873
1000 8.245
0 15.007
2 13.246
4 10.101
6 8.202
8 6.627
10 6.011
12 5.377
14 4.642
16 4.397
18 4.020
20 3.890
22 3.638
24 3.200
26 2.950
28 3.031
30 1.733
32 1.376
34 1.294
36 0.763
38 1.054
40 1.021
42 1.737
44 2.121
46 2.870
48 3.312
50 3.076
52 3.442
54 3.645
56 3.792
58 3.816
60 3.717
62 3.667
64 3.681
66 3.748
68 3.753
70 4.019
72 4.268
74 4.004
76 4.095
78 3.572
80 3.316
82 3.318
84 3.157
86 3.341
88 3.475
90 4.112
92 4.376
94 3.548
96 2.793
98 2.277
100 2.953
102 2.946
104 3.015
106 2.981
108 3.269
110 3.577
112 3.292
114 3.582
116 5.353
118 5.819
120 6.388
122 5.817
124 7.271
126 7.462
128 5.794
130 4.111
132 3.470
134 2.769
136 2.506
138 2.998
140 2.895
142 3.543
144 2.955
146 2.662
148 2.174
150 1.905
152 1.833
154 1.913
156 1.596
158 1.625
160 1.925
162 2.321
164 3.255
166 4.514
168 5.725
170 7.331
172 8.289
174 8.849
176 9.190
178 9.626
180 10.489
182 8.393
184 7.761
186 7.018
188 6.423
190 6.357
192 5.683
194 5.565
196 5.932
198 6.073
200 6.727
202 5.992
204 6.256
206 7.414
208 7.281
210 7.493
212 7.809
214 7.016
216 5.570
218 4.707
220 3.452
222 3.773
224 3.631
226 3.163
228 3.397
230 3.932
232 4.835
234 4.772
236 5.302
238 5.326
240 6.154
242 5.254
244 5.285
246 5.369
248 6.107
250 6.476
252 7.703
254 7.817
256 7.646
258 8.371
260 9.885
262 10.000
264 9.845
266 8.371
268 7.971
270 7.365
272 7.050
274 6.869
276 6.787
278 6.982
280 7.081
282 7.388
284 7.762
286 7.925
288 8.246
290 7.178
292 5.207
294 3.607
296 3.003
298 2.630
300 2.584
302 1.907
304 1.912
306 2.259
308 2.468
310 2.584
312 2.931
314 3.672
316 4.082
318 4.331
320 4.647
322 5.097
324 4.833
326 5.160
328 4.967
330 5.479
332 5.538
334 5.376
336 5.288
338 5.768
340 5.051
342 4.405
344 4.438
346 4.449
348 4.605
350 4.656
352 5.155
354 5.049
356 5.569
358 5.792
360 5.974
362 5.915
364 6.269
366 6.578
368 6.736
370 6.864
372 6.859
374 7.132
376 7.265
378 7.428
380 7.449
382 8.048
384 8.263
386 8.551
388 9.120
390 9.130
392 9.553
394 10.041
396 10.440
398 10.787
400 11.078
402 11.079
404 11.480
406 11.632
408 11.141
410 11.215
412 11.134
414 10.937
416 10.907
418 10.541
420 10.727
422 11.226
424 11.028
426 10.457
428 9.066
430 7.906
432 6.975
434 6.496
436 6.265
438 5.052
440 4.751
442 4.148
444 3.787
446 3.671
448 3.563
450 3.682
452 3.630
454 3.736
456 3.748
458 3.650
460 3.881
462 4.085
464 4.489
466 4.827
468 5.248
470 4.459
472 4.867
474 6.182
476 7.772
478 9.764
480 10.488
482 11.219
484 11.629
486 12.662
488 12.771
490 13.695
492 14.195
494 15.340
496 14.288
498 11.858
500 10.679
502 9.497
504 7.906
506 7.488
508 7.742
510 6.396
512 5.759
514 5.241
516 5.022
518 5.092
520 4.551
522 1.631
524 0.660
526 1.700
528 2.473
530 2.717
532 2.876
534 3.775
536 3.302
538 3.324
540 3.125
542 2.637
544 2.509
546 2.201
548 1.286
550 1.005
552 1.406
554 1.979
556 2.524
558 2.784
560 3.429
562 3.918
564 4.154
566 4.941
568 5.668
570 6.135
572 6.380
574 6.572
576 6.696
578 7.210
580 7.694
582 8.437
584 9.304
586 9.916
588 9.550
590 10.619
592 10.941
594 10.168
596 8.477
598 6.370
600 5.637
602 4.725
604 4.516
606 5.238
608 5.162
610 5.175
612 4.989
614 5.551
616 5.176
618 5.096
620 5.055
622 5.006
624 5.216
626 5.304
628 5.765
630 5.983
632 6.186
634 6.592
636 6.824
638 6.861
640 6.696
642 6.710
644 7.065
646 7.484
648 7.058
650 6.334
652 6.004
654 6.060
656 6.126
658 6.254
660 6.196
662 6.336
664 6.482
666 6.761
668 6.841
670 7.023
672 6.405
674 5.639
676 5.788
678 5.940
680 5.492
682 5.494
684 5.473
686 5.973
688 6.590
690 7.209
692 8.559
694 7.787
696 7.570
698 8.217
700 8.272
702 9.247
704 8.900
706 9.538
708 9.623
710 10.377
712 9.345
714 9.255
716 9.626
718 9.959
720 10.129
722 9.495
724 7.761
726 7.901
728 7.259
730 5.830
732 3.802
734 2.823
736 3.977
738 4.970
740 5.683
742 6.771
744 7.729
746 8.325
748 8.574
750 8.942
752 9.918
754 9.604
756 9.456
758 9.118
760 9.238
762 9.624
764 10.122
766 10.484
768 11.364
770 12.369
772 13.593
774 13.169
776 13.332
778 12.473
780 11.395
782 11.816
784 11.102
786 11.354
788 11.636
790 11.596
792 11.866
794 12.386
796 11.748
798 12.120
800 11.720
802 12.230
804 12.658
806 11.091
808 8.978
810 9.691
812 10.998
814 10.513
816 10.984
818 10.439
820 10.195
822 8.254
824 8.490
826 7.986
828 7.206
830 6.900
832 6.562
834 6.551
836 6.765
838 6.828
840 7.080
842 7.183
844 7.678
846 6.303
848 4.824
850 3.657
852 3.638
854 3.184
856 2.594
858 2.680
860 3.046
862 3.314
864 3.647
866 3.915
868 3.537
870 3.373
872 3.276
874 3.280
876 3.146
878 2.820
880 2.735
882 2.815
884 3.139
886 2.989
888 3.456
890 4.316
892 4.930
894 6.130
896 6.758
898 7.263
900 7.406
902 7.007
904 6.959
906 7.113
908 7.738
910 8.044
912 8.716
914 9.382
916 9.808
918 10.107
920 10.369
922 10.811
924 11.270
926 11.633
928 10.915
930 9.433
932 9.658
934 9.425
936 8.917
938 9.257
940 9.278
942 9.580
944 9.472
946 9.315
948 9.563
950 9.633
952 8.883
954 8.211
956 7.600
958 7.462
960 7.321
962 7.425
964 7.654
966 8.175
968 8.708
970 8.967
972 8.857
974 8.596
976 8.642
978 9.015
980 8.881
982 8.984
984 9.992
986 9.864
988 10.588
990 11.520
992 10.582
994 11.023
996 10.899
998 10.596
1000 9.921
0 63.451
2 59.161
4 52.067
6 45.344
8 44.140
10 42.536
12 43.027
14 35.381
16 38.419
18 36.670
20 39.049
22 39.699
24 41.152
26 34.197
28 28.780
30 28.302
32 30.803
34 20.547
36 22.487
38 15.342
40 12.249
42 9.764
44 9.380
46 4.400
48 2.909
50 2.863
52 2.582
54 2.785
56 1.947
58 1.552
60 1.911
62 1.849
64 2.166
66 4.186
68 4.230
70 3.983
72 4.746
74 5.257
76 5.110
78 5.200
80 5.102
82 5.393
84 5.682
86 6.260
88 6.488
90 7.003
92 7.212
94 6.753
96 6.505
98 6.843
100 6.406
102 6.508
104 6.068
106 5.807
108 6.367
110 7.509
112 8.918
114 9.515
116 10.106
118 11.176
120 11.503
122 11.563
124 11.473
126 11.495
128 12.012
130 12.800
132 13.155
134 11.378
136 9.796
138 7.789
140 7.133
142 5.708
144 6.388
146 7.360
148 7.846
150 8.069
152 7.026
154 6.669
156 6.422
158 7.005
160 7.094
162 7.310
164 7.220
166 7.409
168 7.567
170 7.843
172 7.426
174 7.205
176 7.360
178 7.427
180 8.032
182 8.793
184 9.400
186 9.727
188 10.197
190 10.900
192 11.269
194 10.784
196 9.917
198 9.226
200 9.117
202 8.888
204 8.664
206 8.684
208 9.276
210 9.600
212 9.672
214 10.362
216 10.610
218 7.729
220 6.123
222 3.689
224 2.455
226 1.424
228 1.595
230 0.824
232 0.276
234 0.339
236 0.580
238 0.477
240 0.680
242 0.554
244 2.030
246 3.705
248 4.430
250 4.709
252 5.041
254 5.812
256 6.323
258 6.284
260 6.616
262 6.842
264 6.963
266 7.075
268 7.254
270 7.143
272 6.090
274 5.369
276 4.293
278 3.681
280 3.580
282 3.270
284 3.498
286 3.830
288 3.831
290 3.332
292 3.509
294 3.855
296 4.099
298 4.055
300 4.724
302 7.044
304 7.455
306 7.617
308 6.714
310 6.216
312 6.083
314 6.446
316 6.848
318 7.019
320 7.695
322 8.090
324 8.412
326 8.788
328 10.052
330 10.193
332 10.978
334 11.778
336 12.543
338 13.519
340 14.350
342 14.680
344 15.022
346 15.594
348 16.013
350 16.339
352 16.582
354 15.389
356 14.347
358 13.759
360 12.997
362 12.910
364 12.438
366 12.415
368 12.603
370 12.469
372 12.786
374 12.651
376 12.215
378 13.809
380 12.388
382 9.290
384 7.529
386 5.998
388 4.627
390 4.435
392 4.444
394 5.145
396 6.443
398 6.989
400 6.862
402 9.011
404 8.287
406 7.709
408 7.949
410 9.318
412 10.046
414 9.526
416 9.654
418 8.886
420 8.084
422 6.739
424 6.334
426 5.916
428 5.539
430 5.681
432 6.025
434 6.024
436 6.759
438 7.183
440 6.674
442 4.080
444 3.925
446 2.987
448 3.837
450 3.297
452 2.666
454 2.812
456 2.669
458 2.956
460 3.101
462 3.083
464 3.828
466 3.703
468 2.401
470 2.242
472 2.502
474 2.636
476 3.282
478 3.223
480 2.352
482 2.483
484 2.037
486 1.658
488 1.172
490 1.007
492 0.508
494 0.140
496 0.259
498 0.946
500 1.240
502 1.727
504 2.374
506 3.007
508 2.701
510 3.295
512 4.484
514 5.957
516 6.081
518 7.314
520 7.402
522 8.125
524 8.523
526 8.862
528 9.124
530 8.966
532 7.627
534 6.357
536 5.669
538 5.324
540 4.532
542 4.615
544 4.902
546 4.139
548 3.752
550 3.078
552 2.787
554 2.617
556 2.787
558 2.334
560 2.247
562 2.069
564 2.141
566 2.350
568 3.548
570 4.337
572 4.967
574 6.440
576 7.152
578 7.719
580 9.426
582 9.888
584 10.474
586 10.918
588 9.665
590 7.571
592 7.129
594 6.806
596 6.771
598 6.066
600 6.117
602 5.973
604 5.803
606 6.091
608 6.005
610 5.140
612 4.211
614 3.896
616 3.678
618 4.380
620 5.230
622 6.117
624 8.225
626 8.295
628 8.935
630 6.893
632 5.798
634 4.695
636 4.616
638 4.834
640 4.931
642 5.157
644 5.544
646 5.895
648 6.220
650 4.807
652 3.740
654 2.997
656 2.346
658 1.840
660 2.027
662 2.040
664 2.292
666 2.388
668 2.394
670 2.485
672 3.058
674 3.299
676 3.420
678 3.477
680 3.843
682 4.711
684 5.110
686 5.721
688 6.239
690 6.743
692 7.001
694 7.388
696 7.963
698 7.894
700 8.042
702 7.984
704 8.219
706 8.636
708 8.897
710 8.715
712 9.136
714 9.560
716 9.614
718 9.600
720 9.021
722 8.448
724 8.270
726 7.658
728 7.425
730 7.316
732 7.149
734 6.875
736 6.955
738 6.844
740 6.858
742 6.675
744 6.790
746 6.701
748 6.514
750 6.404
752 6.223
754 6.273
756 6.584
758 6.693
760 7.297
762 7.456
764 7.425
766 7.386
768 7.782
770 7.564
772 7.413
774 7.654
776 7.833
778 8.381
780 8.717
782 9.246
784 9.442
786 9.743
788 9.963
790 10.643
792 10.130
794 8.879
796 7.935
798 7.210
800 6.240
802 6.053
804 5.298
806 4.954
808 3.150
810 2.605
812 2.530
814 2.201
816 2.055
818 2.485
820 2.587
822 3.031
824 3.332
826 3.098
828 3.437
830 3.683
832 3.736
834 3.726
836 3.084
838 3.221
840 3.123
842 3.404
844 3.865
846 4.362
848 4.148
850 4.242
852 4.410
854 4.409
856 4.645
858 4.791
860 4.596
862 4.696
864 4.850
866 5.179
868 3.407
870 1.707
872 1.113
874 1.639
876 2.492
878 3.618
880 3.356
882 3.687
884 4.829
886 4.864
888 5.188
890 5.117
892 4.629
894 4.792
896 4.299
898 3.794
900 3.382
902 3.208
904 2.847
906 2.718
908 2.442
910 2.093
912 2.189
914 2.008
916 1.531
918 1.670
920 1.630
922 1.630
924 1.517
926 1.501
928 1.687
930 2.488
932 3.603
934 5.167
936 6.084
938 7.073
940 8.252
942 8.937
944 9.501
946 10.315
948 10.766
950 11.257
952 9.040
954 7.585
956 6.501
958 6.209
960 5.042
962 4.791
964 4.601
966 4.712
968 5.318
970 4.036
972 5.141
974 6.223
976 5.162
978 3.529
980 3.596
982 2.985
984 3.318
986 1.752
988 1.335
990 0.962
992 0.594
994 1.449
996 1.443
998 2.116
1000 0.328
0 77.061
2 66.203
4 59.652
6 44.204
8 39.400
10 30.028
12 24.625
14 21.645
16 14.968
18 8.293
20 3.839
22 0.895
24 2.587
26 3.011
28 4.585
30 5.816
32 5.631
34 6.691
36 7.480
38 8.270
40 8.885
42 8.732
44 9.427
46 8.999
48 7.734
50 7.882
52 7.656
54 8.168
56 8.938
58 9.192
60 9.241
62 9.610
64 9.422
66 9.002
68 8.534
70 9.390
72 9.632
74 9.254
76 9.507
78 8.697
80 8.287
82 8.133
84 8.072
86 8.773
88 7.331
90 5.993
92 6.296
94 6.118
96 6.279
98 6.487
100 6.571
102 7.110
104 5.935
106 6.034
108 6.135
110 5.876
112 5.903
114 6.128
116 7.511
118 4.132
120 6.908
122 6.661
124 5.861
126 5.047
128 4.592
130 4.103
132 3.564
134 2.828
136 2.374
138 2.466
140 1.855
142 2.186
144 3.302
146 5.259
148 5.879
150 6.479
152 6.476
154 6.850
156 6.902
158 6.743
160 8.143
162 6.683
164 5.804
166 4.846
168 4.532
170 4.328
172 4.819
174 4.938
176 5.216
178 5.069
180 5.001
182 5.284
184 5.585
186 5.984
188 6.311
190 6.967
192 6.036
194 4.751
196 3.491
198 3.087
200 3.037
202 1.391
204 1.208
206 1.114
208 2.532
210 3.878
212 4.783
214 5.576
216 5.704
218 6.270
220 5.129
222 4.249
224 3.843
226 2.659
228 4.023
230 4.867
232 6.087
234 7.087
236 7.162
238 6.903
240 7.091
242 6.792
244 7.006
246 6.778
248 7.716
250 7.655
252 7.705
254 8.170
256 8.143
258 8.649
260 8.898
262 9.720
264 11.028
266 11.576
268 11.804
270 10.418
272 8.207
274 5.611
276 5.116
278 3.998
280 3.220
282 3.345
284 2.946
286 2.193
288 1.026
290 2.028
292 2.670
294 3.552
296 3.655
298 4.059
300 4.151
302 3.239
304 2.094
306 1.838
308 1.290
310 1.118
312 2.027
314 2.942
316 1.944
318 1.708
320 1.670
322 0.664
324 1.077
326 1.305
328 1.390
330 2.689
332 3.848
334 4.082
336 4.216
338 4.548
340 4.963
342 5.348
344 5.489
346 5.924
348 5.942
350 6.128
352 6.127
354 6.308
356 6.636
358 6.633
360 7.455
362 7.968
364 8.234
366 7.047
368 5.517
370 4.474
372 4.693
374 3.922
376 4.723
378 5.114
380 5.336
382 5.369
384 5.758
386 5.026
388 3.919
390 3.854
392 4.647
394 4.109
396 4.368
398 4.544
400 4.449
402 4.611
404 4.691
406 4.743
408 4.248
410 5.258
412 6.731
414 8.141
416 9.409
418 9.662
420 9.845
422 10.664
424 9.594
426 8.245
428 8.231
430 8.855
432 9.768
434 10.532
436 10.142
438 9.126
440 7.300
442 8.245
444 6.320
446 6.345
448 6.713
450 6.829
452 7.137
454 7.174
456 7.837
458 7.537
460 7.978
462 8.874
464 10.170
466 10.684
468 10.200
470 9.202
472 9.234
474 9.140
476 9.355
478 9.012
480 9.336
482 8.494
484 8.522
486 7.895
488 7.669
490 7.565
492 7.655
494 7.224
496 7.774
498 6.221
500 6.131
502 5.610
504 4.672
506 4.170
508 4.263
510 4.439
512 4.936
514 5.014
516 5.333
518 4.390
520 4.010
522 3.889
524 4.026
526 3.781
528 3.766
530 4.365
532 4.430
534 4.728
536 4.939
538 5.661
540 5.873
542 6.112
544 6.389
546 6.856
548 7.560
550 6.989
552 6.700
554 7.435
556 8.100
558 8.455
560 9.192
562 10.061
564 10.590
566 12.090
568 12.594
570 13.560
572 16.074
574 17.399
576 16.669
578 16.747
580 17.744
582 18.726
584 20.191
586 20.126
588 21.248
590 20.951
592 20.389
594 19.809
596 20.875
598 20.165
600 17.843
602 17.255
604 19.789
606 18.007
608 15.297
610 12.092
612 12.168
614 10.199
616 6.975
618 5.491
620 6.364
622 6.066
624 3.411
626 2.136
628 2.272
630 2.203
632 2.597
634 2.696
636 2.708
638 2.201
640 1.405
642 1.841
644 2.475
646 3.272
648 3.004
650 2.519
652 2.153
654 2.392
656 2.313
658 2.463
660 2.236
662 2.829
664 3.357
666 3.656
668 5.253
670 5.417
672 5.536
674 5.812
676 6.524
678 7.040
680 7.502
682 8.072
684 8.980
686 8.054
688 8.198
690 7.812
692 8.534
694 9.307
696 10.349
698 10.669
700 11.657
702 12.330
704 10.358
706 8.600
708 8.587
710 8.044
712 7.382
714 7.146
716 6.704
718 6.589
720 5.845
722 5.599
724 5.215
726 4.965
728 5.267
730 5.476
732 5.292
734 4.860
736 4.851
738 4.919
740 4.799
742 4.966
744 5.236
746 5.280
748 5.661
750 5.807
752 5.952
754 6.235
756 6.439
758 6.681
760 6.979
762 7.330
764 5.133
766 3.991
768 3.478
770 2.591
772 2.720
774 2.816
776 3.101
778 3.612
780 3.997
782 4.629
784 5.219
786 5.466
788 6.024
790 6.275
792 6.797
794 7.200
796 7.680
798 8.370
800 6.963
802 6.436
804 5.675
806 4.683
808 5.885
810 5.036
812 6.106
814 5.444
816 6.426
818 6.603
820 8.709
822 7.167
824 10.013
826 9.086
828 7.228
830 8.569
832 8.781
834 7.184
836 6.948
838 7.040
840 5.867
842 7.794
844 8.771
846 8.043
848 7.689
850 7.918
852 6.553
854 5.611
856 5.741
858 5.091
860 4.902
862 4.920
864 5.755
866 5.475
868 6.691
870 7.693
872 7.902
874 9.218
876 7.809
878 6.517
880 5.827
882 6.081
884 6.858
886 7.790
888 7.426
890 7.098
892 7.636
894 6.734
896 6.619
898 5.787
900 6.354
902 7.258
904 7.038
906 7.426
908 7.766
910 8.836
912 9.809
914 10.669
916 11.171
918 12.059
920 12.424
922 13.166
924 11.413
926 10.708
928 11.161
930 11.889
932 12.267
934 12.921
936 13.569
938 13.906
940 14.122
942 14.673
944 14.932
946 12.630
948 12.471
950 10.898
952 8.980
954 9.625
956 8.526
958 8.773
960 6.706
962 4.567
964 3.479
966 3.951
968 4.565
970 4.740
972 4.256
974 3.675
976 6.378
978 6.866
980 12.126
982 13.678
984 15.092
986 15.215
988 12.671
990 10.884
992 9.057
994 7.412
996 6.718
998 5.832
1000 5.634
0 81.047
2 54.510
4 40.448
6 28.180
8 18.951
10 16.937
12 10.892
14 8.487
16 9.243
18 7.649
20 7.002
22 7.618
24 7.924
26 7.696
28 8.120
30 5.876
32 4.353
34 4.239
36 3.935
38 3.586
40 3.887
42 3.554
44 3.489
46 3.644
48 3.168
50 3.018
52 2.837
54 2.836
56 3.114
58 2.442
60 2.179
62 2.078
64 1.502
66 1.314
68 1.278
70 0.981
72 0.647
74 0.523
76 0.583
78 0.962
80 1.436
82 2.716
84 3.468
86 4.532
88 5.186
90 5.652
92 6.115
94 6.986
96 6.985
98 6.952
100 4.741
102 3.489
104 2.193
106 1.221
108 0.594
110 0.839
112 1.432
114 1.750
116 2.058
118 2.447
120 3.058
122 3.500
124 3.552
126 3.882
128 4.519
130 4.807
132 4.941
134 2.860
136 2.232
138 3.509
140 4.716
142 6.127
144 5.077
146 5.789
148 6.252
150 6.425
152 6.618
154 6.055
156 4.994
158 4.117
160 3.556
162 3.161
164 2.768
166 2.026
168 1.455
170 0.928
172 0.421
174 0.083
176 0.505
178 1.206
180 2.133
182 2.202
184 3.370
186 3.404
188 4.129
190 5.127
192 6.501
194 6.404
196 7.255
198 7.602
200 4.464
202 3.059
204 2.147
206 2.244
208 2.876
210 3.990
212 4.876
214 5.273
216 5.612
218 6.688
220 7.124
222 7.851
224 8.316
226 8.819
228 9.569
230 6.830
232 4.212
234 2.856
236 0.882
238 0.745
240 0.725
242 0.903
244 0.496
246 1.078
248 1.009
250 0.785
252 0.637
254 0.507
256 0.732
258 1.530
260 2.013
262 2.622
264 3.214
266 3.831
268 4.537
270 4.947
272 5.605
274 6.006
276 6.461
278 6.807
280 7.292
282 7.297
284 7.280
286 7.577
288 7.752
290 7.815
292 8.482
294 8.308
296 9.084
298 9.289
300 9.406
302 9.717
304 9.887
306 10.190
308 10.653
310 11.194
312 11.421
314 11.591
316 11.746
318 11.472
320 12.058
322 12.187
324 12.779
326 13.127
328 13.488
330 14.602
332 15.775
334 15.534
336 15.870
338 16.087
340 17.072
342 15.656
344 13.511
346 12.459
348 11.455
350 10.675
352 10.494
354 10.110
356 10.529
358 10.674
360 11.279
362 11.880
364 11.623
366 11.202
368 10.871
370 10.862
372 10.654
374 10.427
376 10.695
378 11.322
380 9.580
382 7.919
384 6.992
386 5.894
388 5.372
390 4.940
392 4.576
394 4.287
396 5.034
398 6.602
400 7.785
402 7.953
404 8.212
406 8.775
408 9.018
410 9.462
412 9.667
414 10.122
416 8.735
418 7.458
420 6.435
422 6.096
424 5.256
426 5.172
428 5.389
430 5.865
432 6.417
434 6.715
436 6.049
438 5.932
440 6.435
442 6.081
444 6.116
446 6.034
448 5.944
450 6.176
452 5.955
454 6.111
456 6.551
458 6.603
460 6.792
462 6.870
464 6.934
466 6.623
468 6.505
470 6.567
472 6.508
474 6.532
476 6.663
478 6.873
480 6.948
482 7.141
484 7.418
486 7.662
488 8.007
490 8.540
492 8.955
494 9.108
496 8.443
498 7.209
500 6.143
502 5.254
504 3.830
506 3.957
508 3.774
510 4.256
512 4.976
514 6.846
516 7.811
518 8.745
520 8.962
522 9.270
524 9.537
526 9.036
528 8.567
530 8.751
532 9.043
534 9.475
536 9.009
538 8.855
540 9.147
542 9.111
544 10.251
546 10.604
548 10.304
550 10.717
552 11.207
554 11.265
556 9.984
558 8.586
560 8.232
562 8.479
564 7.476
566 7.064
568 6.140
570 6.380
572 7.360
574 7.525
576 7.964
578 8.348
580 8.569
582 8.599
584 8.594
586 8.498
588 7.620
590 6.346
592 4.974
594 3.685
596 3.384
598 3.124
600 2.730
602 2.752
604 2.703
606 2.464
608 1.875
610 1.719
612 1.325
614 1.510
616 1.776
618 1.889
620 2.036
622 2.328
624 2.552
626 2.963
628 3.321
630 3.857
632 4.146
634 4.513
636 4.934
638 5.368
640 5.503
642 5.842
644 6.310
646 6.959
648 6.812
650 6.621
652 7.671
654 7.573
656 8.318
658 8.357
660 8.594
662 8.707
664 9.216
666 9.695
668 10.083
670 9.642
672 8.125
674 7.222
676 6.312
678 6.008
680 5.333
682 5.316
684 4.827
686 4.774
688 4.415
690 4.082
692 3.314
694 1.261
696 1.502
698 4.690
700 6.561
702 7.632
704 9.009
706 9.283
708 9.181
710 8.252
712 7.610
714 7.271
716 7.472
718 7.273
720 7.492
722 7.683
724 7.606
726 7.330
728 8.276
730 8.882
732 8.090
734 7.985
736 7.615
738 7.914
740 7.775
742 9.921
744 10.512
746 9.976
748 9.523
750 9.580
752 9.463
754 8.793
756 8.992
758 9.261
760 9.394
762 9.956
764 10.637
766 9.722
768 7.977
770 7.394
772 5.709
774 5.128
776 4.520
778 4.745
780 5.319
782 5.570
784 5.933
786 5.716
788 6.193
790 6.324
792 6.640
794 7.023
796 7.358
798 7.870
800 7.731
802 8.327
804 8.504
806 8.646
808 9.033
810 9.232
812 9.213
814 9.621
816 10.512
818 9.240
820 8.203
822 7.573
824 7.953
826 8.412
828 8.162
830 8.681
832 8.534
834 8.991
836 9.117
838 9.481
840 9.834
842 10.312
844 10.757
846 9.024
848 7.661
850 6.762
852 5.328
854 4.846
856 4.472
858 4.562
860 5.281
862 5.649
864 4.657
866 4.304
868 5.352
870 5.398
872 6.186
874 6.122
876 6.097
878 5.989
880 3.917
882 2.579
884 2.110
886 1.736
888 1.500
890 1.433
892 1.506
894 1.096
896 0.949
898 0.874
900 1.128
902 1.851
904 1.993
906 2.139
908 2.163
910 2.507
912 3.075
914 3.681
916 5.982
918 5.949
920 6.492
922 6.855
924 6.868
926 7.136
928 7.403
930 7.863
932 7.653
934 7.919
936 8.384
938 9.084
940 10.021
942 9.745
944 10.171
946 9.920
948 10.058
950 8.819
952 7.491
954 6.921
956 6.957
958 6.938
960 6.996
962 7.238
964 7.538
966 7.705
968 7.989
970 8.017
972 8.504
974 8.768
976 8.947
978 7.216
980 4.939
982 4.303
984 3.208
986 2.712
988 2.494
990 2.123
992 1.749
994 1.593
996 1.820
998 3.298
1000 3.768
0 48.234
2 31.205
4 19.157
6 13.232
8 9.025
10 9.017
12 10.854
14 8.949
16 8.221
18 7.411
20 5.908
22 4.880
24 5.715
26 6.113
28 6.441
30 7.767
32 7.861
34 10.277
36 11.521
38 11.252
40 11.491
42 10.072
44 9.720
46 7.523
48 6.215
50 5.884
52 4.957
54 4.405
56 5.275
58 4.641
60 3.316
62 2.652
64 2.455
66 3.368
68 3.444
70 4.101
72 4.188
74 4.466
76 4.564
78 5.059
80 5.722
82 5.517
84 5.931
86 6.726
88 7.386
90 7.621
92 7.789
94 8.132
96 7.940
98 8.838
100 8.626
102 8.459
104 7.748
106 6.320
108 4.832
110 4.152
112 3.444
114 4.016
116 3.747
118 3.931
120 3.968
122 4.373
124 4.485
126 4.834
128 4.469
130 4.799
132 5.418
134 6.015
136 6.859
138 7.474
140 6.910
142 6.381
144 6.461
146 6.231
148 6.148
150 6.878
152 6.974
154 7.162
156 7.079
158 5.518
160 4.725
162 4.980
164 5.153
166 5.461
168 5.728
170 6.102
172 6.577
174 7.463
176 7.683
178 7.925
180 7.849
182 6.357
184 5.597
186 5.273
188 5.245
190 5.747
192 6.343
194 7.441
196 8.603
198 9.737
200 8.493
202 6.817
204 6.652
206 6.613
208 6.491
210 6.385
212 6.823
214 5.916
216 5.786
218 5.907
220 5.870
222 6.077
224 6.374
226 6.398
228 6.160
230 5.878
232 5.744
234 6.199
236 6.646
238 6.977
240 7.597
242 8.130
244 9.473
246 9.466
248 11.257
250 12.184
252 13.454
254 14.420
256 14.787
258 14.822
260 15.119
262 12.369
264 11.061
266 10.032
268 8.939
270 8.658
272 8.574
274 8.363
276 7.599
278 7.654
280 8.453
282 8.674
284 9.398
286 9.806
288 8.893
290 8.984
292 9.772
294 12.260
296 11.834
298 10.831
300 9.390
302 9.033
304 8.564
306 7.840
308 7.453
310 7.021
312 5.547
314 4.952
316 4.383
318 4.362
320 3.958
322 5.024
324 5.697
326 4.794
328 5.112
330 5.035
332 5.618
334 6.251
336 6.563
338 6.575
340 6.286
342 6.560
344 6.930
346 7.542
348 7.759
350 8.184
352 8.630
354 9.165
356 9.254
358 9.695
360 10.154
362 11.118
364 10.933
366 11.037
368 11.675
370 12.664
372 13.220
374 13.619
376 12.555
378 10.604
380 9.633
382 8.472
384 8.219
386 11.032
388 11.314
390 11.660
392 10.689
394 8.917
396 9.440
398 9.808
400 10.699
402 12.696
404 12.103
406 12.063
408 12.510
410 10.602
412 9.289
414 9.695
416 9.181
418 9.579
420 9.848
422 9.235
424 12.821
426 13.236
428 12.427
430 12.981
432 12.046
434 11.362
436 10.595
438 9.829
440 9.058
442 9.213
444 6.984
446 6.683
448 6.480
450 6.025
452 5.524
454 5.437
456 3.256
458 1.201
460 0.557
462 0.636
464 1.015
466 1.666
468 1.575
470 2.424
472 3.896
474 4.755
476 5.804
478 6.781
480 7.106
482 8.050
484 8.621
486 8.537
488 8.992
490 9.563
492 9.892
494 10.591
496 11.066
498 10.879
500 10.450
502 9.804
504 9.116
506 8.977
508 8.019
510 7.390
512 6.284
514 4.928
516 6.858
518 7.463
520 7.470
522 7.538
524 7.903
526 8.272
528 8.866
530 9.419
532 9.778
534 8.986
536 7.754
538 8.215
540 8.564
542 7.863
544 7.942
546 7.541
548 6.870
550 6.115
552 5.630
554 5.652
556 6.059
558 6.486
560 6.674
562 6.211
564 5.417
566 5.086
568 4.212
570 3.874
572 3.806
574 2.708
576 2.144
578 2.383
580 3.439
582 3.975
584 4.516
586 5.489
588 6.375
590 6.841
592 7.932
594 9.457
596 9.094
598 8.436
600 8.629
602 8.002
604 7.778
606 7.895
608 8.138
610 8.170
612 6.114
614 3.891
616 2.548
618 3.193
620 5.575
622 5.178
624 4.752
626 4.730
628 5.794
630 4.341
632 5.365
634 5.351
636 5.432
638 6.229
640 5.108
642 4.003
644 3.950
646 4.435
648 4.204
650 4.141
652 4.305
654 4.792
656 5.626
658 7.098
660 7.307
662 7.694
664 7.669
666 7.561
668 8.008
670 8.997
672 9.086
674 8.943
676 9.286
678 10.724
680 10.937
682 10.353
684 10.327
686 10.094
688 9.960
690 9.581
692 10.258
694 10.274
696 8.096
698 6.822
700 4.551
702 4.056
704 3.788
706 9.990
708 9.269
710 8.143
712 8.048
714 7.748
716 8.190
718 8.622
720 6.746
722 9.911
724 11.220
726 11.556
728 10.568
730 8.560
732 9.540
734 9.356
736 9.722
738 8.274
740 5.601
742 5.239
744 4.759
746 4.875
748 5.123
750 5.592
752 4.737
754 4.181
756 3.890
758 3.732
760 3.625
762 3.928
764 4.993
766 5.229
768 6.083
770 6.389
772 6.685
774 7.373
776 7.679
778 7.985
780 8.335
782 8.784
784 8.340
786 7.939
788 8.392
790 5.593
792 5.899
794 5.354
796 4.777
798 4.634
800 5.880
802 6.961
804 8.500
806 9.298
808 10.605
810 11.665
812 9.776
814 8.461
816 7.596
818 7.548
820 7.896
822 7.394
824 6.397
826 5.649
828 4.673
830 5.433
832 5.949
834 6.577
836 7.010
838 6.898
840 6.835
842 6.481
844 6.335
846 6.911
848 6.559
850 6.555
852 5.824
854 5.459
856 6.134
858 7.427
860 8.739
862 10.072
864 10.744
866 9.864
868 8.428
870 9.311
872 8.196
874 8.312
876 6.517
878 6.426
880 7.171
882 5.983
884 7.692
886 6.704
888 7.187
890 7.768
892 9.253
894 8.095
896 7.184
898 6.397
900 5.845
902 5.205
904 4.940
906 6.123
908 6.286
910 6.743
912 6.897
914 6.981
916 6.868
918 7.464
920 7.226
922 7.475
924 7.765
926 8.083
928 7.429
930 7.662
932 7.787
934 8.639
936 9.519
938 10.125
940 10.858
942 11.463
944 12.323
946 11.751
948 10.716
950 9.108
952 8.407
954 7.685
956 7.837
958 8.495
960 8.320
962 8.076
964 7.897
966 7.243
968 6.589
970 7.319
972 7.156
974 7.255
976 7.082
978 8.051
980 8.536
982 7.806
984 6.906
986 5.998
988 5.730
990 5.284
992 5.777
994 6.124
996 6.533
998 7.409
1000 7.685
0 75.522
2 58.766
4 46.322
6 36.300
8 26.182
10 17.365
12 15.753
14 10.868
16 5.865
18 4.518
20 3.284
22 3.110
24 4.091
26 3.546
28 4.986
30 5.563
32 7.373
34 7.877
36 8.001
38 8.038
40 8.474
42 8.958
44 9.517
46 8.670
48 8.684
50 9.109
52 9.609
54 9.662
56 9.973
58 11.993
60 12.421
62 13.108
64 13.860
66 14.902
68 14.692
70 12.848
72 13.151
74 12.455
76 11.764
78 11.931
80 12.920
82 18.347
84 20.067
86 19.651
88 18.975
90 19.246
92 19.681
94 22.265
96 22.585
98 20.869
100 18.859
102 18.044
104 15.697
106 15.894
108 12.836
110 10.185
112 11.003
114 11.881
116 11.593
118 9.543
120 9.236
122 5.548
124 4.811
126 3.983
128 3.966
130 4.260
132 5.174
134 4.825
136 4.720
138 4.582
140 5.339
142 5.993
144 6.578
146 6.701
148 5.853
150 5.684
152 5.099
154 5.388
156 7.983
158 8.649
160 9.531
162 10.336
164 9.014
166 9.663
168 9.519
170 8.816
172 7.872
174 7.364
176 6.796
178 6.313
180 6.402
182 5.716
184 5.476
186 5.945
188 5.660
190 6.229
192 6.702
194 7.065
196 7.267
198 6.216
200 7.604
202 8.113
204 8.884
206 10.674
208 11.053
210 10.593
212 9.601
214 8.783
216 8.464
218 9.824
220 8.078
222 10.954
224 11.046
226 11.343
228 10.985
230 10.260
232 8.294
234 6.899
236 4.163
238 3.320
240 2.662
242 3.330
244 6.425
246 4.519
248 2.841
250 10.226
252 11.851
254 13.425
256 13.916
258 11.099
260 10.041
262 8.144
264 10.709
266 9.899
268 10.808
270 11.385
272 10.672
274 8.943
276 8.709
278 7.899
280 7.247
282 6.284
284 6.051
286 6.236
288 7.063
290 7.792
292 6.586
294 7.827
296 8.539
298 8.885
300 7.976
302 9.161
304 9.325
306 8.600
308 8.954
310 9.536
312 10.720
314 11.147
316 12.007
318 12.787
320 12.438
322 11.297
324 11.183
326 11.007
328 11.525
330 11.581
332 11.991
334 11.138
336 10.029
338 10.559
340 11.185
342 12.029
344 12.233
346 12.256
348 12.020
350 12.844
352 12.373
354 12.098
356 12.158
358 11.979
360 10.079
362 6.728
364 5.402
366 5.301
368 4.388
370 5.370
372 5.796
374 6.437
376 7.096
378 5.905
380 6.359
382 6.886
384 8.507
386 9.074
388 9.156
390 10.178
392 12.855
394 12.121
396 9.834
398 9.927
400 8.500
402 7.605
404 7.564
406 8.705
408 7.754
410 8.684
412 9.283
414 10.493
416 11.209
418 11.530
420 11.226
422 8.972
424 8.098
426 7.456
428 6.522
430 5.891
432 4.745
434 3.976
436 3.747
438 3.169
440 2.692
442 3.197
444 3.069
446 2.664
448 3.225
450 3.350
452 4.090
454 5.584
456 5.076
458 5.971
460 6.137
462 6.281
464 6.766
466 6.702
468 7.817
470 8.133
472 7.164
474 9.817
476 10.184
478 9.223
480 10.450
482 10.287
484 9.567
486 7.695
488 7.609
490 8.374
492 7.204
494 12.431
496 11.764
498 7.292
500 13.525
502 9.610
504 10.288
506 10.352
508 8.946
510 8.353
512 6.964
514 6.563
516 6.969
518 7.926
520 6.993
522 8.769
524 8.126
526 6.447
528 5.959
530 5.882
532 7.066
534 8.122
536 9.673
538 10.441
540 11.307
542 12.379
544 12.153
546 10.670
548 8.271
550 6.529
552 5.882
554 4.968
556 5.878
558 5.963
560 5.617
562 5.468
564 6.130
566 6.441
568 6.270
570 6.049
572 5.644
574 7.027
576 6.369
578 5.544
580 4.344
582 4.718
584 4.618
586 4.794
588 4.835
590 5.571
592 5.804
594 5.679
596 5.042
598 5.060
600 5.701
602 7.000
604 9.114
606 10.757
608 13.214
610 13.364
612 12.232
614 12.025
616 11.550
618 9.950
620 9.431
622 9.593
624 9.759
626 6.972
628 7.027
630 7.606
632 6.827
634 5.195
636 5.169
638 5.202
640 4.916
642 5.376
644 4.608
646 5.810
648 7.975
650 9.271
652 10.662
654 9.313
656 9.786
658 8.662
660 8.040
662 7.688
664 8.214
666 9.179
668 10.281
670 8.922
672 7.517
674 7.420
676 8.116
678 7.347
680 7.748
682 8.129
684 8.166
686 7.041
688 5.473
690 4.660
692 4.279
694 4.346
696 4.140
698 3.808
700 4.238
702 4.567
704 5.005
706 5.770
708 4.663
710 3.986
712 3.622
714 4.103
716 4.427
718 4.889
720 2.678
722 2.361
724 2.660
726 3.391
728 3.709
730 3.796
732 3.916
734 4.555
736 5.833
738 7.025
740 6.544
742 5.932
744 5.562
746 6.095
748 5.516
750 6.442
752 6.680
754 6.476
756 7.847
758 7.347
760 6.870
762 8.424
764 8.165
766 9.433
768 8.924
770 10.126
772 10.860
774 11.951
776 12.990
778 12.809
780 12.437
782 11.918
784 12.295
786 12.762
788 10.381
790 8.978
792 8.339
794 7.270
796 5.542
798 5.297
800 4.347
802 3.819
804 4.424
806 5.161
808 6.482
810 6.405
812 6.701
814 7.467
816 8.302
818 8.584
820 9.628
822 13.163
824 13.163
826 13.231
828 12.521
830 11.527
832 11.954
834 11.300
836 11.173
838 9.733
840 7.779
842 6.575
844 5.763
846 5.858
848 6.022
850 3.806
852 3.111
854 3.578
856 4.507
858 5.505
860 5.213
862 5.240
864 5.865
866 7.030
868 7.800
870 7.842
872 9.605
874 9.428
876 9.573
878 9.572
880 9.302
882 6.987
884 4.027
886 9.657
888 10.666
890 11.123
892 9.123
894 7.040
896 6.611
898 6.506
900 5.794
902 5.579
904 5.189
906 5.315
908 6.052
910 6.161
912 7.226
914 7.521
916 9.305
918 10.910
920 7.980
922 5.660
924 3.988
926 2.551
928 4.954
930 5.407
932 5.951
934 5.773
936 6.311
938 7.055
940 7.554
942 7.166
944 6.924
946 7.110
948 7.202
950 7.635
952 8.741
954 7.839
956 11.313
958 10.527
960 12.016
962 13.058
964 12.364
966 10.702
968 11.780
970 9.527
972 10.439
974 9.902
976 8.318
978 6.103
980 5.449
982 4.132
984 2.967
986 2.965
988 1.636
990 2.874
992 3.537
994 4.186
996 3.822
998 3.320
1000 6.140
0 48.736
2 41.266
4 35.884
6 29.931
8 26.669
10 23.553
12 20.091
14 18.138
16 13.990
18 10.928
20 7.644
22 5.822
24 3.760
26 2.379
28 3.139
30 4.108
32 6.458
34 6.767
36 8.903
38 8.436
40 8.920
42 5.378
44 3.602
46 3.048
48 2.308
50 3.960
52 2.141
54 1.139
56 0.635
58 0.597
60 0.641
62 0.982
64 1.065
66 1.943
68 1.295
70 2.127
72 2.771
74 3.553
76 4.256
78 6.248
80 6.993
82 7.667
84 7.425
86 7.498
88 7.217
90 7.834
92 7.382
94 7.234
96 7.678
98 9.080
100 9.419
102 10.297
104 10.609
106 11.463
108 11.866
110 12.209
112 11.451
114 10.338
116 11.341
118 11.597
120 11.044
122 12.406
124 12.779
126 13.966
128 12.764
130 11.262
132 9.879
134 9.394
136 8.782
138 9.502
140 8.463
142 7.580
144 7.887
146 8.059
148 8.565
150 8.525
152 8.683
154 8.511
156 8.876
158 9.064
160 9.880
162 9.612
164 10.796
166 11.242
168 7.862
170 6.025
172 4.226
174 3.274
176 3.815
178 3.722
180 2.863
182 3.266
184 3.481
186 6.234
188 7.038
190 8.374
192 10.216
194 9.584
196 9.480
198 9.311
200 9.589
202 10.096
204 10.896
206 11.670
208 10.962
210 9.525
212 8.097
214 7.830
216 6.669
218 6.080
220 6.406
222 6.881
224 6.679
226 6.409
228 7.161
230 6.777
232 6.691
234 7.341
236 7.911
238 8.487
240 8.132
242 7.512
244 6.842
246 6.070
248 6.095
250 5.901
252 5.747
254 6.042
256 7.098
258 8.404
260 6.865
262 6.060
264 5.449
266 2.946
268 2.685
270 2.955
272 3.440
274 4.008
276 5.492
278 6.768
280 7.363
282 7.762
284 9.202
286 9.070
288 10.012
290 10.014
292 9.424
294 9.150
296 9.104
298 9.118
300 9.221
302 9.191
304 8.164
306 6.710
308 7.874
310 8.274
312 10.116
314 10.251
316 9.816
318 9.220
320 8.418
322 8.098
324 5.786
326 5.948
328 5.715
330 6.220
332 6.922
334 7.974
336 8.012
338 8.041
340 9.232
342 9.294
344 9.982
346 9.868
348 10.287
350 9.816
352 9.947
354 10.139
356 10.480
358 10.378
360 10.962
362 11.137
364 12.261
366 12.509
368 12.033
370 9.849
372 7.961
374 5.819
376 5.535
378 5.351
380 5.169
382 5.890
384 5.244
386 5.527
388 5.012
390 5.218
392 5.698
394 6.040
396 5.813
398 6.364
400 6.314
402 5.417
404 5.418
406 5.786
408 6.186
410 7.143
412 7.005
414 7.795
416 8.652
418 8.181
420 7.577
422 7.905
424 8.835
426 8.676
428 9.098
430 9.544
432 9.553
434 8.944
436 7.669
438 6.890
440 5.558
442 5.237
444 6.033
446 7.478
448 8.388
450 9.509
452 10.065
454 10.743
456 10.309
458 11.916
460 12.124
462 10.867
464 10.731
466 10.777
468 10.386
470 10.969
472 11.331
474 10.381
476 9.863
478 9.477
480 9.474
482 9.427
484 9.201
486 9.357
488 9.616
490 8.026
492 7.114
494 7.601
496 8.018
498 6.894
500 5.003
502 3.524
504 3.935
506 4.145
508 4.574
510 5.575
512 7.097
514 8.366
516 8.947
518 9.891
520 11.434
522 10.834
524 10.067
526 8.779
528 7.936
530 7.739
532 7.615
534 7.794
536 8.120
538 8.228
540 7.831
542 7.751
544 6.806
546 6.119
548 5.481
550 5.663
552 5.933
554 5.793
556 6.027
558 5.500
560 5.482
562 5.606
564 5.784
566 6.301
568 6.749
570 7.139
572 7.406
574 6.943
576 6.215
578 5.837
580 5.653
582 5.714
584 5.544
586 5.324
588 5.504
590 4.945
592 3.997
594 3.912
596 4.058
598 3.868
600 3.728
602 3.688
604 3.055
606 2.686
608 2.472
610 1.891
612 2.013
614 2.055
616 1.918
618 1.957
620 1.866
622 3.412
624 4.219
626 5.168
628 6.503
630 7.057
632 8.305
634 8.942
636 8.052
638 7.691
640 7.707
642 7.430
644 7.576
646 7.265
648 8.713
650 10.597
652 11.460
654 11.521
656 11.976
658 12.042
660 10.970
662 9.155
664 6.390
666 4.160
668 4.247
670 2.703
672 0.893
674 0.709
676 0.921
678 0.671
680 0.281
682 0.492
684 1.269
686 1.532
688 2.210
690 3.628
692 5.370
694 6.571
696 7.437
698 8.600
700 9.581
702 7.671
704 6.399
706 5.002
708 5.463
710 5.447
712 4.809
714 3.626
716 2.205
718 1.817
720 1.914
722 1.629
724 1.461
726 1.649
728 1.748
730 0.734
732 1.505
734 2.705
736 4.052
738 5.486
740 6.780
742 7.425
744 7.789
746 8.343
748 9.263
750 7.574
752 6.172
754 6.783
756 6.687
758 6.434
760 6.611
762 5.738
764 6.609
766 6.906
768 6.691
770 6.331
772 4.342
774 1.909
776 2.093
778 2.507
780 2.541
782 3.512
784 3.529
786 3.231
788 4.863
790 4.853
792 5.846
794 6.294
796 4.777
798 4.848
800 4.797
802 4.813
804 5.419
806 5.405
808 6.119
810 6.234
812 6.087
814 6.420
816 6.670
818 5.209
820 6.320
822 5.281
824 4.688
826 4.408
828 3.562
830 3.005
832 3.183
834 3.545
836 5.830
838 6.378
840 3.877
842 2.928
844 3.651
846 4.074
848 4.685
850 5.246
852 6.385
854 5.092
856 4.891
858 4.520
860 4.501
862 3.807
864 3.710
866 3.755
868 3.470
870 3.514
872 3.663
874 3.653
876 3.425
878 3.614
880 3.686
882 3.262
884 4.169
886 4.174
888 4.553
890 5.044
892 5.291
894 5.468
896 5.937
898 6.514
900 6.770
902 7.523
904 7.275
906 7.073
908 7.692
910 8.312
912 9.677
914 10.388
916 11.135
918 11.663
920 11.636
922 9.460
924 9.199
926 10.868
928 11.009
930 11.241
932 10.911
934 10.592
936 9.865
938 9.009
940 8.697
942 7.790
944 7.888
946 7.022
948 7.258
950 7.982
952 7.099
954 6.406
956 7.093
958 8.057
960 6.896
962 5.793
964 4.861
966 5.150
968 4.904
970 5.220
972 5.952
974 6.849
976 5.681
978 4.502
980 4.415
982 4.008
984 5.771
986 6.525
988 6.766
990 5.734
992 5.294
994 4.324
996 3.289
998 2.976
1000 2.877
