2025-10-02 17:22:14,402 - INFO - (-0.045 -98.0 0.004)
2025-10-02 17:22:14,412 - INFO - (-0.045 -98.0 -0.0)
2025-10-02 17:22:14,422 - INFO - (-0.045 -98.0 0.0)
2025-10-02 17:22:14,431 - INFO - (-0.045 -98.0 0.0)
2025-10-02 17:22:14,441 - INFO - (-0.045 -98.0 -0.0)
2025-10-02 17:22:14,451 - INFO - (-0.045 -98.0 3.977)
2025-10-02 17:22:14,461 - INFO - (-0.044 -98.0 8.676)
2025-10-02 17:22:14,471 - INFO - (-0.042 -98.0 10.727)
2025-10-02 17:22:14,481 - INFO - (-0.039 -98.0 9.802)
2025-10-02 17:22:14,491 - INFO - (-0.035 -98.0 9.801)
2025-10-02 17:22:14,501 - INFO - (-0.03 -98.0 8.82)
2025-10-02 17:22:14,511 - INFO - (-0.024 -98.0 10.781)
2025-10-02 17:22:14,521 - INFO - (-0.017 -98.0 9.801)
2025-10-02 17:22:14,531 - INFO - (-0.01 -98.0 8.821)
2025-10-02 17:22:14,541 - INFO - (-0.001 -98.0 9.801)
2025-10-02 17:22:14,551 - INFO - (0.008 -98.0 9.801)
2025-10-02 17:22:14,561 - INFO - (0.019 -98.0 9.801)
2025-10-02 17:22:14,571 - INFO - (0.031 -98.0 9.801)
2025-10-02 17:22:14,581 - INFO - (0.043 -98.0 9.801)
2025-10-02 17:22:14,591 - INFO - (0.057 -98.0 9.801)
2025-10-02 17:22:14,601 - INFO - (0.071 -98.0 9.801)
2025-10-02 17:22:14,611 - INFO - (0.087 -98.0 9.801)
2025-10-02 17:22:14,621 - INFO - (0.104 -98.0 9.801)
2025-10-02 17:22:14,631 - INFO - (0.121 -98.0 9.801)
2025-10-02 17:22:14,641 - INFO - (0.14 -98.0 9.801)
2025-10-02 17:22:14,651 - INFO - (0.159 -98.0 9.801)
2025-10-02 17:22:14,661 - INFO - (0.177 -98.0 8.821)
2025-10-02 17:22:14,671 - INFO - (0.201 -98.0 10.781)
2025-10-02 17:22:14,681 - INFO - (0.223 -98.0 9.801)
2025-10-02 17:22:14,691 - INFO - (0.247 -98.0 9.801)
2025-10-02 17:22:14,701 - INFO - (0.269 -98.0 8.821)
2025-10-02 17:22:14,711 - INFO - (0.297 -98.0 10.781)
2025-10-02 17:22:14,721 - INFO - (0.323 -98.0 9.801)
2025-10-02 17:22:14,731 - INFO - (0.348 -98.0 8.821)
2025-10-02 17:22:14,741 - INFO - (0.379 -98.0 10.781)
2025-10-02 17:22:14,751 - INFO - (0.408 -98.0 9.801)
2025-10-02 17:22:14,761 - INFO - (0.435 -98.0 8.821)
2025-10-02 17:22:14,771 - INFO - (0.469 -98.0 10.781)
2025-10-02 17:22:14,781 - INFO - (0.502 -98.0 9.801)
2025-10-02 17:22:14,791 - INFO - (0.535 -98.0 9.801)
2025-10-02 17:22:14,801 - INFO - (0.569 -98.0 9.801)
2025-10-02 17:22:14,811 - INFO - (0.604 -98.0 9.801)
2025-10-02 17:22:14,821 - INFO - (0.64 -98.0 9.801)
2025-10-02 17:22:14,831 - INFO - (0.678 -98.0 9.801)
2025-10-02 17:22:14,842 - INFO - (0.716 -98.0 9.801)
2025-10-02 17:22:14,852 - INFO - (0.755 -98.0 9.801)
2025-10-02 17:22:14,862 - INFO - (0.795 -98.0 9.801)
2025-10-02 17:22:14,872 - INFO - (0.836 -98.0 9.801)
2025-10-02 17:22:14,882 - INFO - (0.878 -98.0 9.801)
2025-10-02 17:22:14,892 - INFO - (0.921 -98.0 9.801)
2025-10-02 17:22:14,901 - INFO - (0.965 -98.0 9.801)
2025-10-02 17:22:14,911 - INFO - (1.01 -98.0 9.801)
2025-10-02 17:22:14,921 - INFO - (1.056 -98.0 9.801)
2025-10-02 17:22:14,931 - INFO - (1.103 -98.0 9.801)
2025-10-02 17:22:14,941 - INFO - (1.151 -98.0 9.801)
2025-10-02 17:22:14,951 - INFO - (1.2 -98.0 9.801)
2025-10-02 17:22:14,961 - INFO - (1.244 -98.0 8.821)
2025-10-02 17:22:14,971 - INFO - (1.3 -98.0 10.781)
2025-10-02 17:22:14,981 - INFO - (1.347 -98.0 8.821)
2025-10-02 17:22:14,991 - INFO - (1.4 -98.0 9.801)
2025-10-02 17:22:15,001 - INFO - (1.453 -98.0 9.801)
2025-10-02 17:22:15,011 - INFO - (1.514 -98.0 10.781)
2025-10-02 17:22:15,021 - INFO - (1.564 -98.0 8.821)
2025-10-02 17:22:15,031 - INFO - (1.626 -98.0 10.781)
2025-10-02 17:22:15,041 - INFO - (1.684 -98.0 9.801)
2025-10-02 17:22:15,051 - INFO - (1.743 -98.0 9.801)
2025-10-02 17:22:15,061 - INFO - (1.796 -98.0 8.821)
2025-10-02 17:22:15,071 - INFO - (1.863 -98.0 10.781)
2025-10-02 17:22:15,081 - INFO - (1.924 -98.0 9.801)
2025-10-02 17:22:15,091 - INFO - (1.987 -98.0 9.801)
2025-10-02 17:22:15,101 - INFO - (2.051 -98.0 9.801)
2025-10-02 17:22:15,111 - INFO - (2.115 -98.0 9.801)
2025-10-02 17:22:15,121 - INFO - (2.181 -98.0 9.801)
2025-10-02 17:22:15,131 - INFO - (2.247 -98.0 9.801)
2025-10-02 17:22:15,141 - INFO - (2.315 -98.0 9.801)
2025-10-02 17:22:15,151 - INFO - (2.383 -98.0 9.801)
2025-10-02 17:22:15,161 - INFO - (2.453 -98.0 9.801)
2025-10-02 17:22:15,171 - INFO - (2.523 -98.0 9.801)
2025-10-02 17:22:15,181 - INFO - (2.595 -98.0 9.801)
2025-10-02 17:22:15,191 - INFO - (2.667 -98.0 9.801)
2025-10-02 17:22:15,201 - INFO - (2.733 -98.0 8.821)
2025-10-02 17:22:15,211 - INFO - (2.807 -98.0 9.801)
2025-10-02 17:22:15,221 - INFO - (2.883 -98.0 9.801)
2025-10-02 17:22:15,231 - INFO - (2.959 -98.0 9.801)
2025-10-02 17:22:15,241 - INFO - (3.036 -98.0 9.801)
2025-10-02 17:22:15,251 - INFO - (3.114 -98.0 9.801)
2025-10-02 17:22:15,261 - INFO - (3.194 -98.0 9.801)
2025-10-02 17:22:15,271 - INFO - (3.274 -98.0 9.801)
2025-10-02 17:22:15,281 - INFO - (3.355 -98.0 9.801)
2025-10-02 17:22:15,291 - INFO - (3.437 -98.0 9.801)
2025-10-02 17:22:15,301 - INFO - (3.52 -98.0 9.801)
2025-10-02 17:22:15,311 - INFO - (3.604 -98.0 9.801)
2025-10-02 17:22:15,321 - INFO - (3.689 -98.0 9.801)
2025-10-02 17:22:15,331 - INFO - (3.775 -98.0 9.801)
2025-10-02 17:22:15,341 - INFO - (3.862 -98.0 9.801)
2025-10-02 17:22:15,351 - INFO - (3.95 -98.0 9.801)
2025-10-02 17:22:15,361 - INFO - (4.039 -98.0 9.801)
2025-10-02 17:22:15,371 - INFO - (4.129 -98.0 9.801)
2025-10-02 17:22:15,381 - INFO - (4.22 -98.0 9.801)
2025-10-02 17:22:15,391 - INFO - (4.312 -98.0 9.801)
2025-10-02 17:22:15,401 - INFO - (4.396 -98.0 8.821)
2025-10-02 17:22:15,411 - INFO - (4.499 -98.0 10.781)
2025-10-02 17:22:15,421 - INFO - (4.594 -98.0 9.801)
2025-10-02 17:22:15,431 - INFO - (4.69 -98.0 9.801)
2025-10-02 17:22:15,441 - INFO - (4.786 -98.0 9.801)
2025-10-02 17:22:15,452 - INFO - (4.884 -98.0 9.801)
2025-10-02 17:22:15,462 - INFO - (4.983 -98.0 9.801)
2025-10-02 17:22:15,472 - INFO - (5.083 -98.0 9.801)
2025-10-02 17:22:15,481 - INFO - (5.184 -98.0 9.801)
2025-10-02 17:22:15,491 - INFO - (5.275 -98.0 8.821)
2025-10-02 17:22:15,501 - INFO - (5.378 -98.0 9.801)
2025-10-02 17:22:15,511 - INFO - (5.492 -98.0 10.781)
2025-10-02 17:22:15,521 - INFO - (5.596 -98.0 9.801)
2025-10-02 17:22:15,531 - INFO - (5.691 -98.0 8.821)
2025-10-02 17:22:15,541 - INFO - (5.798 -98.0 9.801)
2025-10-02 17:22:15,551 - INFO - (5.905 -98.0 9.801)
2025-10-02 17:22:15,561 - INFO - (6.014 -98.0 9.801)
2025-10-02 17:22:15,572 - INFO - (6.123 -98.0 9.801)
2025-10-02 17:22:15,582 - INFO - (6.234 -98.0 9.801)
2025-10-02 17:22:15,592 - INFO - (6.345 -98.0 9.801)
2025-10-02 17:22:15,602 - INFO - (6.458 -98.0 9.801)
2025-10-02 17:22:15,612 - INFO - (6.571 -98.0 9.801)
2025-10-02 17:22:15,621 - INFO - (6.685 -98.0 9.801)
2025-10-02 17:22:15,631 - INFO - (6.801 -98.0 9.801)
2025-10-02 17:22:15,641 - INFO - (6.917 -98.0 9.801)
2025-10-02 17:22:15,651 - INFO - (7.034 -98.0 9.801)
2025-10-02 17:22:15,661 - INFO - (7.141 -98.0 8.821)
2025-10-02 17:22:15,671 - INFO - (7.26 -98.0 9.801)
2025-10-02 17:22:15,681 - INFO - (7.392 -98.0 10.781)
2025-10-02 17:22:15,691 - INFO - (7.513 -98.0 9.801)
2025-10-02 17:22:15,701 - INFO - (7.636 -98.0 9.801)
2025-10-02 17:22:15,711 - INFO - (7.759 -98.0 9.801)
2025-10-02 17:22:15,721 - INFO - (7.883 -98.0 9.801)
2025-10-02 17:22:15,753 - INFO - (8.008 -98.0 9.801)
2025-10-02 17:22:15,754 - INFO - (8.008 -98.0 0.0)
2025-10-02 17:22:15,762 - INFO - (8.428 -98.0 32.342)
2025-10-02 17:22:15,772 - INFO - (8.518 -98.0 8.383)
2025-10-02 17:22:15,782 - INFO - (8.648 -98.0 8.278)
2025-10-02 17:22:15,791 - INFO - (8.779 -98.0 9.801)
2025-10-02 17:22:15,801 - INFO - (8.911 -98.0 9.801)
2025-10-02 17:22:15,811 - INFO - (9.044 -98.0 9.801)
2025-10-02 17:22:15,821 - INFO - (9.178 -98.0 9.801)
2025-10-02 17:22:15,831 - INFO - (9.313 -98.0 9.801)
2025-10-02 17:22:15,841 - INFO - (9.449 -98.0 9.801)
2025-10-02 17:22:15,851 - INFO - (9.586 -98.0 9.801)
2025-10-02 17:22:15,861 - INFO - (9.738 -98.0 10.781)
2025-10-02 17:22:15,871 - INFO - (9.863 -98.0 8.821)
2025-10-02 17:22:15,881 - INFO - (10.003 -98.0 9.801)
2025-10-02 17:22:15,891 - INFO - (10.144 -98.0 9.801)
2025-10-02 17:22:15,901 - INFO - (10.285 -98.0 9.801)
2025-10-02 17:22:15,911 - INFO - (10.428 -98.0 9.801)
2025-10-02 17:22:15,921 - INFO - (10.572 -98.0 9.801)
2025-10-02 17:22:15,931 - INFO - (10.717 -98.0 9.801)
2025-10-02 17:22:15,941 - INFO - (10.862 -98.0 9.801)
2025-10-02 17:22:15,951 - INFO - (11.009 -98.0 9.801)
2025-10-02 17:22:15,961 - INFO - (11.157 -98.0 9.801)
2025-10-02 17:22:15,971 - INFO - (11.291 -98.0 8.821)
2025-10-02 17:22:15,981 - INFO - (11.455 -98.0 10.781)
2025-10-02 17:22:15,991 - INFO - (11.606 -98.0 9.801)
2025-10-02 17:22:16,001 - INFO - (11.742 -98.0 8.821)
2025-10-02 17:22:16,011 - INFO - (11.895 -98.0 9.801)
2025-10-02 17:22:16,021 - INFO - (12.048 -98.0 9.801)
2025-10-02 17:22:16,031 - INFO - (12.203 -98.0 9.801)
2025-10-02 17:22:16,041 - INFO - (12.358 -98.0 9.801)
2025-10-02 17:22:16,051 - INFO - (12.514 -98.0 9.801)
2025-10-02 17:22:16,061 - INFO - (12.672 -98.0 9.8)
2025-10-02 17:22:16,072 - INFO - (12.83 -98.0 9.804)
2025-10-02 17:22:16,082 - INFO - (13.006 -98.0 10.787)
2025-10-02 17:22:16,092 - INFO - (13.15 -98.0 8.825)
2025-10-02 17:22:16,102 - INFO - (13.311 -98.0 9.806)
2025-10-02 17:22:16,112 - INFO - (13.473 -98.0 9.763)
2025-10-02 17:22:16,121 - INFO - (13.636 -98.0 8.907)
2025-10-02 17:22:16,131 - INFO - (13.817 -98.0 8.268)
2025-10-02 17:22:16,141 - INFO - (13.982 -98.0 5.846)
2025-10-02 17:22:16,151 - INFO - (14.147 -98.0 4.58)
2025-10-02 17:22:16,161 - INFO - (14.312 -98.0 3.599)
2025-10-02 17:22:16,171 - INFO - (14.462 -98.0 2.567)
2025-10-02 17:22:16,181 - INFO - (14.645 -98.0 2.46)
2025-10-02 17:22:16,191 - INFO - (14.811 -98.0 1.727)
2025-10-02 17:22:16,201 - INFO - (14.978 -98.0 1.352)
2025-10-02 17:22:16,211 - INFO - (15.144 -98.0 1.059)
2025-10-02 17:22:16,221 - INFO - (15.311 -98.0 0.832)
2025-10-02 17:22:16,231 - INFO - (15.461 -98.0 0.598)
2025-10-02 17:22:16,241 - INFO - (15.645 -98.0 0.573)
2025-10-02 17:22:16,251 - INFO - (15.812 -98.0 0.403)
2025-10-02 17:22:16,261 - INFO - (15.962 -98.0 0.283)
2025-10-02 17:22:16,271 - INFO - (16.129 -98.0 0.249)
2025-10-02 17:22:16,281 - INFO - (16.296 -98.0 0.195)
2025-10-02 17:22:16,291 - INFO - (16.463 -98.0 0.156)
2025-10-02 17:22:16,301 - INFO - (16.63 -98.0 0.127)
2025-10-02 17:22:16,311 - INFO - (16.814 -98.0 0.108)
2025-10-02 17:22:16,321 - INFO - (16.964 -98.0 0.069)
2025-10-02 17:22:16,331 - INFO - (17.148 -98.0 0.071)
2025-10-02 17:22:16,341 - INFO - (17.315 -98.0 0.05)
2025-10-02 17:22:16,351 - INFO - (17.482 -98.0 0.039)
2025-10-02 17:22:16,361 - INFO - (17.649 -98.0 0.026)
2025-10-02 17:22:16,371 - INFO - (17.799 -98.0 0.017)
2025-10-02 17:22:16,381 - INFO - (17.983 -98.0 0.016)
2025-10-02 17:22:16,392 - INFO - (18.134 -98.0 0.01)
2025-10-02 17:22:16,401 - INFO - (18.301 -98.0 0.007)
2025-10-02 17:22:16,411 - INFO - (18.468 -98.0 0.005)
2025-10-02 17:22:16,421 - INFO - (18.635 -98.0 0.004)
2025-10-02 17:22:16,431 - INFO - (18.802 -98.0 0.002)
2025-10-02 17:22:16,441 - INFO - (18.969 -98.0 0.001)
2025-10-02 17:22:16,451 - INFO - (19.136 -98.0 0.001)
2025-10-02 17:22:16,461 - INFO - (19.303 -98.0 0.0)
2025-10-02 17:22:16,471 - INFO - (19.47 -98.0 -0.001)
2025-10-02 17:22:16,481 - INFO - (19.637 -98.0 -0.001)
2025-10-02 17:22:16,491 - INFO - (19.804 -98.0 -0.001)
2025-10-02 17:22:16,501 - INFO - (19.971 -98.0 0.003)
2025-10-02 17:22:16,511 - INFO - (20.139 -98.0 0.002)
2025-10-02 17:22:16,521 - INFO - (20.306 -98.0 0.002)
2025-10-02 17:22:16,531 - INFO - (20.473 -98.0 0.003)
2025-10-02 17:22:16,541 - INFO - (20.64 -98.0 0.004)
2025-10-02 17:22:16,551 - INFO - (20.807 -98.0 0.003)
2025-10-02 17:22:16,561 - INFO - (20.974 -98.0 0.003)
2025-10-02 17:22:16,571 - INFO - (21.141 -98.0 0.005)
2025-10-02 17:22:16,581 - INFO - (21.308 -98.0 0.004)
2025-10-02 17:22:16,591 - INFO - (21.475 -98.0 0.003)
2025-10-02 17:22:16,601 - INFO - (21.642 -98.0 0.004)
2025-10-02 17:22:16,611 - INFO - (21.809 -98.0 0.003)
2025-10-02 17:22:16,621 - INFO - (21.977 -98.0 0.002)
2025-10-02 17:22:16,631 - INFO - (22.144 -98.0 0.002)
2025-10-02 17:22:16,641 - INFO - (22.311 -98.0 0.002)
2025-10-02 17:22:16,651 - INFO - (22.478 -98.0 0.001)
2025-10-02 17:22:16,661 - INFO - (22.645 -98.0 0.001)
2025-10-02 17:22:16,671 - INFO - (22.812 -98.0 0.001)
2025-10-02 17:22:16,681 - INFO - (22.979 -98.0 0.001)
2025-10-02 17:22:16,691 - INFO - (23.146 -98.0 0.001)
2025-10-02 17:22:16,701 - INFO - (23.313 -98.0 0.001)
2025-10-02 17:22:16,711 - INFO - (23.48 -98.0 0.0)
2025-10-02 17:22:16,721 - INFO - (23.647 -98.0 0.0)
2025-10-02 17:22:16,731 - INFO - (23.815 -98.0 0.0)
2025-10-02 17:22:16,741 - INFO - (23.982 -98.0 0.001)
2025-10-02 17:22:16,751 - INFO - (24.149 -98.0 0.001)
2025-10-02 17:22:16,761 - INFO - (24.316 -98.0 0.0)
2025-10-02 17:22:16,771 - INFO - (24.483 -98.0 0.001)
2025-10-02 17:22:16,781 - INFO - (24.65 -98.0 0.001)
2025-10-02 17:22:16,791 - INFO - (24.817 -98.0 0.001)
2025-10-02 17:22:16,801 - INFO - (24.984 -98.0 0.0)
2025-10-02 17:22:16,811 - INFO - (25.151 -98.0 -0.001)
2025-10-02 17:22:16,821 - INFO - (25.318 -98.0 -0.0)
2025-10-02 17:22:16,831 - INFO - (25.485 -98.0 -0.0)
2025-10-02 17:22:16,841 - INFO - (25.653 -98.0 -0.001)
2025-10-02 17:22:16,851 - INFO - (25.82 -98.0 -0.001)
2025-10-02 17:22:16,861 - INFO - (25.987 -98.0 -0.001)
2025-10-02 17:22:16,871 - INFO - (26.154 -98.0 -0.001)
2025-10-02 17:22:16,881 - INFO - (26.321 -98.0 -0.001)
2025-10-02 17:22:16,891 - INFO - (26.488 -98.0 -0.001)
2025-10-02 17:22:16,901 - INFO - (26.655 -98.0 -0.001)
2025-10-02 17:22:16,911 - INFO - (26.822 -98.0 -0.001)
2025-10-02 17:22:16,921 - INFO - (26.989 -98.0 -0.001)
2025-10-02 17:22:16,931 - INFO - (27.156 -98.0 -0.001)
2025-10-02 17:22:16,941 - INFO - (27.324 -98.0 -0.001)
2025-10-02 17:22:16,951 - INFO - (27.491 -98.0 -0.001)
2025-10-02 17:22:16,961 - INFO - (27.658 -98.0 -0.001)
2025-10-02 17:22:16,971 - INFO - (27.825 -98.0 -0.001)
2025-10-02 17:22:16,981 - INFO - (27.992 -98.0 -0.001)
2025-10-02 17:22:16,992 - INFO - (28.159 -98.0 -0.001)
2025-10-02 17:22:17,001 - INFO - (28.326 -98.0 -0.001)
2025-10-02 17:22:17,011 - INFO - (28.493 -98.0 -0.001)
2025-10-02 17:22:17,021 - INFO - (28.66 -98.0 -0.001)
2025-10-02 17:22:17,031 - INFO - (28.827 -98.0 -0.001)
2025-10-02 17:22:17,041 - INFO - (28.994 -98.0 -0.001)
2025-10-02 17:22:17,051 - INFO - (29.162 -98.0 -0.001)
2025-10-02 17:22:17,061 - INFO - (29.329 -98.0 -0.001)
2025-10-02 17:22:17,071 - INFO - (29.496 -98.0 -0.001)
2025-10-02 17:22:17,081 - INFO - (29.663 -98.0 -0.001)
2025-10-02 17:22:17,091 - INFO - (29.83 -98.0 -0.001)
2025-10-02 17:22:17,101 - INFO - (29.997 -98.0 -0.001)
2025-10-02 17:22:17,111 - INFO - (30.164 -98.0 -0.001)
2025-10-02 17:22:17,121 - INFO - (30.331 -98.0 -0.001)
2025-10-02 17:22:17,131 - INFO - (30.498 -98.0 -0.001)
2025-10-02 17:22:17,141 - INFO - (30.665 -98.0 -0.001)
2025-10-02 17:22:17,151 - INFO - (30.832 -98.0 -0.001)
2025-10-02 17:22:17,161 - INFO - (31.0 -98.0 -0.001)
2025-10-02 17:22:17,171 - INFO - (31.167 -98.0 -0.001)
2025-10-02 17:22:17,181 - INFO - (31.334 -98.0 -0.001)
2025-10-02 17:22:17,191 - INFO - (31.501 -98.0 -0.001)
2025-10-02 17:22:17,201 - INFO - (31.651 -98.0 -0.0)
2025-10-02 17:22:17,211 - INFO - (31.818 -98.0 -0.0)
2025-10-02 17:22:17,221 - INFO - (31.985 -98.0 -0.0)
2025-10-02 17:22:17,231 - INFO - (32.152 -98.0 -0.0)
2025-10-02 17:22:17,241 - INFO - (32.32 -98.0 -0.0)
2025-10-02 17:22:17,251 - INFO - (32.503 -98.0 -0.0)
2025-10-02 17:22:17,261 - INFO - (32.67 -98.0 -0.0)
2025-10-02 17:22:17,271 - INFO - (32.837 -98.0 -0.0)
2025-10-02 17:22:17,281 - INFO - (33.005 -98.0 -0.0)
2025-10-02 17:22:17,291 - INFO - (33.172 -98.0 -0.0)
2025-10-02 17:22:17,301 - INFO - (33.322 -98.0 -0.0)
2025-10-02 17:22:17,311 - INFO - (33.506 -98.0 -0.0)
2025-10-02 17:22:17,321 - INFO - (33.673 -98.0 -0.0)
2025-10-02 17:22:17,331 - INFO - (33.84 -98.0 -0.0)
2025-10-02 17:22:17,341 - INFO - (34.007 -98.0 -0.0)
2025-10-02 17:22:17,351 - INFO - (34.174 -98.0 -0.0)
2025-10-02 17:22:17,361 - INFO - (34.341 -98.0 -0.0)
2025-10-02 17:22:17,371 - INFO - (34.508 -98.0 -0.0)
2025-10-02 17:22:17,381 - INFO - (34.675 -98.0 -0.0)
2025-10-02 17:22:17,391 - INFO - (34.843 -98.0 -0.0)
2025-10-02 17:22:17,401 - INFO - (35.01 -98.0 -0.0)
2025-10-02 17:22:17,411 - INFO - (35.177 -98.0 -0.0)
2025-10-02 17:22:17,421 - INFO - (35.344 -98.0 -0.0)
2025-10-02 17:22:17,431 - INFO - (35.511 -98.0 -0.0)
2025-10-02 17:22:17,441 - INFO - (35.678 -98.0 -0.0)
2025-10-02 17:22:17,451 - INFO - (35.845 -98.0 -0.0)
2025-10-02 17:22:17,461 - INFO - (36.012 -98.0 -0.0)
2025-10-02 17:22:17,471 - INFO - (36.179 -98.0 -0.0)
2025-10-02 17:22:17,481 - INFO - (36.346 -98.0 -0.0)
2025-10-02 17:22:17,491 - INFO - (36.513 -98.0 -0.0)
2025-10-02 17:22:17,501 - INFO - (36.664 -98.0 -0.0)
2025-10-02 17:22:17,511 - INFO - (36.831 -98.0 -0.0)
2025-10-02 17:22:17,521 - INFO - (36.998 -98.0 -0.0)
2025-10-02 17:22:17,531 - INFO - (37.182 -98.0 -0.0)
2025-10-02 17:22:17,541 - INFO - (37.349 -98.0 -0.0)
2025-10-02 17:22:17,551 - INFO - (37.516 -98.0 -0.0)
2025-10-02 17:22:17,561 - INFO - (37.683 -98.0 -0.0)
2025-10-02 17:22:17,571 - INFO - (37.833 -98.0 -0.0)
2025-10-02 17:22:17,582 - INFO - (38.001 -98.0 -0.0)
2025-10-02 17:22:17,591 - INFO - (38.184 -98.0 -0.0)
2025-10-02 17:22:17,601 - INFO - (38.335 -98.0 -0.0)
2025-10-02 17:22:17,611 - INFO - (38.502 -98.0 -0.0)
2025-10-02 17:22:17,621 - INFO - (38.669 -98.0 -0.0)
2025-10-02 17:22:17,631 - INFO - (38.836 -98.0 -0.0)
2025-10-02 17:22:17,641 - INFO - (39.003 -98.0 -0.0)
2025-10-02 17:22:17,652 - INFO - (39.17 -98.0 -0.0)
2025-10-02 17:22:17,662 - INFO - (39.337 -98.0 -0.0)
2025-10-02 17:22:17,672 - INFO - (39.504 -98.0 -0.0)
2025-10-02 17:22:17,682 - INFO - (39.671 -98.0 -0.0)
2025-10-02 17:22:17,691 - INFO - (39.839 -98.0 -0.001)
2025-10-02 17:22:17,701 - INFO - (40.006 -98.0 -0.0)
2025-10-02 17:22:17,711 - INFO - (40.173 -98.0 -0.0)
2025-10-02 17:22:17,721 - INFO - (40.34 -98.0 -0.0)
2025-10-02 17:22:17,731 - INFO - (40.49 -98.0 -0.0)
2025-10-02 17:22:17,741 - INFO - (40.657 -98.0 -0.0)
2025-10-02 17:22:17,751 - INFO - (40.824 -98.0 -0.0)
2025-10-02 17:22:17,761 - INFO - (40.991 -98.0 0.001)
2025-10-02 17:22:17,771 - INFO - (41.142 -98.0 0.001)
2025-10-02 17:22:17,781 - INFO - (41.326 -98.0 0.001)
2025-10-02 17:22:17,791 - INFO - (41.493 -98.0 0.002)
2025-10-02 17:22:17,801 - INFO - (41.66 -98.0 0.002)
2025-10-02 17:22:17,811 - INFO - (41.827 -98.0 0.001)
2025-10-02 17:22:17,821 - INFO - (41.994 -98.0 0.001)
2025-10-02 17:22:17,831 - INFO - (42.161 -98.0 0.001)
2025-10-02 17:22:17,841 - INFO - (42.328 -98.0 0.001)
2025-10-02 17:22:17,852 - INFO - (42.495 -98.0 0.001)
2025-10-02 17:22:17,862 - INFO - (42.679 -98.0 0.0)
2025-10-02 17:22:17,872 - INFO - (42.829 -98.0 -0.0)
2025-10-02 17:22:17,882 - INFO - (42.996 -98.0 -0.0)
2025-10-02 17:22:17,891 - INFO - (43.164 -98.0 -0.0)
2025-10-02 17:22:17,901 - INFO - (43.331 -98.0 -0.0)
2025-10-02 17:22:17,912 - INFO - (43.498 -98.0 -0.0)
2025-10-02 17:22:17,921 - INFO - (43.665 -98.0 -0.0)
2025-10-02 17:22:17,931 - INFO - (43.832 -98.0 -0.0)
2025-10-02 17:22:17,941 - INFO - (43.999 -98.0 -0.0)
2025-10-02 17:22:17,951 - INFO - (44.183 -98.0 -0.0)
2025-10-02 17:22:17,961 - INFO - (44.35 -98.0 -0.0)
2025-10-02 17:22:17,971 - INFO - (44.5 -98.0 -0.0)
2025-10-02 17:22:17,981 - INFO - (44.684 -98.0 -0.0)
2025-10-02 17:22:17,992 - INFO - (44.834 -98.0 -0.0)
2025-10-02 17:22:18,002 - INFO - (45.002 -98.0 -0.0)
2025-10-02 17:22:18,012 - INFO - (45.169 -98.0 -0.0)
2025-10-02 17:22:18,022 - INFO - (45.336 -98.0 -0.08)
2025-10-02 17:22:18,031 - INFO - (45.503 -98.0 0.08)
2025-10-02 17:22:18,041 - INFO - (45.67 -98.0 -0.0)
2025-10-02 17:22:18,051 - INFO - (45.837 -98.0 -0.0)
2025-10-02 17:22:18,061 - INFO - (46.004 -98.0 -0.0)
2025-10-02 17:22:18,071 - INFO - (46.171 -98.0 -0.0)
2025-10-02 17:22:18,081 - INFO - (46.338 -98.0 -0.0)
2025-10-02 17:22:18,091 - INFO - (46.505 -98.0 -0.0)
2025-10-02 17:22:18,101 - INFO - (46.672 -98.0 -0.0)
2025-10-02 17:22:18,111 - INFO - (46.84 -98.0 -0.0)
2025-10-02 17:22:18,121 - INFO - (47.007 -98.0 -0.0)
2025-10-02 17:22:18,131 - INFO - (47.157 -98.0 -0.0)
2025-10-02 17:22:18,141 - INFO - (47.341 -98.0 -0.0)
2025-10-02 17:22:18,151 - INFO - (47.508 -98.0 -0.0)
2025-10-02 17:22:18,161 - INFO - (47.658 -98.0 -0.0)
2025-10-02 17:22:18,171 - INFO - (47.825 -98.0 -0.0)
2025-10-02 17:22:18,181 - INFO - (47.992 -98.0 -0.0)
2025-10-02 17:22:18,192 - INFO - (48.16 -98.0 -0.0)
2025-10-02 17:22:18,201 - INFO - (48.343 -98.0 -0.0)
2025-10-02 17:22:18,211 - INFO - (48.494 -98.0 -0.0)
2025-10-02 17:22:18,221 - INFO - (48.678 -98.0 -0.0)
2025-10-02 17:22:18,231 - INFO - (48.845 -98.0 -0.0)
2025-10-02 17:22:18,241 - INFO - (49.012 -98.0 -0.0)
2025-10-02 17:22:18,251 - INFO - (49.179 -98.0 -0.0)
2025-10-02 17:22:18,261 - INFO - (49.346 -98.0 -0.0)
2025-10-02 17:22:18,271 - INFO - (49.496 -98.0 -0.0)
2025-10-02 17:22:18,281 - INFO - (49.68 -98.0 -0.0)
2025-10-02 17:22:18,291 - INFO - (49.83 -98.0 -0.0)
2025-10-02 17:22:18,301 - INFO - (49.998 -98.0 0.0)
2025-10-02 17:22:18,311 - INFO - (50.165 -98.0 0.001)
2025-10-02 17:22:18,321 - INFO - (50.332 -98.0 0.001)
2025-10-02 17:22:18,331 - INFO - (50.499 -98.0 0.001)
2025-10-02 17:22:18,341 - INFO - (50.666 -98.0 0.001)
2025-10-02 17:22:18,351 - INFO - (50.833 -98.0 0.001)
2025-10-02 17:22:18,361 - INFO - (51.017 -98.0 0.001)
2025-10-02 17:22:18,371 - INFO - (51.167 -98.0 0.001)
2025-10-02 17:22:18,381 - INFO - (51.351 -98.0 0.001)
2025-10-02 17:22:18,391 - INFO - (51.501 -98.0 0.001)
2025-10-02 17:22:18,401 - INFO - (51.668 -98.0 0.001)
2025-10-02 17:22:18,411 - INFO - (51.835 -98.0 0.001)
2025-10-02 17:22:18,421 - INFO - (52.003 -98.0 0.0)
2025-10-02 17:22:18,431 - INFO - (52.17 -98.0 0.0)
2025-10-02 17:22:18,441 - INFO - (52.337 -98.0 0.0)
2025-10-02 17:22:18,451 - INFO - (52.521 -98.0 0.0)
2025-10-02 17:22:18,461 - INFO - (52.671 -98.0 0.0)
2025-10-02 17:22:18,471 - INFO - (52.838 -98.0 -0.0)
2025-10-02 17:22:18,481 - INFO - (53.005 -98.0 -0.0)
2025-10-02 17:22:18,491 - INFO - (53.172 -98.0 -0.0)
2025-10-02 17:22:18,501 - INFO - (53.339 -98.0 -0.0)
2025-10-02 17:22:18,511 - INFO - (53.506 -98.0 -0.0)
2025-10-02 17:22:18,521 - INFO - (53.673 -98.0 -0.0)
2025-10-02 17:22:18,531 - INFO - (53.841 -98.0 -0.0)
2025-10-02 17:22:18,541 - INFO - (54.008 -98.0 -0.0)
2025-10-02 17:22:18,551 - INFO - (54.175 -98.0 -0.0)
2025-10-02 17:22:18,561 - INFO - (54.342 -98.0 -0.0)
2025-10-02 17:22:18,571 - INFO - (54.509 -98.0 -0.0)
2025-10-02 17:22:18,581 - INFO - (54.676 -98.0 -0.0)
2025-10-02 17:22:18,592 - INFO - (54.843 -98.0 -0.0)
2025-10-02 17:22:18,602 - INFO - (55.01 -98.0 -0.0)
2025-10-02 17:22:18,612 - INFO - (55.177 -98.0 -0.0)
2025-10-02 17:22:18,621 - INFO - (55.328 -98.0 -0.0)
2025-10-02 17:22:18,631 - INFO - (55.495 -98.0 -0.0)
2025-10-02 17:22:18,641 - INFO - (55.662 -98.0 -0.0)
2025-10-02 17:22:18,651 - INFO - (55.846 -98.0 -0.0)
2025-10-02 17:22:18,661 - INFO - (55.996 -98.0 -0.0)
2025-10-02 17:22:18,671 - INFO - (56.163 -98.0 -0.0)
2025-10-02 17:22:18,681 - INFO - (56.33 -98.0 -0.0)
2025-10-02 17:22:18,691 - INFO - (56.497 -98.0 -0.0)
2025-10-02 17:22:18,701 - INFO - (56.664 -98.0 -0.0)
2025-10-02 17:22:18,711 - INFO - (56.831 -98.0 -0.0)
2025-10-02 17:22:18,721 - INFO - (56.999 -98.0 -0.0)
2025-10-02 17:22:18,731 - INFO - (57.166 -98.0 -0.0)
2025-10-02 17:22:18,741 - INFO - (57.333 -98.0 -0.0)
2025-10-02 17:22:18,752 - INFO - (57.5 -98.0 -0.0)
2025-10-02 17:22:18,762 - INFO - (57.667 -98.0 -0.0)
2025-10-02 17:22:18,772 - INFO - (57.834 -98.0 -0.0)
2025-10-02 17:22:18,783 - INFO - (58.001 -98.0 -0.0)
2025-10-02 17:22:18,791 - INFO - (58.168 -98.0 -0.0)
2025-10-02 17:22:18,801 - INFO - (58.335 -98.0 -0.0)
2025-10-02 17:22:18,811 - INFO - (58.519 -98.0 -0.0)
2025-10-02 17:22:18,821 - INFO - (58.686 -98.0 -0.0)
2025-10-02 17:22:18,831 - INFO - (58.837 -98.0 -0.0)
2025-10-02 17:22:18,841 - INFO - (59.004 -98.0 -0.0)
2025-10-02 17:22:18,851 - INFO - (59.171 -98.0 -0.0)
2025-10-02 17:22:18,861 - INFO - (59.338 -98.0 -0.0)
2025-10-02 17:22:18,871 - INFO - (59.505 -98.0 -0.0)
2025-10-02 17:22:18,881 - INFO - (59.672 -98.0 -0.0)
2025-10-02 17:22:18,891 - INFO - (59.839 -98.0 -0.0)
2025-10-02 17:22:18,901 - INFO - (60.006 -98.0 -0.0)
2025-10-02 17:22:18,911 - INFO - (60.173 -98.0 -0.0)
2025-10-02 17:22:18,921 - INFO - (60.34 -98.0 0.0)
2025-10-02 17:22:18,931 - INFO - (60.507 -98.0 0.0)
2025-10-02 17:22:18,941 - INFO - (60.691 -98.0 0.0)
2025-10-02 17:22:18,951 - INFO - (60.858 -98.0 0.001)
2025-10-02 17:22:18,961 - INFO - (61.025 -98.0 0.001)
2025-10-02 17:22:18,971 - INFO - (61.176 -98.0 0.001)
2025-10-02 17:22:18,981 - INFO - (61.343 -98.0 0.001)
2025-10-02 17:22:18,991 - INFO - (61.51 -98.0 0.001)
2025-10-02 17:22:19,001 - INFO - (61.677 -98.0 0.001)
2025-10-02 17:22:19,011 - INFO - (61.861 -98.0 0.001)
2025-10-02 17:22:19,021 - INFO - (62.028 -98.0 0.001)
2025-10-02 17:22:19,031 - INFO - (62.195 -98.0 0.001)
2025-10-02 17:22:19,041 - INFO - (62.362 -98.0 0.001)
2025-10-02 17:22:19,051 - INFO - (62.529 -98.0 0.001)
2025-10-02 17:22:19,061 - INFO - (62.696 -98.0 0.001)
2025-10-02 17:22:19,071 - INFO - (62.863 -98.0 0.0)
2025-10-02 17:22:19,081 - INFO - (63.03 -98.0 0.0)
2025-10-02 17:22:19,091 - INFO - (63.198 -98.0 0.0)
2025-10-02 17:22:19,101 - INFO - (63.365 -98.0 0.0)
2025-10-02 17:22:19,111 - INFO - (63.532 -98.0 0.0)
2025-10-02 17:22:19,121 - INFO - (63.699 -98.0 -0.0)
2025-10-02 17:22:19,131 - INFO - (63.866 -98.0 -0.0)
2025-10-02 17:22:19,141 - INFO - (64.033 -98.0 -0.0)
2025-10-02 17:22:19,151 - INFO - (64.2 -98.0 -0.0)
2025-10-02 17:22:19,161 - INFO - (64.367 -98.0 -0.001)
2025-10-02 17:22:19,171 - INFO - (64.518 -98.0 -0.0)
2025-10-02 17:22:19,181 - INFO - (64.701 -98.0 -0.0)
2025-10-02 17:22:19,191 - INFO - (64.868 -98.0 -0.001)
2025-10-02 17:22:19,201 - INFO - (65.019 -98.0 -0.0)
2025-10-02 17:22:19,211 - INFO - (65.186 -98.0 -0.0)
2025-10-02 17:22:19,221 - INFO - (65.353 -98.0 -0.0)
2025-10-02 17:22:19,231 - INFO - (65.52 -98.0 -0.0)
2025-10-02 17:22:19,241 - INFO - (65.687 -98.0 -0.0)
2025-10-02 17:22:19,251 - INFO - (65.854 -98.0 -0.0)
2025-10-02 17:22:19,261 - INFO - (66.021 -98.0 -0.0)
2025-10-02 17:22:19,271 - INFO - (66.188 -98.0 -0.0)
2025-10-02 17:22:19,281 - INFO - (66.356 -98.0 -0.0)
2025-10-02 17:22:19,291 - INFO - (66.523 -98.0 -0.0)
2025-10-02 17:22:19,301 - INFO - (66.69 -98.0 -0.0)
2025-10-02 17:22:19,311 - INFO - (66.857 -98.0 -0.0)
2025-10-02 17:22:19,321 - INFO - (67.024 -98.0 -0.0)
2025-10-02 17:22:19,331 - INFO - (67.191 -98.0 -0.0)
2025-10-02 17:22:19,342 - INFO - (67.358 -98.0 -0.0)
2025-10-02 17:22:19,351 - INFO - (67.542 -98.0 -0.0)
2025-10-02 17:22:19,361 - INFO - (67.709 -98.0 -0.0)
2025-10-02 17:22:19,371 - INFO - (67.876 -98.0 -0.0)
2025-10-02 17:22:19,382 - INFO - (68.043 -98.0 -0.0)
2025-10-02 17:22:19,391 - INFO - (68.21 -98.0 -0.0)
2025-10-02 17:22:19,401 - INFO - (68.361 -98.0 -0.0)
2025-10-02 17:22:19,411 - INFO - (68.544 -98.0 -0.0)
2025-10-02 17:22:19,421 - INFO - (68.711 -98.0 -0.0)
2025-10-02 17:22:19,431 - INFO - (68.879 -98.0 -0.001)
2025-10-02 17:22:19,441 - INFO - (69.046 -98.0 -0.0)
2025-10-02 17:22:19,451 - INFO - (69.213 -98.0 -0.0)
2025-10-02 17:22:19,461 - INFO - (69.38 -98.0 -0.0)
2025-10-02 17:22:19,471 - INFO - (69.53 -98.0 -0.0)
2025-10-02 17:22:19,481 - INFO - (69.714 -98.0 -0.0)
2025-10-02 17:22:19,491 - INFO - (69.881 -98.0 0.0)
2025-10-02 17:22:19,501 - INFO - (70.048 -98.0 0.001)
2025-10-02 17:22:19,511 - INFO - (70.215 -98.0 0.001)
2025-10-02 17:22:19,521 - INFO - (70.382 -98.0 0.0)
2025-10-02 17:22:19,531 - INFO - (70.549 -98.0 0.001)
2025-10-02 17:22:19,541 - INFO - (70.7 -98.0 0.001)
2025-10-02 17:22:19,551 - INFO - (70.884 -98.0 0.001)
2025-10-02 17:22:19,561 - INFO - (71.051 -98.0 0.001)
2025-10-02 17:22:19,571 - INFO - (71.201 -98.0 0.001)
2025-10-02 17:22:19,581 - INFO - (71.385 -98.0 0.001)
2025-10-02 17:22:19,591 - INFO - (71.535 -98.0 0.0)
2025-10-02 17:22:19,601 - INFO - (71.702 -98.0 0.0)
2025-10-02 17:22:19,611 - INFO - (71.869 -98.0 0.0)
2025-10-02 17:22:19,621 - INFO - (72.037 -98.0 0.0)
2025-10-02 17:22:19,631 - INFO - (72.204 -98.0 0.0)
2025-10-02 17:22:19,641 - INFO - (72.371 -98.0 0.0)
2025-10-02 17:22:19,651 - INFO - (72.554 -98.0 0.0)
2025-10-02 17:22:19,661 - INFO - (72.722 -98.0 0.0)
2025-10-02 17:22:19,671 - INFO - (72.889 -98.0 -0.0)
2025-10-02 17:22:19,681 - INFO - (73.056 -98.0 -0.0)
2025-10-02 17:22:19,691 - INFO - (73.206 -98.0 -0.0)
2025-10-02 17:22:19,701 - INFO - (73.373 -98.0 -0.08)
2025-10-02 17:22:19,711 - INFO - (73.557 -98.0 0.08)
2025-10-02 17:22:19,721 - INFO - (73.724 -98.0 -0.0)
2025-10-02 17:22:19,731 - INFO - (73.891 -98.0 -0.0)
2025-10-02 17:22:19,742 - INFO - (74.058 -98.0 -0.0)
2025-10-02 17:22:19,751 - INFO - (74.225 -98.0 -0.0)
2025-10-02 17:22:19,761 - INFO - (74.376 -98.0 -0.0)
2025-10-02 17:22:19,771 - INFO - (74.56 -98.0 -0.0)
2025-10-02 17:22:19,781 - INFO - (74.727 -98.0 -0.0)
2025-10-02 17:22:19,791 - INFO - (74.894 -98.0 -0.0)
2025-10-02 17:22:19,801 - INFO - (75.061 -98.0 -0.0)
2025-10-02 17:22:19,811 - INFO - (75.228 -98.0 -0.0)
2025-10-02 17:22:19,821 - INFO - (75.395 -98.0 -0.0)
2025-10-02 17:22:19,831 - INFO - (75.562 -98.0 -0.0)
2025-10-02 17:22:19,841 - INFO - (75.729 -98.0 -0.0)
2025-10-02 17:22:19,851 - INFO - (75.896 -98.0 -0.0)
2025-10-02 17:22:19,861 - INFO - (76.063 -98.0 -0.0)
2025-10-02 17:22:19,871 - INFO - (76.23 -98.0 -0.0)
2025-10-02 17:22:19,881 - INFO - (76.398 -98.0 -0.0)
2025-10-02 17:22:19,891 - INFO - (76.548 -98.0 -0.0)
2025-10-02 17:22:19,901 - INFO - (76.715 -98.0 -0.0)
2025-10-02 17:22:19,911 - INFO - (76.882 -98.0 -0.0)
2025-10-02 17:22:19,921 - INFO - (77.049 -98.0 -0.0)
2025-10-02 17:22:19,931 - INFO - (77.216 -98.0 -0.0)
2025-10-02 17:22:19,941 - INFO - (77.383 -98.0 -0.0)
2025-10-02 17:22:19,951 - INFO - (77.55 -98.0 -0.0)
2025-10-02 17:22:19,961 - INFO - (77.718 -98.0 -0.0)
2025-10-02 17:22:19,971 - INFO - (77.885 -98.0 -0.0)
2025-10-02 17:22:19,982 - INFO - (78.052 -98.0 -0.0)
2025-10-02 17:22:19,992 - INFO - (78.219 -98.0 -0.0)
2025-10-02 17:22:20,002 - INFO - (78.386 -98.0 -0.0)
2025-10-02 17:22:20,012 - INFO - (78.553 -98.0 -0.0)
2025-10-02 17:22:20,022 - INFO - (78.72 -98.0 -0.0)
2025-10-02 17:22:20,032 - INFO - (78.887 -98.0 -0.0)
2025-10-02 17:22:20,041 - INFO - (79.038 -98.0 -0.0)
2025-10-02 17:22:20,051 - INFO - (79.221 -98.0 -0.0)
2025-10-02 17:22:20,061 - INFO - (79.388 -98.0 -0.0)
2025-10-02 17:22:20,071 - INFO - (79.556 -98.0 -0.0)
2025-10-02 17:22:20,081 - INFO - (79.723 -98.0 -0.0)
2025-10-02 17:22:20,091 - INFO - (79.89 -98.0 -0.0)
2025-10-02 17:22:20,101 - INFO - (80.04 -98.0 -0.0)
2025-10-02 17:22:20,111 - INFO - (80.207 -98.0 0.001)
2025-10-02 17:22:20,121 - INFO - (80.374 -98.0 0.0)
2025-10-02 17:22:20,131 - INFO - (80.541 -98.0 0.0)
2025-10-02 17:22:20,141 - INFO - (80.708 -98.0 0.001)
2025-10-02 17:22:20,151 - INFO - (80.876 -98.0 0.001)
2025-10-02 17:22:20,161 - INFO - (81.026 -98.0 0.001)
2025-10-02 17:22:20,171 - INFO - (81.193 -98.0 0.001)
2025-10-02 17:22:20,181 - INFO - (81.377 -98.0 0.001)
2025-10-02 17:22:20,191 - INFO - (81.544 -98.0 0.001)
2025-10-02 17:22:20,201 - INFO - (81.694 -98.0 0.001)
2025-10-02 17:22:20,212 - INFO - (81.861 -98.0 0.001)
2025-10-02 17:22:20,221 - INFO - (82.045 -98.0 0.001)
2025-10-02 17:22:20,231 - INFO - (82.212 -98.0 0.001)
2025-10-02 17:22:20,241 - INFO - (82.379 -98.0 0.0)
2025-10-02 17:22:20,251 - INFO - (82.546 -98.0 0.0)
2025-10-02 17:22:20,261 - INFO - (82.713 -98.0 0.0)
2025-10-02 17:22:20,271 - INFO - (82.881 -98.0 0.0)
2025-10-02 17:22:20,281 - INFO - (83.048 -98.0 -0.0)
2025-10-02 17:22:20,291 - INFO - (83.215 -98.0 -0.0)
2025-10-02 17:22:20,301 - INFO - (83.382 -98.0 -0.0)
2025-10-02 17:22:20,311 - INFO - (83.549 -98.0 -0.0)
2025-10-02 17:22:20,321 - INFO - (83.716 -98.0 -0.0)
2025-10-02 17:22:20,332 - INFO - (83.883 -98.0 -0.0)
2025-10-02 17:22:20,341 - INFO - (84.05 -98.0 -0.0)
2025-10-02 17:22:20,351 - INFO - (84.217 -98.0 -0.0)
2025-10-02 17:22:20,361 - INFO - (84.384 -98.0 -0.0)
2025-10-02 17:22:20,371 - INFO - (84.551 -98.0 -0.0)
2025-10-02 17:22:20,381 - INFO - (84.719 -98.0 -0.0)
2025-10-02 17:22:20,391 - INFO - (84.886 -98.0 -0.0)
2025-10-02 17:22:20,401 - INFO - (85.053 -98.0 -0.0)
2025-10-02 17:22:20,411 - INFO - (85.22 -98.0 -0.0)
2025-10-02 17:22:20,421 - INFO - (85.387 -98.0 -0.0)
2025-10-02 17:22:20,431 - INFO - (85.554 -98.0 -0.0)
2025-10-02 17:22:20,441 - INFO - (85.721 -98.0 -0.0)
2025-10-02 17:22:20,451 - INFO - (85.905 -98.0 -0.0)
2025-10-02 17:22:20,461 - INFO - (86.072 -98.0 -0.0)
2025-10-02 17:22:20,471 - INFO - (86.239 -98.0 -0.0)
2025-10-02 17:22:20,481 - INFO - (86.406 -98.0 -0.0)
2025-10-02 17:22:20,491 - INFO - (86.573 -98.0 -0.0)
2025-10-02 17:22:20,501 - INFO - (86.74 -98.0 -0.0)
2025-10-02 17:22:20,511 - INFO - (86.907 -98.0 -0.0)
2025-10-02 17:22:20,521 - INFO - (87.075 -98.0 -0.0)
2025-10-02 17:22:20,531 - INFO - (87.242 -98.0 -0.0)
2025-10-02 17:22:20,541 - INFO - (87.409 -98.0 -0.0)
2025-10-02 17:22:20,551 - INFO - (87.576 -98.0 -0.0)
2025-10-02 17:22:20,561 - INFO - (87.726 -98.0 -0.0)
2025-10-02 17:22:20,571 - INFO - (87.893 -98.0 -0.0)
2025-10-02 17:22:20,582 - INFO - (88.06 -98.0 -0.0)
2025-10-02 17:22:20,591 - INFO - (88.227 -98.0 -0.0)
2025-10-02 17:22:20,601 - INFO - (88.395 -98.0 -0.0)
2025-10-02 17:22:20,611 - INFO - (88.562 -98.0 -0.0)
2025-10-02 17:22:20,621 - INFO - (88.729 -98.0 -0.0)
2025-10-02 17:22:20,631 - INFO - (88.896 -98.0 -0.0)
2025-10-02 17:22:20,641 - INFO - (89.063 -98.0 -0.0)
2025-10-02 17:22:20,651 - INFO - (89.23 -98.0 -0.0)
2025-10-02 17:22:20,661 - INFO - (89.397 -98.0 -0.0)
2025-10-02 17:22:20,671 - INFO - (89.564 -98.0 -0.0)
2025-10-02 17:22:20,681 - INFO - (89.731 -98.0 -0.0)
2025-10-02 17:22:20,691 - INFO - (89.898 -98.0 -0.001)
2025-10-02 17:22:20,701 - INFO - (90.065 -98.0 -0.0)
2025-10-02 17:22:20,711 - INFO - (90.232 -98.0 -0.0)
2025-10-02 17:22:20,721 - INFO - (90.4 -98.0 0.0)
2025-10-02 17:22:20,731 - INFO - (90.567 -98.0 0.0)
2025-10-02 17:22:20,741 - INFO - (90.734 -98.0 0.0)
2025-10-02 17:22:20,751 - INFO - (90.901 -98.0 0.001)
2025-10-02 17:22:20,761 - INFO - (91.068 -98.0 0.001)
2025-10-02 17:22:20,771 - INFO - (91.218 -98.0 0.001)
2025-10-02 17:22:20,781 - INFO - (91.402 -98.0 0.001)
2025-10-02 17:22:20,791 - INFO - (91.569 -98.0 0.002)
2025-10-02 17:22:20,801 - INFO - (91.736 -98.0 0.001)
2025-10-02 17:22:20,811 - INFO - (91.903 -98.0 0.001)
2025-10-02 17:22:20,821 - INFO - (92.07 -98.0 0.001)
2025-10-02 17:22:20,831 - INFO - (92.238 -98.0 0.001)
2025-10-02 17:22:20,841 - INFO - (92.405 -98.0 0.001)
2025-10-02 17:22:20,851 - INFO - (92.572 -98.0 0.001)
2025-10-02 17:22:20,861 - INFO - (92.739 -98.0 0.001)
2025-10-02 17:22:20,871 - INFO - (92.906 -98.0 0.001)
2025-10-02 17:22:20,881 - INFO - (93.073 -98.0 0.0)
2025-10-02 17:22:20,891 - INFO - (93.24 -98.0 0.0)
2025-10-02 17:22:20,901 - INFO - (93.407 -98.0 0.0)
2025-10-02 17:22:20,911 - INFO - (93.574 -98.0 0.0)
2025-10-02 17:22:20,921 - INFO - (93.741 -98.0 -0.0)
2025-10-02 17:22:20,931 - INFO - (93.908 -98.0 -0.0)
2025-10-02 17:22:20,941 - INFO - (94.059 -98.0 -0.0)
2025-10-02 17:22:20,951 - INFO - (94.243 -98.0 -0.0)
2025-10-02 17:22:20,961 - INFO - (94.41 -98.0 -0.001)
2025-10-02 17:22:20,971 - INFO - (94.56 -98.0 -0.0)
2025-10-02 17:22:20,981 - INFO - (94.727 -98.0 -0.0)
2025-10-02 17:22:20,991 - INFO - (94.894 -98.0 -0.001)
2025-10-02 17:22:21,001 - INFO - (95.061 -98.0 -0.001)
2025-10-02 17:22:21,011 - INFO - (95.228 -98.0 -0.0)
2025-10-02 17:22:21,021 - INFO - (95.396 -98.0 -0.0)
2025-10-02 17:22:21,031 - INFO - (95.563 -98.0 0.001)
2025-10-02 17:22:21,041 - INFO - (95.73 -98.0 0.0)
2025-10-02 17:22:21,051 - INFO - (95.914 -98.0 0.0)
2025-10-02 17:22:21,061 - INFO - (96.081 -98.0 0.0)
2025-10-02 17:22:21,071 - INFO - (96.231 -98.0 0.0)
2025-10-02 17:22:21,081 - INFO - (96.415 -98.0 0.0)
2025-10-02 17:22:21,091 - INFO - (96.565 -98.0 -0.001)
2025-10-02 17:22:21,101 - INFO - (96.732 -98.0 -0.002)
2025-10-02 17:22:21,111 - INFO - (96.899 -98.0 -0.002)
2025-10-02 17:22:21,121 - INFO - (97.083 -98.0 -0.001)
2025-10-02 17:22:21,131 - INFO - (97.234 -98.0 -0.001)
2025-10-02 17:22:21,141 - INFO - (97.401 -98.0 -0.001)
2025-10-02 17:22:21,151 - INFO - (97.584 -98.0 -0.001)
2025-10-02 17:22:21,161 - INFO - (97.751 -98.0 -0.0)
2025-10-02 17:22:21,171 - INFO - (97.919 -98.0 -0.0)
2025-10-02 17:22:21,182 - INFO - (98.086 -98.0 -0.0)
2025-10-02 17:22:21,191 - INFO - (98.253 -98.0 -0.0)
2025-10-02 17:22:21,201 - INFO - (98.403 -98.0 0.0)
2025-10-02 17:22:21,211 - INFO - (98.587 -98.0 0.0)
2025-10-02 17:22:21,221 - INFO - (98.754 -98.0 0.0)
2025-10-02 17:22:21,231 - INFO - (98.921 -98.0 -0.0)
2025-10-02 17:22:21,241 - INFO - (99.088 -98.0 -0.0)
2025-10-02 17:22:21,251 - INFO - (99.255 -98.0 -0.0)
2025-10-02 17:22:21,261 - INFO - (99.422 -98.0 -0.0)
2025-10-02 17:22:21,271 - INFO - (99.589 -98.0 -0.0)
2025-10-02 17:22:21,281 - INFO - (99.757 -98.0 -0.0)
2025-10-02 17:22:21,291 - INFO - (99.924 -98.0 -0.0)
2025-10-02 17:22:21,301 - INFO - (100.091 -98.0 0.001)
2025-10-02 17:22:21,311 - INFO - (100.258 -98.0 0.001)
2025-10-02 17:22:21,321 - INFO - (100.425 -98.0 0.001)
2025-10-02 17:22:21,331 - INFO - (100.592 -98.0 0.001)
2025-10-02 17:22:21,341 - INFO - (100.759 -98.0 0.001)
2025-10-02 17:22:21,351 - INFO - (100.926 -98.0 0.001)
2025-10-02 17:22:21,361 - INFO - (101.077 -98.0 0.001)
2025-10-02 17:22:21,371 - INFO - (101.244 -98.0 0.001)
2025-10-02 17:22:21,381 - INFO - (101.411 -98.0 0.001)
2025-10-02 17:22:21,391 - INFO - (101.578 -98.0 0.001)
2025-10-02 17:22:21,401 - INFO - (101.745 -98.0 0.0)
2025-10-02 17:22:21,411 - INFO - (101.912 -98.0 0.0)
2025-10-02 17:22:21,421 - INFO - (102.079 -98.0 0.0)
2025-10-02 17:22:21,431 - INFO - (102.246 -98.0 0.0)
2025-10-02 17:22:21,441 - INFO - (102.43 -98.0 0.0)
2025-10-02 17:22:21,451 - INFO - (102.597 -98.0 0.0)
2025-10-02 17:22:21,461 - INFO - (102.764 -98.0 0.0)
2025-10-02 17:22:21,471 - INFO - (102.931 -98.0 -0.0)
2025-10-02 17:22:21,481 - INFO - (103.098 -98.0 -0.0)
2025-10-02 17:22:21,491 - INFO - (103.249 -98.0 -0.0)
2025-10-02 17:22:21,502 - INFO - (103.416 -98.0 -0.0)
2025-10-02 17:22:21,512 - INFO - (103.583 -98.0 -0.0)
2025-10-02 17:22:21,522 - INFO - (103.75 -98.0 -0.0)
2025-10-02 17:22:21,531 - INFO - (103.9 -98.0 -0.0)
2025-10-02 17:22:21,541 - INFO - (104.068 -98.0 8.632)
2025-10-02 17:22:21,551 - INFO - (104.236 -98.0 3.813)
2025-10-02 17:22:21,561 - INFO - (104.404 -98.0 -3.731)
2025-10-02 17:22:21,571 - INFO - (104.572 -98.0 -3.216)
2025-10-02 17:22:21,581 - INFO - (104.739 -98.0 -2.838)
2025-10-02 17:22:21,591 - INFO - (104.907 -98.0 -2.497)
2025-10-02 17:22:21,601 - INFO - (105.057 -98.0 -2.004)
2025-10-02 17:22:21,611 - INFO - (105.224 -98.0 -2.034)
2025-10-02 17:22:21,621 - INFO - (105.407 -98.0 -1.943)
2025-10-02 17:22:21,631 - INFO - (105.573 -98.0 -1.532)
2025-10-02 17:22:21,641 - INFO - (105.723 -98.0 -1.219)
2025-10-02 17:22:21,651 - INFO - (105.888 -98.0 -27.501)
2025-10-02 17:22:21,661 - INFO - (106.068 -98.0 -0.002)
2025-10-02 17:22:21,671 - INFO - (106.215 -98.0 -0.001)
2025-10-02 17:22:21,681 - INFO - (106.395 -98.0 -0.0)
2025-10-02 17:22:21,691 - INFO - (106.558 -98.0 0.001)
2025-10-02 17:22:21,701 - INFO - (106.705 -98.0 0.001)
2025-10-02 17:22:21,711 - INFO - (106.869 -98.0 0.002)
2025-10-02 17:22:21,721 - INFO - (107.049 -98.0 20.957)
2025-10-02 17:22:21,731 - INFO - (107.215 -98.0 7.505)
2025-10-02 17:22:21,741 - INFO - (107.382 -98.0 4.827)
2025-10-02 17:22:21,751 - INFO - (107.549 -98.0 4.331)
2025-10-02 17:22:21,761 - INFO - (107.717 -98.0 3.703)
2025-10-02 17:22:21,771 - INFO - (107.884 -98.0 3.105)
2025-10-02 17:22:21,782 - INFO - (108.052 -98.0 2.554)
2025-10-02 17:22:21,791 - INFO - (108.221 -98.0 2.113)
2025-10-02 17:22:21,801 - INFO - (108.389 -98.0 1.727)
2025-10-02 17:22:21,811 - INFO - (108.558 -98.0 1.273)
2025-10-02 17:22:21,821 - INFO - (108.727 -98.0 0.983)
2025-10-02 17:22:21,831 - INFO - (108.912 -98.0 0.807)
2025-10-02 17:22:21,841 - INFO - (109.08 -98.0 -17.3)
2025-10-02 17:22:21,851 - INFO - (109.248 -98.0 0.262)
2025-10-02 17:22:21,861 - INFO - (109.415 -98.0 1.562)
2025-10-02 17:22:21,871 - INFO - (109.566 -98.0 0.924)
2025-10-02 17:22:21,881 - INFO - (109.75 -98.0 0.504)
2025-10-02 17:22:21,891 - INFO - (109.917 -98.0 0.127)
2025-10-02 17:22:21,901 - INFO - (110.085 -98.0 -0.121)
2025-10-02 17:22:21,911 - INFO - (110.252 -98.0 -0.069)
2025-10-02 17:22:21,921 - INFO - (110.42 -98.0 -0.323)
2025-10-02 17:22:21,931 - INFO - (110.587 -98.0 -0.452)
2025-10-02 17:22:21,941 - INFO - (110.754 -98.0 -0.425)
2025-10-02 17:22:21,952 - INFO - (110.922 -98.0 -0.402)
2025-10-02 17:22:21,962 - INFO - (111.089 -98.0 -0.425)
2025-10-02 17:22:21,972 - INFO - (111.256 -98.0 -0.442)
2025-10-02 17:22:21,981 - INFO - (111.424 -98.0 -0.345)
2025-10-02 17:22:21,991 - INFO - (111.591 -98.0 -0.381)
2025-10-02 17:22:22,001 - INFO - (111.741 -98.0 -0.367)
2025-10-02 17:22:22,011 - INFO - (111.925 -98.0 -0.427)
2025-10-02 17:22:22,021 - INFO - (112.092 -98.0 -0.549)
2025-10-02 17:22:22,031 - INFO - (112.259 -98.0 -0.371)
2025-10-02 17:22:22,041 - INFO - (112.426 -98.0 -0.206)
2025-10-02 17:22:22,051 - INFO - (112.593 -98.0 -0.11)
2025-10-02 17:22:22,061 - INFO - (112.76 -98.0 -0.087)
2025-10-02 17:22:22,071 - INFO - (112.927 -98.0 -0.068)
2025-10-02 17:22:22,081 - INFO - (113.094 -98.0 0.004)
2025-10-02 17:22:22,091 - INFO - (113.261 -98.0 0.015)
2025-10-02 17:22:22,101 - INFO - (113.411 -98.0 0.011)
2025-10-02 17:22:22,111 - INFO - (113.578 -98.0 0.039)
2025-10-02 17:22:22,121 - INFO - (113.745 -98.0 0.09)
2025-10-02 17:22:22,131 - INFO - (113.912 -98.0 0.07)
2025-10-02 17:22:22,141 - INFO - (114.079 -98.0 0.055)
2025-10-02 17:22:22,151 - INFO - (114.245 -98.0 0.106)
2025-10-02 17:22:22,161 - INFO - (114.412 -98.0 0.088)
2025-10-02 17:22:22,171 - INFO - (114.579 -98.0 0.069)
2025-10-02 17:22:22,181 - INFO - (114.746 -98.0 0.105)
2025-10-02 17:22:22,191 - INFO - (114.913 -98.0 0.124)
2025-10-02 17:22:22,201 - INFO - (115.08 -98.0 0.097)
2025-10-02 17:22:22,211 - INFO - (115.231 -98.0 0.069)
2025-10-02 17:22:22,221 - INFO - (115.414 -98.0 0.098)
2025-10-02 17:22:22,231 - INFO - (115.581 -98.0 0.069)
2025-10-02 17:22:22,241 - INFO - (115.749 -98.0 0.054)
2025-10-02 17:22:22,251 - INFO - (115.916 -98.0 -0.01)
2025-10-02 17:22:22,261 - INFO - (116.083 -98.0 -0.026)
2025-10-02 17:22:22,271 - INFO - (116.25 -98.0 -0.021)
2025-10-02 17:22:22,281 - INFO - (116.417 -98.0 -0.031)
2025-10-02 17:22:22,291 - INFO - (116.584 -98.0 -0.054)
2025-10-02 17:22:22,301 - INFO - (116.751 -98.0 -0.043)
2025-10-02 17:22:22,311 - INFO - (116.918 -98.0 -0.033)
2025-10-02 17:22:22,321 - INFO - (117.085 -98.0 -0.047)
2025-10-02 17:22:22,331 - INFO - (117.252 -98.0 -0.039)
2025-10-02 17:22:22,341 - INFO - (117.402 -98.0 -0.028)
2025-10-02 17:22:22,351 - INFO - (117.586 -98.0 -0.038)
2025-10-02 17:22:22,361 - INFO - (117.753 -98.0 -0.037)
2025-10-02 17:22:22,371 - INFO - (117.903 -98.0 -0.026)
2025-10-02 17:22:22,382 - INFO - (118.087 -98.0 -0.028)
2025-10-02 17:22:22,391 - INFO - (118.254 -98.0 -0.039)
2025-10-02 17:22:22,401 - INFO - (118.404 -98.0 -0.028)
2025-10-02 17:22:22,411 - INFO - (118.571 -98.0 -0.024)
2025-10-02 17:22:22,421 - INFO - (118.755 -98.0 -0.032)
2025-10-02 17:22:22,431 - INFO - (118.922 -98.0 -0.027)
2025-10-02 17:22:22,441 - INFO - (119.089 -98.0 -0.021)
2025-10-02 17:22:22,451 - INFO - (119.256 -98.0 -0.021)
2025-10-02 17:22:22,461 - INFO - (119.423 -98.0 -0.026)
2025-10-02 17:22:22,471 - INFO - (119.573 -98.0 -0.018)
2025-10-02 17:22:22,481 - INFO - (119.74 -98.0 -0.016)
2025-10-02 17:22:22,491 - INFO - (119.923 -98.0 -0.03)
2025-10-02 17:22:22,501 - INFO - (120.09 -98.0 -0.023)
2025-10-02 17:22:22,511 - INFO - (120.257 -98.0 -0.018)
2025-10-02 17:22:22,521 - INFO - (120.424 -98.0 -0.012)
2025-10-02 17:22:22,531 - INFO - (120.575 -98.0 -0.007)
2025-10-02 17:22:22,541 - INFO - (120.742 -98.0 -0.006)
2025-10-02 17:22:22,551 - INFO - (120.925 -98.0 -0.001)
2025-10-02 17:22:22,561 - INFO - (121.092 -98.0 0.028)
2025-10-02 17:22:22,571 - INFO - (121.242 -98.0 0.019)
2025-10-02 17:22:22,581 - INFO - (121.426 -98.0 0.019)
2025-10-02 17:22:22,591 - INFO - (121.593 -98.0 0.037)
2025-10-02 17:22:22,601 - INFO - (121.743 -98.0 0.034)
2025-10-02 17:22:22,611 - INFO - (121.91 -98.0 0.03)
2025-10-02 17:22:22,621 - INFO - (122.077 -98.0 0.043)
2025-10-02 17:22:22,631 - INFO - (122.244 -98.0 0.101)
2025-10-02 17:22:22,641 - INFO - (122.411 -98.0 0.079)
2025-10-02 17:22:22,651 - INFO - (122.578 -98.0 0.062)
2025-10-02 17:22:22,661 - INFO - (122.745 -98.0 0.09)
2025-10-02 17:22:22,671 - INFO - (122.912 -98.0 1.68)
2025-10-02 17:22:22,681 - INFO - (123.096 -98.0 -0.455)
2025-10-02 17:22:22,691 - INFO - (123.263 -98.0 -0.416)
2025-10-02 17:22:22,701 - INFO - (123.43 -98.0 0.034)
2025-10-02 17:22:22,711 - INFO - (123.597 -98.0 -0.166)
2025-10-02 17:22:22,721 - INFO - (123.765 -98.0 -0.032)
2025-10-02 17:22:22,731 - INFO - (123.932 -98.0 0.148)
2025-10-02 17:22:22,741 - INFO - (124.099 -98.0 -1.14)
2025-10-02 17:22:22,751 - INFO - (124.266 -98.0 -0.809)
2025-10-02 17:22:22,761 - INFO - (124.432 -98.0 -0.224)
2025-10-02 17:22:22,771 - INFO - (124.599 -98.0 -1.507)
2025-10-02 17:22:22,781 - INFO - (124.766 -98.0 0.677)
2025-10-02 17:22:22,791 - INFO - (124.933 -98.0 1.226)
2025-10-02 17:22:22,801 - INFO - (125.1 -98.0 0.89)
2025-10-02 17:22:22,811 - INFO - (125.267 -98.0 0.635)
2025-10-02 17:22:22,821 - INFO - (125.434 -98.0 -0.219)
2025-10-02 17:22:22,831 - INFO - (125.601 -98.0 -1.28)
2025-10-02 17:22:22,841 - INFO - (125.768 -98.0 -0.471)
2025-10-02 17:22:22,851 - INFO - (125.935 -98.0 -0.326)
2025-10-02 17:22:22,861 - INFO - (126.102 -98.0 -0.074)
2025-10-02 17:22:22,871 - INFO - (126.268 -98.0 0.098)
2025-10-02 17:22:22,881 - INFO - (126.435 -98.0 0.077)
2025-10-02 17:22:22,891 - INFO - (126.602 -98.0 0.051)
2025-10-02 17:22:22,901 - INFO - (126.769 -98.0 -0.037)
2025-10-02 17:22:22,911 - INFO - (126.936 -98.0 -0.028)
2025-10-02 17:22:22,921 - INFO - (127.103 -98.0 -0.022)
2025-10-02 17:22:22,931 - INFO - (127.269 -98.0 0.081)
2025-10-02 17:22:22,941 - INFO - (127.436 -98.0 0.098)
2025-10-02 17:22:22,952 - INFO - (127.603 -98.0 0.077)
2025-10-02 17:22:22,962 - INFO - (127.787 -98.0 0.066)
2025-10-02 17:22:22,972 - INFO - (127.937 -98.0 0.042)
2025-10-02 17:22:22,985 - INFO - (128.104 -98.0 0.037)
2025-10-02 17:22:22,992 - INFO - (128.271 -98.0 0.029)
2025-10-02 17:22:23,001 - INFO - (128.421 -98.0 -0.143)
2025-10-02 17:22:23,011 - INFO - (128.588 -98.0 -0.142)
2025-10-02 17:22:23,021 - INFO - (128.755 -98.0 -0.112)
2025-10-02 17:22:23,031 - INFO - (128.921 -98.0 -0.136)
2025-10-02 17:22:23,041 - INFO - (129.088 -98.0 -0.167)
2025-10-02 17:22:23,051 - INFO - (129.255 -98.0 -0.131)
2025-10-02 17:22:23,061 - INFO - (129.422 -98.0 -0.103)
2025-10-02 17:22:23,071 - INFO - (129.589 -98.0 -0.193)
2025-10-02 17:22:23,081 - INFO - (129.755 -98.0 -0.15)
2025-10-02 17:22:23,091 - INFO - (129.922 -98.0 -0.118)
2025-10-02 17:22:23,101 - INFO - (130.089 -98.0 0.003)
2025-10-02 17:22:23,111 - INFO - (130.239 -98.0 0.05)
2025-10-02 17:22:23,121 - INFO - (130.422 -98.0 0.048)
2025-10-02 17:22:23,131 - INFO - (130.589 -98.0 0.071)
2025-10-02 17:22:23,141 - INFO - (130.756 -98.0 0.181)
2025-10-02 17:22:23,151 - INFO - (130.923 -98.0 0.141)
2025-10-02 17:22:23,161 - INFO - (131.09 -98.0 0.111)
2025-10-02 17:22:23,171 - INFO - (131.256 -98.0 0.248)
2025-10-02 17:22:23,181 - INFO - (131.423 -98.0 0.227)
2025-10-02 17:22:23,191 - INFO - (131.59 -98.0 0.178)
2025-10-02 17:22:23,201 - INFO - (131.757 -98.0 0.194)
2025-10-02 17:22:23,211 - INFO - (131.924 -98.0 0.22)
2025-10-02 17:22:23,221 - INFO - (132.091 -98.0 0.172)
2025-10-02 17:22:23,231 - INFO - (132.258 -98.0 0.135)
2025-10-02 17:22:23,241 - INFO - (132.408 -98.0 0.118)
2025-10-02 17:22:23,251 - INFO - (132.592 -98.0 0.112)
2025-10-02 17:22:23,261 - INFO - (132.759 -98.0 0.079)
2025-10-02 17:22:23,271 - INFO - (132.909 -98.0 0.044)
2025-10-02 17:22:23,281 - INFO - (133.076 -98.0 0.03)
2025-10-02 17:22:23,291 - INFO - (133.243 -98.0 0.023)
2025-10-02 17:22:23,301 - INFO - (133.41 -98.0 0.013)
2025-10-02 17:22:23,311 - INFO - (133.577 -98.0 -0.026)
2025-10-02 17:22:23,321 - INFO - (133.76 -98.0 1.28)
2025-10-02 17:22:23,331 - INFO - (133.928 -98.0 0.069)
2025-10-02 17:22:23,341 - INFO - (134.095 -98.0 -0.601)
2025-10-02 17:22:23,351 - INFO - (134.262 -98.0 -0.061)
2025-10-02 17:22:23,361 - INFO - (134.429 -98.0 -0.292)
2025-10-02 17:22:23,372 - INFO - (134.596 -98.0 -0.149)
2025-10-02 17:22:23,381 - INFO - (134.763 -98.0 0.354)
2025-10-02 17:22:23,391 - INFO - (134.93 -98.0 -0.608)
2025-10-02 17:22:23,401 - INFO - (135.097 -98.0 -0.71)
2025-10-02 17:22:23,411 - INFO - (135.264 -98.0 -0.235)
2025-10-02 17:22:23,421 - INFO - (135.43 -98.0 -0.182)
2025-10-02 17:22:23,431 - INFO - (135.597 -98.0 -1.484)
2025-10-02 17:22:23,441 - INFO - (135.764 -98.0 1.251)
2025-10-02 17:22:23,451 - INFO - (135.931 -98.0 1.38)
2025-10-02 17:22:23,461 - INFO - (136.098 -98.0 1.018)
2025-10-02 17:22:23,471 - INFO - (136.265 -98.0 0.198)
2025-10-02 17:22:23,481 - INFO - (136.432 -98.0 -0.056)
2025-10-02 17:22:23,491 - INFO - (136.599 -98.0 -1.239)
2025-10-02 17:22:23,501 - INFO - (136.766 -98.0 -0.141)
2025-10-02 17:22:23,511 - INFO - (136.933 -98.0 -0.29)
2025-10-02 17:22:23,521 - INFO - (137.1 -98.0 -0.257)
2025-10-02 17:22:23,531 - INFO - (137.267 -98.0 -0.202)
2025-10-02 17:22:23,541 - INFO - (137.434 -98.0 -0.237)
2025-10-02 17:22:23,551 - INFO - (137.601 -98.0 -0.285)
2025-10-02 17:22:23,561 - INFO - (137.768 -98.0 -0.223)
2025-10-02 17:22:23,571 - INFO - (137.918 -98.0 -0.16)
2025-10-02 17:22:23,582 - INFO - (138.101 -98.0 0.137)
2025-10-02 17:22:23,591 - INFO - (138.268 -98.0 0.116)
2025-10-02 17:22:23,601 - INFO - (138.435 -98.0 0.092)
2025-10-02 17:22:23,611 - INFO - (138.602 -98.0 0.236)
2025-10-02 17:22:23,621 - INFO - (138.768 -98.0 0.275)
2025-10-02 17:22:23,631 - INFO - (138.919 -98.0 0.216)
2025-10-02 17:22:23,641 - INFO - (139.086 -98.0 0.127)
2025-10-02 17:22:23,651 - INFO - (139.269 -98.0 -0.104)
2025-10-02 17:22:23,661 - INFO - (139.436 -98.0 -0.072)
2025-10-02 17:22:23,671 - INFO - (139.603 -98.0 -0.057)
2025-10-02 17:22:23,681 - INFO - (139.77 -98.0 -0.013)
2025-10-02 17:22:23,691 - INFO - (139.937 -98.0 -0.004)
2025-10-02 17:22:23,701 - INFO - (140.087 -98.0 -0.003)
2025-10-02 17:22:23,711 - INFO - (140.254 -98.0 0.003)
2025-10-02 17:22:23,721 - INFO - (140.421 -98.0 0.011)
2025-10-02 17:22:23,731 - INFO - (140.588 -98.0 0.009)
2025-10-02 17:22:23,741 - INFO - (140.755 -98.0 0.007)
2025-10-02 17:22:23,751 - INFO - (140.921 -98.0 0.112)
2025-10-02 17:22:23,761 - INFO - (141.088 -98.0 0.097)
2025-10-02 17:22:23,772 - INFO - (141.255 -98.0 0.076)
2025-10-02 17:22:23,782 - INFO - (141.422 -98.0 0.11)
2025-10-02 17:22:23,792 - INFO - (141.589 -98.0 0.129)
2025-10-02 17:22:23,802 - INFO - (141.756 -98.0 0.101)
2025-10-02 17:22:23,811 - INFO - (141.923 -98.0 0.091)
2025-10-02 17:22:23,821 - INFO - (142.09 -98.0 0.164)
2025-10-02 17:22:23,831 - INFO - (142.257 -98.0 0.128)
2025-10-02 17:22:23,841 - INFO - (142.424 -98.0 0.1)
2025-10-02 17:22:23,851 - INFO - (142.591 -98.0 0.043)
2025-10-02 17:22:23,861 - INFO - (142.758 -98.0 0.021)
2025-10-02 17:22:23,871 - INFO - (142.925 -98.0 0.016)
2025-10-02 17:22:23,881 - INFO - (143.092 -98.0 0.019)
2025-10-02 17:22:23,891 - INFO - (143.259 -98.0 0.027)
2025-10-02 17:22:23,901 - INFO - (143.426 -98.0 0.021)
2025-10-02 17:22:23,911 - INFO - (143.576 -98.0 0.015)
2025-10-02 17:22:23,921 - INFO - (143.76 -98.0 0.109)
2025-10-02 17:22:23,931 - INFO - (143.927 -98.0 0.092)
2025-10-02 17:22:23,941 - INFO - (144.094 -98.0 0.072)
2025-10-02 17:22:23,951 - INFO - (144.261 -98.0 0.009)
2025-10-02 17:22:23,961 - INFO - (144.412 -98.0 -0.112)
2025-10-02 17:22:23,971 - INFO - (144.579 -98.0 0.056)
2025-10-02 17:22:23,981 - INFO - (144.762 -98.0 -0.03)
2025-10-02 17:22:23,991 - INFO - (144.929 -98.0 -0.078)
2025-10-02 17:22:24,001 - INFO - (145.08 -98.0 -0.055)
2025-10-02 17:22:24,011 - INFO - (145.247 -98.0 -0.053)
2025-10-02 17:22:24,021 - INFO - (145.431 -98.0 -0.052)
2025-10-02 17:22:24,031 - INFO - (145.598 -98.0 -0.046)
2025-10-02 17:22:24,041 - INFO - (145.765 -98.0 -0.036)
2025-10-02 17:22:24,051 - INFO - (145.932 -98.0 -0.031)
2025-10-02 17:22:24,061 - INFO - (146.099 -98.0 -0.03)
2025-10-02 17:22:24,071 - INFO - (146.266 -98.0 -0.023)
2025-10-02 17:22:24,081 - INFO - (146.433 -98.0 -0.018)
2025-10-02 17:22:24,091 - INFO - (146.616 -98.0 -0.009)
2025-10-02 17:22:24,101 - INFO - (146.767 -98.0 -0.005)
2025-10-02 17:22:24,111 - INFO - (146.934 -98.0 -0.005)
2025-10-02 17:22:24,121 - INFO - (147.101 -98.0 0.001)
2025-10-02 17:22:24,131 - INFO - (147.284 -98.0 0.004)
2025-10-02 17:22:24,141 - INFO - (147.451 -98.0 0.003)
2025-10-02 17:22:24,151 - INFO - (147.618 -98.0 0.004)
2025-10-02 17:22:24,161 - INFO - (147.785 -98.0 0.01)
2025-10-02 17:22:24,171 - INFO - (147.952 -98.0 0.008)
2025-10-02 17:22:24,182 - INFO - (148.119 -98.0 0.006)
2025-10-02 17:22:24,191 - INFO - (148.286 -98.0 0.008)
2025-10-02 17:22:24,201 - INFO - (148.437 -98.0 0.006)
2025-10-02 17:22:24,211 - INFO - (148.604 -98.0 0.006)
2025-10-02 17:22:24,221 - INFO - (148.771 -98.0 0.004)
2025-10-02 17:22:24,231 - INFO - (148.938 -98.0 0.002)
2025-10-02 17:22:24,241 - INFO - (149.105 -98.0 0.001)
2025-10-02 17:22:24,251 - INFO - (149.272 -98.0 0.001)
2025-10-02 17:22:24,261 - INFO - (149.455 -98.0 -0.021)
2025-10-02 17:22:24,271 - INFO - (149.606 -98.0 -0.014)
2025-10-02 17:22:24,281 - INFO - (149.773 -98.0 -0.013)
2025-10-02 17:22:24,291 - INFO - (149.94 -98.0 -0.008)
2025-10-02 17:22:24,301 - INFO - (150.107 -98.0 -0.004)
2025-10-02 17:22:24,311 - INFO - (150.274 -98.0 -0.003)
2025-10-02 17:22:24,321 - INFO - (150.441 -98.0 0.005)
2025-10-02 17:22:24,331 - INFO - (150.608 -98.0 0.056)
2025-10-02 17:22:24,341 - INFO - (150.775 -98.0 0.043)
2025-10-02 17:22:24,351 - INFO - (150.942 -98.0 0.034)
2025-10-02 17:22:24,361 - INFO - (151.109 -98.0 0.081)
2025-10-02 17:22:24,371 - INFO - (151.276 -98.0 0.083)
2025-10-02 17:22:24,381 - INFO - (151.443 -98.0 0.065)
2025-10-02 17:22:24,391 - INFO - (151.61 -98.0 0.068)
2025-10-02 17:22:24,401 - INFO - (151.777 -98.0 0.086)
2025-10-02 17:22:24,411 - INFO - (151.944 -98.0 0.068)
2025-10-02 17:22:24,421 - INFO - (152.111 -98.0 0.053)
2025-10-02 17:22:24,431 - INFO - (152.278 -98.0 0.062)
2025-10-02 17:22:24,441 - INFO - (152.445 -98.0 0.05)
2025-10-02 17:22:24,451 - INFO - (152.612 -98.0 0.039)
2025-10-02 17:22:24,461 - INFO - (152.779 -98.0 0.024)
2025-10-02 17:22:24,471 - INFO - (152.946 -98.0 0.013)
2025-10-02 17:22:24,481 - INFO - (153.097 -98.0 0.01)
2025-10-02 17:22:24,491 - INFO - (153.28 -98.0 0.008)
2025-10-02 17:22:24,501 - INFO - (153.447 -98.0 -0.006)
2025-10-02 17:22:24,511 - INFO - (153.614 -98.0 -0.004)
2025-10-02 17:22:24,521 - INFO - (153.782 -98.0 -0.003)
2025-10-02 17:22:24,531 - INFO - (153.949 -98.0 -0.01)
2025-10-02 17:22:24,541 - INFO - (154.116 -98.0 -0.01)
2025-10-02 17:22:24,551 - INFO - (154.283 -98.0 -0.008)
2025-10-02 17:22:24,561 - INFO - (154.45 -98.0 -0.01)
2025-10-02 17:22:24,571 - INFO - (154.6 -98.0 -0.013)
2025-10-02 17:22:24,581 - INFO - (154.767 -98.0 -0.012)
2025-10-02 17:22:24,593 - INFO - (154.934 -98.0 -0.009)
2025-10-02 17:22:24,602 - INFO - (155.118 -98.0 -0.014)
2025-10-02 17:22:24,612 - INFO - (155.269 -98.0 -0.01)
2025-10-02 17:22:24,622 - INFO - (155.436 -98.0 -0.009)
2025-10-02 17:22:24,631 - INFO - (155.603 -98.0 -0.009)
2025-10-02 17:22:24,641 - INFO - (155.77 -98.0 -0.011)
2025-10-02 17:22:24,651 - INFO - (155.937 -98.0 -0.008)
2025-10-02 17:22:24,661 - INFO - (156.104 -98.0 -0.007)
2025-10-02 17:22:24,671 - INFO - (156.271 -98.0 -0.01)
2025-10-02 17:22:24,682 - INFO - (156.438 -98.0 -0.008)
2025-10-02 17:22:24,692 - INFO - (156.605 -98.0 -0.006)
2025-10-02 17:22:24,702 - INFO - (156.772 -98.0 -0.009)
2025-10-02 17:22:24,712 - INFO - (156.939 -98.0 -0.01)
2025-10-02 17:22:24,722 - INFO - (157.106 -98.0 -0.007)
2025-10-02 17:22:24,731 - INFO - (157.273 -98.0 -0.007)
2025-10-02 17:22:24,741 - INFO - (157.44 -98.0 -0.009)
2025-10-02 17:22:24,751 - INFO - (157.607 -98.0 -0.007)
2025-10-02 17:22:24,761 - INFO - (157.775 -98.0 -0.006)
2025-10-02 17:22:24,771 - INFO - (157.942 -98.0 -0.008)
2025-10-02 17:22:24,782 - INFO - (158.092 -98.0 -0.007)
2025-10-02 17:22:24,791 - INFO - (158.276 -98.0 -0.006)
2025-10-02 17:22:24,801 - INFO - (158.443 -98.0 -0.007)
2025-10-02 17:22:24,811 - INFO - (158.61 -98.0 -0.009)
2025-10-02 17:22:24,821 - INFO - (158.777 -98.0 -0.007)
2025-10-02 17:22:24,831 - INFO - (158.944 -98.0 -0.006)
2025-10-02 17:22:24,841 - INFO - (159.111 -98.0 -0.009)
2025-10-02 17:22:24,851 - INFO - (159.278 -98.0 -0.007)
2025-10-02 17:22:24,861 - INFO - (159.445 -98.0 -0.006)
2025-10-02 17:22:24,871 - INFO - (159.612 -98.0 -0.008)
2025-10-02 17:22:24,881 - INFO - (159.779 -98.0 -0.008)
2025-10-02 17:22:24,891 - INFO - (159.946 -98.0 -0.006)
2025-10-02 17:22:24,901 - INFO - (160.113 -98.0 0.001)
2025-10-02 17:22:24,911 - INFO - (160.28 -98.0 0.019)
2025-10-02 17:22:24,921 - INFO - (160.447 -98.0 0.014)
2025-10-02 17:22:24,931 - INFO - (160.614 -98.0 0.011)
2025-10-02 17:22:24,941 - INFO - (160.781 -98.0 0.037)
2025-10-02 17:22:24,951 - INFO - (160.949 -98.0 0.034)
2025-10-02 17:22:24,961 - INFO - (161.116 -98.0 0.027)
2025-10-02 17:22:24,971 - INFO - (161.283 -98.0 0.026)
2025-10-02 17:22:24,981 - INFO - (161.45 -98.0 0.026)
2025-10-02 17:22:24,992 - INFO - (161.617 -98.0 0.02)
2025-10-02 17:22:25,002 - INFO - (161.784 -98.0 0.016)
2025-10-02 17:22:25,012 - INFO - (161.951 -98.0 0.002)
2025-10-02 17:22:25,022 - INFO - (162.118 -98.0 0.002)
2025-10-02 17:22:25,031 - INFO - (162.285 -98.0 0.001)
2025-10-02 17:22:25,041 - INFO - (162.435 -98.0 0.003)
2025-10-02 17:22:25,051 - INFO - (162.619 -98.0 0.005)
2025-10-02 17:22:25,061 - INFO - (162.786 -98.0 0.003)
2025-10-02 17:22:25,071 - INFO - (162.953 -98.0 0.005)
2025-10-02 17:22:25,081 - INFO - (163.12 -98.0 0.012)
2025-10-02 17:22:25,091 - INFO - (163.288 -98.0 0.009)
2025-10-02 17:22:25,101 - INFO - (163.438 -98.0 0.007)
2025-10-02 17:22:25,111 - INFO - (163.605 -98.0 0.021)
2025-10-02 17:22:25,121 - INFO - (163.772 -98.0 0.021)
2025-10-02 17:22:25,131 - INFO - (163.939 -98.0 0.017)
2025-10-02 17:22:25,141 - INFO - (164.106 -98.0 0.008)
2025-10-02 17:22:25,151 - INFO - (164.273 -98.0 -0.005)
2025-10-02 17:22:25,161 - INFO - (164.424 -98.0 -0.003)
2025-10-02 17:22:25,171 - INFO - (164.591 -98.0 -0.003)
2025-10-02 17:22:25,181 - INFO - (164.758 -98.0 -0.008)
2025-10-02 17:22:25,191 - INFO - (164.925 -98.0 -0.007)
2025-10-02 17:22:25,201 - INFO - (165.092 -98.0 -0.006)
2025-10-02 17:22:25,211 - INFO - (165.259 -98.0 -0.007)
2025-10-02 17:22:25,221 - INFO - (165.426 -98.0 -0.008)
2025-10-02 17:22:25,231 - INFO - (165.593 -98.0 -0.006)
2025-10-02 17:22:25,241 - INFO - (165.777 -98.0 -0.005)
2025-10-02 17:22:25,251 - INFO - (165.944 -98.0 -0.006)
2025-10-02 17:22:25,261 - INFO - (166.111 -98.0 -0.004)
2025-10-02 17:22:25,272 - INFO - (166.278 -98.0 -0.004)
2025-10-02 17:22:25,282 - INFO - (166.445 -98.0 -0.004)
2025-10-02 17:22:25,292 - INFO - (166.596 -98.0 -0.003)
2025-10-02 17:22:25,301 - INFO - (166.763 -98.0 -0.003)
2025-10-02 17:22:25,311 - INFO - (166.93 -98.0 -0.003)
2025-10-02 17:22:25,321 - INFO - (167.097 -98.0 -0.005)
2025-10-02 17:22:25,331 - INFO - (167.281 -98.0 -0.004)
2025-10-02 17:22:25,341 - INFO - (167.448 -98.0 -0.003)
2025-10-02 17:22:25,351 - INFO - (167.615 -98.0 -0.004)
2025-10-02 17:22:25,361 - INFO - (167.782 -98.0 -0.003)
2025-10-02 17:22:25,371 - INFO - (167.949 -98.0 -0.003)
2025-10-02 17:22:25,382 - INFO - (168.116 -98.0 -0.004)
2025-10-02 17:22:25,391 - INFO - (168.283 -98.0 -0.004)
2025-10-02 17:22:25,401 - INFO - (168.45 -98.0 -0.003)
2025-10-02 17:22:25,412 - INFO - (168.601 -98.0 -0.002)
2025-10-02 17:22:25,421 - INFO - (168.784 -98.0 -0.007)
2025-10-02 17:22:25,431 - INFO - (168.951 -98.0 -0.005)
2025-10-02 17:22:25,441 - INFO - (169.102 -98.0 -0.003)
2025-10-02 17:22:25,451 - INFO - (169.286 -98.0 -0.006)
2025-10-02 17:22:25,461 - INFO - (169.453 -98.0 -0.005)
2025-10-02 17:22:25,471 - INFO - (169.603 -98.0 -0.003)
2025-10-02 17:22:25,481 - INFO - (169.77 -98.0 -0.004)
2025-10-02 17:22:25,491 - INFO - (169.954 -98.0 -0.007)
2025-10-02 17:22:25,501 - INFO - (170.121 -98.0 -0.005)
2025-10-02 17:22:25,511 - INFO - (170.271 -98.0 -0.004)
2025-10-02 17:22:25,521 - INFO - (170.455 -98.0 0.001)
2025-10-02 17:22:25,531 - INFO - (170.622 -98.0 0.002)
2025-10-02 17:22:25,541 - INFO - (170.772 -98.0 0.001)
2025-10-02 17:22:25,551 - INFO - (170.956 -98.0 0.011)
2025-10-02 17:22:25,562 - INFO - (171.123 -98.0 0.017)
2025-10-02 17:22:25,572 - INFO - (171.29 -98.0 0.013)
2025-10-02 17:22:25,582 - INFO - (171.457 -98.0 0.013)
2025-10-02 17:22:25,592 - INFO - (171.625 -98.0 0.027)
2025-10-02 17:22:25,602 - INFO - (171.792 -98.0 0.021)
2025-10-02 17:22:25,611 - INFO - (171.959 -98.0 0.017)
2025-10-02 17:22:25,621 - INFO - (172.126 -98.0 0.002)
2025-10-02 17:22:25,631 - INFO - (172.293 -98.0 -0.002)
2025-10-02 17:22:25,641 - INFO - (172.46 -98.0 -0.001)
2025-10-02 17:22:25,651 - INFO - (172.627 -98.0 -0.003)
2025-10-02 17:22:25,661 - INFO - (172.777 -98.0 -0.006)
2025-10-02 17:22:25,671 - INFO - (172.944 -98.0 -0.005)
2025-10-02 17:22:25,681 - INFO - (173.095 -98.0 -0.004)
2025-10-02 17:22:25,692 - INFO - (173.279 -98.0 -0.001)
2025-10-02 17:22:25,702 - INFO - (173.446 -98.0 -0.0)
2025-10-02 17:22:25,712 - INFO - (173.613 -98.0 -0.0)
2025-10-02 17:22:25,723 - INFO - (173.763 -98.0 0.003)
2025-10-02 17:22:25,732 - INFO - (173.93 -98.0 0.009)
2025-10-02 17:22:25,741 - INFO - (174.097 -98.0 0.006)
2025-10-02 17:22:25,751 - INFO - (174.264 -98.0 0.005)
2025-10-02 17:22:25,761 - INFO - (174.431 -98.0 0.01)
2025-10-02 17:22:25,771 - INFO - (174.599 -98.0 0.008)
2025-10-02 17:22:25,781 - INFO - (174.766 -98.0 0.007)
2025-10-02 17:22:25,791 - INFO - (174.933 -98.0 0.001)
2025-10-02 17:22:25,801 - INFO - (175.1 -98.0 -0.003)
2025-10-02 17:22:25,811 - INFO - (175.267 -98.0 -0.002)
2025-10-02 17:22:25,822 - INFO - (175.434 -98.0 -0.002)
2025-10-02 17:22:25,832 - INFO - (175.618 -98.0 -0.001)
2025-10-02 17:22:25,842 - INFO - (175.785 -98.0 -0.001)
2025-10-02 17:22:25,852 - INFO - (175.952 -98.0 -0.001)
2025-10-02 17:22:25,862 - INFO - (176.119 -98.0 0.0)
2025-10-02 17:22:25,871 - INFO - (176.286 -98.0 0.0)
2025-10-02 17:22:25,881 - INFO - (176.453 -98.0 0.0)
2025-10-02 17:22:25,891 - INFO - (176.62 -98.0 0.0)
2025-10-02 17:22:25,901 - INFO - (176.787 -98.0 0.0)
2025-10-02 17:22:25,911 - INFO - (176.954 -98.0 0.0)
2025-10-02 17:22:25,921 - INFO - (177.121 -98.0 0.0)
2025-10-02 17:22:25,931 - INFO - (177.289 -98.0 -0.001)
2025-10-02 17:22:25,941 - INFO - (177.456 -98.0 -0.001)
2025-10-02 17:22:25,951 - INFO - (177.623 -98.0 -0.001)
2025-10-02 17:22:25,961 - INFO - (177.79 -98.0 -0.002)
2025-10-02 17:22:25,971 - INFO - (177.94 -98.0 -0.002)
2025-10-02 17:22:25,982 - INFO - (178.124 -98.0 -0.002)
2025-10-02 17:22:25,991 - INFO - (178.291 -98.0 -0.002)
2025-10-02 17:22:26,001 - INFO - (178.458 -98.0 -0.003)
2025-10-02 17:22:26,011 - INFO - (178.625 -98.0 -0.002)
2025-10-02 17:22:26,021 - INFO - (178.792 -98.0 -0.002)
2025-10-02 17:22:26,031 - INFO - (178.959 -98.0 -0.003)
2025-10-02 17:22:26,041 - INFO - (179.126 -98.0 -0.003)
2025-10-02 17:22:26,051 - INFO - (179.293 -98.0 -0.002)
2025-10-02 17:22:26,061 - INFO - (179.461 -98.0 -0.002)
2025-10-02 17:22:26,071 - INFO - (179.628 -98.0 -0.001)
2025-10-02 17:22:26,081 - INFO - (179.795 -98.0 -0.001)
2025-10-02 17:22:26,091 - INFO - (179.962 -98.0 -0.001)
2025-10-02 17:22:26,101 - INFO - (180.129 -98.0 0.01)
2025-10-02 17:22:26,111 - INFO - (180.296 -98.0 0.008)
2025-10-02 17:22:26,121 - INFO - (180.463 -98.0 0.006)
2025-10-02 17:22:26,131 - INFO - (180.63 -98.0 0.013)
2025-10-02 17:22:26,141 - INFO - (180.797 -98.0 0.015)
2025-10-02 17:22:26,151 - INFO - (180.964 -98.0 0.012)
2025-10-02 17:22:26,161 - INFO - (181.131 -98.0 0.009)
2025-10-02 17:22:26,171 - INFO - (181.298 -98.0 0.005)
2025-10-02 17:22:26,181 - INFO - (181.449 -98.0 0.003)
2025-10-02 17:22:26,191 - INFO - (181.633 -98.0 0.003)
2025-10-02 17:22:26,201 - INFO - (181.8 -98.0 0.001)
2025-10-02 17:22:26,211 - INFO - (181.967 -98.0 0.0)
2025-10-02 17:22:26,221 - INFO - (182.134 -98.0 0.0)
2025-10-02 17:22:26,231 - INFO - (182.301 -98.0 0.001)
2025-10-02 17:22:26,241 - INFO - (182.451 -98.0 0.001)
2025-10-02 17:22:26,251 - INFO - (182.635 -98.0 0.001)
2025-10-02 17:22:26,261 - INFO - (182.802 -98.0 0.001)
2025-10-02 17:22:26,271 - INFO - (182.969 -98.0 0.004)
2025-10-02 17:22:26,281 - INFO - (183.136 -98.0 0.003)
2025-10-02 17:22:26,291 - INFO - (183.303 -98.0 0.002)
2025-10-02 17:22:26,301 - INFO - (183.471 -98.0 0.004)
2025-10-02 17:22:26,311 - INFO - (183.638 -98.0 0.004)
2025-10-02 17:22:26,321 - INFO - (183.805 -98.0 0.003)
2025-10-02 17:22:26,331 - INFO - (183.972 -98.0 0.004)
2025-10-02 17:22:26,341 - INFO - (184.139 -98.0 0.006)
2025-10-02 17:22:26,351 - INFO - (184.306 -98.0 0.005)
2025-10-02 17:22:26,361 - INFO - (184.473 -98.0 0.004)
2025-10-02 17:22:26,372 - INFO - (184.623 -98.0 -0.0)
2025-10-02 17:22:26,382 - INFO - (184.791 -98.0 -0.001)
2025-10-02 17:22:26,392 - INFO - (184.958 -98.0 -0.001)
2025-10-02 17:22:26,402 - INFO - (185.125 -98.0 -0.001)
2025-10-02 17:22:26,411 - INFO - (185.292 -98.0 -0.003)
2025-10-02 17:22:26,421 - INFO - (185.459 -98.0 -0.002)
2025-10-02 17:22:26,431 - INFO - (185.626 -98.0 -0.002)
2025-10-02 17:22:26,441 - INFO - (185.793 -98.0 -0.003)
2025-10-02 17:22:26,451 - INFO - (185.96 -98.0 -0.002)
2025-10-02 17:22:26,461 - INFO - (186.144 -98.0 -0.002)
2025-10-02 17:22:26,471 - INFO - (186.294 -98.0 -0.002)
2025-10-02 17:22:26,481 - INFO - (186.461 -98.0 -0.003)
2025-10-02 17:22:26,491 - INFO - (186.629 -98.0 -0.002)
2025-10-02 17:22:26,501 - INFO - (186.796 -98.0 -0.002)
2025-10-02 17:22:26,511 - INFO - (186.963 -98.0 -0.003)
2025-10-02 17:22:26,521 - INFO - (187.13 -98.0 -0.002)
2025-10-02 17:22:26,531 - INFO - (187.297 -98.0 -0.002)
2025-10-02 17:22:26,541 - INFO - (187.464 -98.0 -0.002)
2025-10-02 17:22:26,551 - INFO - (187.631 -98.0 -0.002)
2025-10-02 17:22:26,561 - INFO - (187.798 -98.0 -0.002)
2025-10-02 17:22:26,571 - INFO - (187.965 -98.0 -0.002)
2025-10-02 17:22:26,582 - INFO - (188.132 -98.0 -0.002)
2025-10-02 17:22:26,592 - INFO - (188.299 -98.0 -0.002)
2025-10-02 17:22:26,602 - INFO - (188.45 -98.0 -0.001)
2025-10-02 17:22:26,612 - INFO - (188.617 -98.0 -0.002)
2025-10-02 17:22:26,622 - INFO - (188.784 -98.0 -0.002)
2025-10-02 17:22:26,631 - INFO - (188.951 -98.0 -0.001)
2025-10-02 17:22:26,641 - INFO - (189.118 -98.0 -0.002)
2025-10-02 17:22:26,651 - INFO - (189.285 -98.0 -0.002)
2025-10-02 17:22:26,661 - INFO - (189.452 -98.0 -0.001)
2025-10-02 17:22:26,671 - INFO - (189.619 -98.0 -0.001)
2025-10-02 17:22:26,682 - INFO - (189.787 -98.0 -0.002)
2025-10-02 17:22:26,692 - INFO - (189.954 -98.0 -0.002)
2025-10-02 17:22:26,702 - INFO - (190.121 -98.0 -0.001)
2025-10-02 17:22:26,712 - INFO - (190.288 -98.0 0.002)
2025-10-02 17:22:26,722 - INFO - (190.455 -98.0 0.003)
2025-10-02 17:22:26,731 - INFO - (190.605 -98.0 0.002)
2025-10-02 17:22:26,741 - INFO - (190.772 -98.0 0.003)
2025-10-02 17:22:26,751 - INFO - (190.956 -98.0 0.011)
2025-10-02 17:22:26,761 - INFO - (191.123 -98.0 0.007)
2025-10-02 17:22:26,771 - INFO - (191.29 -98.0 0.006)
2025-10-02 17:22:26,781 - INFO - (191.441 -98.0 0.003)
2025-10-02 17:22:26,792 - INFO - (191.624 -98.0 0.002)
2025-10-02 17:22:26,802 - INFO - (191.792 -98.0 0.002)
2025-10-02 17:22:26,812 - INFO - (191.959 -98.0 -0.001)
2025-10-02 17:22:26,822 - INFO - (192.126 -98.0 -0.003)
2025-10-02 17:22:26,832 - INFO - (192.293 -98.0 -0.003)
2025-10-02 17:22:26,841 - INFO - (192.46 -98.0 -0.002)
2025-10-02 17:22:26,851 - INFO - (192.627 -98.0 -0.002)
2025-10-02 17:22:26,861 - INFO - (192.794 -98.0 -0.002)
2025-10-02 17:22:26,871 - INFO - (192.961 -98.0 -0.001)
2025-10-02 17:22:26,881 - INFO - (193.128 -98.0 -0.0)
2025-10-02 17:22:26,891 - INFO - (193.295 -98.0 0.0)
2025-10-02 17:22:26,901 - INFO - (193.462 -98.0 0.0)
2025-10-02 17:22:26,911 - INFO - (193.63 -98.0 0.001)
2025-10-02 17:22:26,921 - INFO - (193.797 -98.0 0.003)
2025-10-02 17:22:26,931 - INFO - (193.964 -98.0 0.002)
2025-10-02 17:22:26,941 - INFO - (194.131 -98.0 0.002)
2025-10-02 17:22:26,951 - INFO - (194.298 -98.0 0.004)
2025-10-02 17:22:26,961 - INFO - (194.465 -98.0 0.003)
2025-10-02 17:22:26,972 - INFO - (194.632 -98.0 0.003)
2025-10-02 17:22:26,982 - INFO - (194.799 -98.0 0.004)
2025-10-02 17:22:26,992 - INFO - (194.966 -98.0 0.006)
2025-10-02 17:22:27,002 - INFO - (195.133 -98.0 0.004)
2025-10-02 17:22:27,011 - INFO - (195.3 -98.0 0.003)
2025-10-02 17:22:27,021 - INFO - (195.467 -98.0 0.004)
2025-10-02 17:22:27,032 - INFO - (195.635 -98.0 0.003)
2025-10-02 17:22:27,041 - INFO - (195.802 -98.0 0.002)
2025-10-02 17:22:27,051 - INFO - (195.969 -98.0 0.001)
2025-10-02 17:22:27,061 - INFO - (196.136 -98.0 0.0)
2025-10-02 17:22:27,071 - INFO - (196.303 -98.0 0.0)
2025-10-02 17:22:27,081 - INFO - (196.47 -98.0 0.0)
2025-10-02 17:22:27,091 - INFO - (196.637 -98.0 0.0)
2025-10-02 17:22:27,101 - INFO - (196.804 -98.0 0.0)
2025-10-02 17:22:27,111 - INFO - (196.971 -98.0 0.0)
2025-10-02 17:22:27,121 - INFO - (197.138 -98.0 0.0)
2025-10-02 17:22:27,132 - INFO - (197.305 -98.0 0.0)
2025-10-02 17:22:27,142 - INFO - (197.473 -98.0 0.0)
2025-10-02 17:22:27,152 - INFO - (197.64 -98.0 0.0)
2025-10-02 17:22:27,161 - INFO - (197.807 -98.0 0.0)
2025-10-02 17:22:27,171 - INFO - (197.974 -98.0 0.0)
2025-10-02 17:22:27,182 - INFO - (198.124 -98.0 0.0)
2025-10-02 17:22:27,191 - INFO - (198.308 -98.0 -0.001)
2025-10-02 17:22:27,201 - INFO - (198.458 -98.0 -0.0)
2025-10-02 17:22:27,212 - INFO - (198.626 -98.0 -0.0)
2025-10-02 17:22:27,221 - INFO - (198.793 -98.0 -0.001)
2025-10-02 17:22:27,232 - INFO - (198.96 -98.0 -0.002)
2025-10-02 17:22:27,242 - INFO - (199.127 -98.0 -0.001)
2025-10-02 17:22:27,252 - INFO - (199.294 -98.0 -0.994)
2025-10-02 17:22:27,261 - INFO - (199.46 -98.0 -9.832)
2025-10-02 17:22:27,271 - INFO - (199.626 -98.0 -9.818)
2025-10-02 17:22:27,281 - INFO - (199.79 -98.0 -9.802)
2025-10-02 17:22:27,291 - INFO - (199.954 -98.0 -9.803)
2025-10-02 17:22:27,302 - INFO - (200.116 -98.0 -9.804)
2025-10-02 17:22:27,312 - INFO - (200.278 -98.0 -9.679)
2025-10-02 17:22:27,322 - INFO - (200.438 -98.0 -9.52)
2025-10-02 17:22:27,332 - INFO - (200.582 -98.0 -9.588)
2025-10-02 17:22:27,341 - INFO - (200.741 -98.0 -7.974)
2025-10-02 17:22:27,351 - INFO - (200.899 -98.0 -7.733)
2025-10-02 17:22:27,361 - INFO - (201.072 -98.0 -6.594)
2025-10-02 17:22:27,371 - INFO - (201.228 -98.0 -4.637)
2025-10-02 17:22:27,381 - INFO - (201.385 -98.0 -3.632)
2025-10-02 17:22:27,392 - INFO - (201.541 -98.0 -2.845)
2025-10-02 17:22:27,402 - INFO - (201.696 -98.0 -2.228)
2025-10-02 17:22:27,412 - INFO - (201.836 -98.0 -1.589)
2025-10-02 17:22:27,422 - INFO - (201.992 -98.0 -1.401)
2025-10-02 17:22:27,431 - INFO - (202.147 -98.0 -1.097)
2025-10-02 17:22:27,441 - INFO - (202.302 -98.0 -0.86)
2025-10-02 17:22:27,451 - INFO - (202.457 -98.0 -0.673)
2025-10-02 17:22:27,461 - INFO - (202.612 -98.0 -0.527)
2025-10-02 17:22:27,471 - INFO - (202.767 -98.0 -0.413)
2025-10-02 17:22:27,481 - INFO - (202.922 -98.0 -0.324)
2025-10-02 17:22:27,491 - INFO - (203.062 -98.0 -0.231)
2025-10-02 17:22:27,501 - INFO - (203.232 -98.0 -0.221)
2025-10-02 17:22:27,511 - INFO - (203.372 -98.0 -0.142)
2025-10-02 17:22:27,521 - INFO - (203.527 -98.0 -0.125)
2025-10-02 17:22:27,531 - INFO - (203.681 -98.0 -0.098)
2025-10-02 17:22:27,541 - INFO - (203.836 -98.0 -0.077)
2025-10-02 17:22:27,551 - INFO - (203.991 -98.0 -0.06)
2025-10-02 17:22:27,561 - INFO - (204.147 -98.0 18.916)
2025-10-02 17:22:27,571 - INFO - (204.32 -98.0 -3.478)
2025-10-02 17:22:27,581 - INFO - (204.476 -98.0 -4.144)
2025-10-02 17:22:27,591 - INFO - (204.631 -98.0 -3.747)
2025-10-02 17:22:27,601 - INFO - (204.787 -98.0 -3.203)
2025-10-02 17:22:27,611 - INFO - (204.942 -98.0 -2.823)
2025-10-02 17:22:27,621 - INFO - (205.097 -98.0 -2.483)
2025-10-02 17:22:27,631 - INFO - (205.251 -98.0 -2.176)
2025-10-02 17:22:27,641 - INFO - (205.406 -98.0 -1.9)
2025-10-02 17:22:27,651 - INFO - (205.56 -98.0 -1.654)
2025-10-02 17:22:27,661 - INFO - (205.714 -98.0 -1.433)
2025-10-02 17:22:27,671 - INFO - (205.867 -98.0 -34.018)
2025-10-02 17:22:27,681 - INFO - (206.018 -98.0 -0.004)
2025-10-02 17:22:27,691 - INFO - (206.168 -98.0 -0.004)
2025-10-02 17:22:27,701 - INFO - (206.319 -98.0 -0.003)
2025-10-02 17:22:27,711 - INFO - (206.47 -98.0 -0.003)
2025-10-02 17:22:27,721 - INFO - (206.605 -98.0 -0.002)
2025-10-02 17:22:27,731 - INFO - (206.771 -98.0 -0.002)
2025-10-02 17:22:27,741 - INFO - (206.922 -98.0 -0.001)
2025-10-02 17:22:27,751 - INFO - (207.057 -98.0 -0.001)
2025-10-02 17:22:27,761 - INFO - (207.223 -98.0 -0.0)
2025-10-02 17:22:27,771 - INFO - (207.374 -98.0 0.0)
2025-10-02 17:22:27,781 - INFO - (207.524 -98.0 0.001)
2025-10-02 17:22:27,791 - INFO - (207.675 -98.0 0.001)
2025-10-02 17:22:27,801 - INFO - (207.825 -98.0 0.002)
2025-10-02 17:22:27,811 - INFO - (207.961 -98.0 0.002)
2025-10-02 17:22:27,822 - INFO - (208.112 -98.0 0.003)
2025-10-02 17:22:27,831 - INFO - (208.28 -98.0 34.854)
2025-10-02 17:22:27,841 - INFO - (208.434 -98.0 3.561)
2025-10-02 17:22:27,851 - INFO - (208.589 -98.0 3.188)
2025-10-02 17:22:27,861 - INFO - (208.744 -98.0 2.875)
2025-10-02 17:22:27,871 - INFO - (208.899 -98.0 -0.449)
2025-10-02 17:22:27,881 - INFO - (209.054 -97.999 -0.677)
2025-10-02 17:22:27,891 - INFO - (209.209 -97.998 -0.752)
2025-10-02 17:22:27,901 - INFO - (209.362 -97.996 -20.94)
2025-10-02 17:22:27,911 - INFO - (209.5 -97.994 -4.022)
2025-10-02 17:22:27,921 - INFO - (209.667 -97.992 -3.191)
2025-10-02 17:22:27,931 - INFO - (209.819 -97.989 -3.3)
2025-10-02 17:22:27,941 - INFO - (209.971 -97.986 -0.551)
2025-10-02 17:22:27,951 - INFO - (210.122 -97.982 0.816)
2025-10-02 17:22:27,962 - INFO - (210.274 -97.977 0.105)
2025-10-02 17:22:27,972 - INFO - (210.426 -97.972 -0.866)
2025-10-02 17:22:27,982 - INFO - (210.577 -97.966 -0.222)
2025-10-02 17:22:27,992 - INFO - (210.714 -97.96 -0.309)
2025-10-02 17:22:28,001 - INFO - (210.865 -97.953 -0.328)
2025-10-02 17:22:28,011 - INFO - (211.031 -97.944 -7.436)
2025-10-02 17:22:28,021 - INFO - (211.182 -97.935 2.604)
2025-10-02 17:22:28,031 - INFO - (211.333 -97.926 2.584)
2025-10-02 17:22:28,041 - INFO - (211.484 -97.917 4.123)
2025-10-02 17:22:28,051 - INFO - (211.636 -97.907 3.633)
2025-10-02 17:22:28,061 - INFO - (211.788 -97.897 3.041)
2025-10-02 17:22:28,071 - INFO - (211.94 -97.885 -1.113)
2025-10-02 17:22:28,081 - INFO - (212.092 -97.873 -0.194)
2025-10-02 17:22:28,091 - INFO - (212.244 -97.86 3.103)
2025-10-02 17:22:28,101 - INFO - (212.396 -97.847 3.472)
2025-10-02 17:22:28,111 - INFO - (212.549 -97.833 0.476)
2025-10-02 17:22:28,121 - INFO - (212.701 -97.818 3.092)
2025-10-02 17:22:28,132 - INFO - (212.854 -97.803 3.872)
2025-10-02 17:22:28,142 - INFO - (213.007 -97.788 3.815)
2025-10-02 17:22:28,152 - INFO - (213.161 -97.772 3.563)
2025-10-02 17:22:28,162 - INFO - (213.315 -97.756 3.219)
2025-10-02 17:22:28,172 - INFO - (213.453 -97.741 0.121)
2025-10-02 17:22:28,181 - INFO - (213.607 -97.725 3.033)
2025-10-02 17:22:28,191 - INFO - (213.762 -97.709 2.254)
2025-10-02 17:22:28,202 - INFO - (213.932 -97.69 1.685)
2025-10-02 17:22:28,212 - INFO - (214.086 -97.674 -2.211)
2025-10-02 17:22:28,222 - INFO - (214.241 -97.657 2.666)
2025-10-02 17:22:28,232 - INFO - (214.396 -97.641 1.315)
2025-10-02 17:22:28,241 - INFO - (214.535 -97.625 2.95)
2025-10-02 17:22:28,251 - INFO - (214.706 -97.607 2.66)
2025-10-02 17:22:28,261 - INFO - (214.861 -97.59 1.538)
2025-10-02 17:22:28,271 - INFO - (215.017 -97.572 -3.289)
2025-10-02 17:22:28,281 - INFO - (215.172 -97.555 2.833)
2025-10-02 17:22:28,292 - INFO - (215.328 -97.538 4.158)
2025-10-02 17:22:28,302 - INFO - (215.483 -97.521 -0.706)
2025-10-02 17:22:28,312 - INFO - (215.639 -97.503 0.497)
2025-10-02 17:22:28,322 - INFO - (215.795 -97.486 0.832)
2025-10-02 17:22:28,332 - INFO - (215.935 -97.47 0.658)
2025-10-02 17:22:28,341 - INFO - (216.091 -97.452 1.109)
2025-10-02 17:22:28,351 - INFO - (216.247 -97.435 0.902)
2025-10-02 17:22:28,361 - INFO - (216.404 -97.417 3.12)
2025-10-02 17:22:28,371 - INFO - (216.56 -97.399 -1.903)
2025-10-02 17:22:28,381 - INFO - (216.716 -97.381 -1.806)
2025-10-02 17:22:28,392 - INFO - (216.872 -97.364 1.496)
2025-10-02 17:22:28,402 - INFO - (217.029 -97.346 1.556)
2025-10-02 17:22:28,412 - INFO - (217.185 -97.328 -2.243)
2025-10-02 17:22:28,422 - INFO - (217.341 -97.31 2.095)
2025-10-02 17:22:28,432 - INFO - (217.482 -97.294 0.638)
2025-10-02 17:22:28,441 - INFO - (217.638 -97.276 2.169)
2025-10-02 17:22:28,451 - INFO - (217.795 -97.258 0.608)
2025-10-02 17:22:28,461 - INFO - (217.952 -97.24 0.724)
2025-10-02 17:22:28,472 - INFO - (218.124 -97.22 -1.282)
2025-10-02 17:22:28,481 - INFO - (218.281 -97.202 1.825)
2025-10-02 17:22:28,491 - INFO - (218.437 -97.184 1.626)
2025-10-02 17:22:28,501 - INFO - (218.594 -97.166 -1.035)
2025-10-02 17:22:28,511 - INFO - (218.751 -97.148 -0.024)
2025-10-02 17:22:28,521 - INFO - (218.908 -97.129 -6.773)
2025-10-02 17:22:28,531 - INFO - (219.063 -97.111 -5.752)
2025-10-02 17:22:28,541 - INFO - (219.218 -97.091 -5.557)
2025-10-02 17:22:28,551 - INFO - (219.358 -97.073 1.405)
2025-10-02 17:22:28,561 - INFO - (219.528 -97.051 -5.075)
2025-10-02 17:22:28,571 - INFO - (219.682 -97.03 -5.25)
2025-10-02 17:22:28,581 - INFO - (219.82 -97.012 -4.503)
2025-10-02 17:22:28,591 - INFO - (219.989 -96.989 -2.757)
2025-10-02 17:22:28,601 - INFO - (220.141 -96.968 -5.096)
2025-10-02 17:22:28,611 - INFO - (220.294 -96.946 0.603)
2025-10-02 17:22:28,621 - INFO - (220.446 -96.923 0.574)
2025-10-02 17:22:28,631 - INFO - (220.598 -96.9 -0.945)
2025-10-02 17:22:28,641 - INFO - (220.75 -96.876 -1.397)
2025-10-02 17:22:28,651 - INFO - (220.902 -96.851 -0.858)
2025-10-02 17:22:28,661 - INFO - (221.053 -96.825 -2.479)
2025-10-02 17:22:28,671 - INFO - (221.205 -96.798 1.239)
2025-10-02 17:22:28,681 - INFO - (221.356 -96.771 1.303)
2025-10-02 17:22:28,691 - INFO - (221.507 -96.743 -0.365)
2025-10-02 17:22:28,701 - INFO - (221.658 -96.715 -0.234)
2025-10-02 17:22:28,711 - INFO - (221.809 -96.687 0.389)
2025-10-02 17:22:28,721 - INFO - (221.96 -96.659 1.446)
2025-10-02 17:22:28,731 - INFO - (222.112 -96.63 1.677)
2025-10-02 17:22:28,741 - INFO - (222.263 -96.601 1.097)
2025-10-02 17:22:28,751 - INFO - (222.415 -96.571 4.798)
2025-10-02 17:22:28,761 - INFO - (222.566 -96.541 -1.625)
2025-10-02 17:22:28,771 - INFO - (222.718 -96.512 -1.644)
2025-10-02 17:22:28,781 - INFO - (222.869 -96.482 -1.575)
2025-10-02 17:22:28,791 - INFO - (223.02 -96.452 1.561)
2025-10-02 17:22:28,801 - INFO - (223.171 -96.422 -2.972)
2025-10-02 17:22:28,811 - INFO - (223.323 -96.392 4.117)
2025-10-02 17:22:28,821 - INFO - (223.474 -96.362 3.524)
2025-10-02 17:22:28,831 - INFO - (223.626 -96.331 3.75)
2025-10-02 17:22:28,841 - INFO - (223.778 -96.3 2.064)
2025-10-02 17:22:28,851 - INFO - (223.93 -96.269 1.855)
2025-10-02 17:22:28,861 - INFO - (224.083 -96.238 -0.623)
2025-10-02 17:22:28,872 - INFO - (224.235 -96.207 3.405)
2025-10-02 17:22:28,882 - INFO - (224.388 -96.176 2.925)
2025-10-02 17:22:28,892 - INFO - (224.541 -96.144 0.867)
2025-10-02 17:22:28,901 - INFO - (224.694 -96.112 3.577)
2025-10-02 17:22:28,911 - INFO - (224.847 -96.081 -1.001)
2025-10-02 17:22:28,921 - INFO - (225.001 -96.049 1.312)
2025-10-02 17:22:28,931 - INFO - (225.154 -96.017 1.691)
2025-10-02 17:22:28,941 - INFO - (225.308 -95.985 3.873)
2025-10-02 17:22:28,951 - INFO - (225.461 -95.954 -1.072)
2025-10-02 17:22:28,961 - INFO - (225.615 -95.922 -0.755)
2025-10-02 17:22:28,971 - INFO - (225.754 -95.893 1.111)
2025-10-02 17:22:28,981 - INFO - (225.907 -95.861 0.857)
2025-10-02 17:22:28,991 - INFO - (226.061 -95.829 -2.45)
2025-10-02 17:22:29,001 - INFO - (226.215 -95.798 2.068)
2025-10-02 17:22:29,011 - INFO - (226.369 -95.765 1.617)
2025-10-02 17:22:29,021 - INFO - (226.523 -95.733 -0.273)
2025-10-02 17:22:29,032 - INFO - (226.677 -95.701 1.038)
2025-10-02 17:22:29,042 - INFO - (226.831 -95.669 0.234)
2025-10-02 17:22:29,052 - INFO - (226.985 -95.637 -0.025)
2025-10-02 17:22:29,062 - INFO - (227.138 -95.605 -4.558)
2025-10-02 17:22:29,071 - INFO - (227.292 -95.573 2.376)
2025-10-02 17:22:29,081 - INFO - (227.446 -95.541 3.451)
2025-10-02 17:22:29,092 - INFO - (227.601 -95.509 1.03)
2025-10-02 17:22:29,102 - INFO - (227.755 -95.476 1.832)
2025-10-02 17:22:29,112 - INFO - (227.909 -95.443 -3.715)
2025-10-02 17:22:29,123 - INFO - (228.063 -95.411 -0.155)
2025-10-02 17:22:29,131 - INFO - (228.217 -95.378 1.897)
2025-10-02 17:22:29,141 - INFO - (228.371 -95.346 1.416)
2025-10-02 17:22:29,151 - INFO - (228.526 -95.313 0.011)
2025-10-02 17:22:29,161 - INFO - (228.68 -95.281 -3.464)
2025-10-02 17:22:29,171 - INFO - (228.833 -95.248 -8.734)
2025-10-02 17:22:29,181 - INFO - (228.986 -95.214 -8.455)
2025-10-02 17:22:29,191 - INFO - (229.137 -95.181 -8.831)
2025-10-02 17:22:29,201 - INFO - (229.288 -95.146 -2.005)
2025-10-02 17:22:29,211 - INFO - (229.438 -95.111 -4.325)
2025-10-02 17:22:29,221 - INFO - (229.573 -95.079 -4.838)
2025-10-02 17:22:29,231 - INFO - (229.737 -95.039 -7.212)
2025-10-02 17:22:29,241 - INFO - (229.885 -95.002 -5.575)
2025-10-02 17:22:29,251 - INFO - (230.032 -94.965 -6.712)
2025-10-02 17:22:29,261 - INFO - (230.179 -94.927 -1.659)
2025-10-02 17:22:29,271 - INFO - (230.326 -94.889 1.049)
2025-10-02 17:22:29,281 - INFO - (230.457 -94.854 -3.093)
2025-10-02 17:22:29,291 - INFO - (230.618 -94.811 -2.313)
2025-10-02 17:22:29,301 - INFO - (230.764 -94.771 -1.401)
2025-10-02 17:22:29,311 - INFO - (230.909 -94.731 -0.75)
2025-10-02 17:22:29,321 - INFO - (231.055 -94.691 -0.791)
2025-10-02 17:22:29,331 - INFO - (231.2 -94.651 -0.438)
2025-10-02 17:22:29,341 - INFO - (231.346 -94.61 2.605)
2025-10-02 17:22:29,351 - INFO - (231.476 -94.573 -2.112)
2025-10-02 17:22:29,362 - INFO - (231.636 -94.528 -1.234)
2025-10-02 17:22:29,372 - INFO - (231.781 -94.487 1.986)
2025-10-02 17:22:29,382 - INFO - (231.926 -94.446 1.012)
2025-10-02 17:22:29,392 - INFO - (232.071 -94.405 -2.961)
2025-10-02 17:22:29,401 - INFO - (232.216 -94.363 2.41)
2025-10-02 17:22:29,412 - INFO - (232.361 -94.321 2.859)
2025-10-02 17:22:29,422 - INFO - (232.506 -94.279 1.622)
2025-10-02 17:22:29,431 - INFO - (232.652 -94.236 1.325)
2025-10-02 17:22:29,441 - INFO - (232.797 -94.194 1.423)
2025-10-02 17:22:29,451 - INFO - (232.943 -94.151 -1.371)
2025-10-02 17:22:29,461 - INFO - (233.088 -94.108 2.388)
2025-10-02 17:22:29,471 - INFO - (233.234 -94.065 2.455)
2025-10-02 17:22:29,481 - INFO - (233.38 -94.022 -0.491)
2025-10-02 17:22:29,491 - INFO - (233.525 -93.978 2.38)
2025-10-02 17:22:29,501 - INFO - (233.671 -93.935 -1.258)
2025-10-02 17:22:29,511 - INFO - (233.817 -93.891 0.571)
2025-10-02 17:22:29,521 - INFO - (233.963 -93.848 0.443)
2025-10-02 17:22:29,531 - INFO - (234.108 -93.804 0.14)
2025-10-02 17:22:29,541 - INFO - (234.255 -93.76 4.95)
2025-10-02 17:22:29,551 - INFO - (234.401 -93.716 -2.445)
2025-10-02 17:22:29,561 - INFO - (234.546 -93.672 -2.368)
2025-10-02 17:22:29,571 - INFO - (234.678 -93.633 -1.928)
2025-10-02 17:22:29,581 - INFO - (234.823 -93.589 -1.957)
2025-10-02 17:22:29,591 - INFO - (234.968 -93.546 -3.514)
2025-10-02 17:22:29,601 - INFO - (235.113 -93.502 6.628)
2025-10-02 17:22:29,612 - INFO - (235.259 -93.457 1.478)
2025-10-02 17:22:29,622 - INFO - (235.405 -93.413 2.245)
2025-10-02 17:22:29,632 - INFO - (235.566 -93.364 1.149)
2025-10-02 17:22:29,642 - INFO - (235.697 -93.324 0.653)
2025-10-02 17:22:29,651 - INFO - (235.843 -93.28 -1.487)
2025-10-02 17:22:29,661 - INFO - (235.989 -93.236 0.989)
2025-10-02 17:22:29,671 - INFO - (236.135 -93.191 3.811)
2025-10-02 17:22:29,681 - INFO - (236.281 -93.146 -1.622)
2025-10-02 17:22:29,691 - INFO - (236.428 -93.102 1.188)
2025-10-02 17:22:29,701 - INFO - (236.574 -93.057 -1.01)
2025-10-02 17:22:29,711 - INFO - (236.705 -93.017 0.632)
2025-10-02 17:22:29,721 - INFO - (236.866 -92.968 0.51)
2025-10-02 17:22:29,731 - INFO - (237.012 -92.923 0.145)
2025-10-02 17:22:29,741 - INFO - (237.159 -92.878 1.624)
2025-10-02 17:22:29,751 - INFO - (237.305 -92.833 -1.929)
2025-10-02 17:22:29,761 - INFO - (237.451 -92.788 0.102)
2025-10-02 17:22:29,771 - INFO - (237.598 -92.743 0.008)
2025-10-02 17:22:29,781 - INFO - (237.729 -92.703 -0.109)
2025-10-02 17:22:29,791 - INFO - (237.89 -92.654 -3.341)
2025-10-02 17:22:29,802 - INFO - (238.036 -92.609 1.698)
2025-10-02 17:22:29,811 - INFO - (238.182 -92.564 0.941)
2025-10-02 17:22:29,821 - INFO - (238.328 -92.519 1.644)
2025-10-02 17:22:29,831 - INFO - (238.474 -92.473 0.372)
2025-10-02 17:22:29,841 - INFO - (238.621 -92.428 -1.818)
2025-10-02 17:22:29,851 - INFO - (238.766 -92.383 -6.041)
2025-10-02 17:22:29,861 - INFO - (238.911 -92.337 -0.137)
2025-10-02 17:22:29,871 - INFO - (239.056 -92.29 3.456)
2025-10-02 17:22:29,881 - INFO - (239.202 -92.243 -1.062)
2025-10-02 17:22:29,891 - INFO - (239.346 -92.196 -4.869)
2025-10-02 17:22:29,901 - INFO - (239.49 -92.148 -2.077)
2025-10-02 17:22:29,911 - INFO - (239.634 -92.099 -1.72)
2025-10-02 17:22:29,921 - INFO - (239.777 -92.05 -1.791)
2025-10-02 17:22:29,931 - INFO - (239.92 -91.999 -1.885)
2025-10-02 17:22:29,942 - INFO - (240.063 -91.948 1.329)
2025-10-02 17:22:29,952 - INFO - (240.205 -91.897 -2.768)
2025-10-02 17:22:29,962 - INFO - (240.347 -91.845 -1.952)
2025-10-02 17:22:29,972 - INFO - (240.488 -91.792 -0.888)
2025-10-02 17:22:29,981 - INFO - (240.629 -91.739 -5.329)
2025-10-02 17:22:29,991 - INFO - (240.77 -91.686 -0.172)
2025-10-02 17:22:30,001 - INFO - (240.91 -91.631 0.926)
2025-10-02 17:22:30,011 - INFO - (241.05 -91.576 1.464)
2025-10-02 17:22:30,021 - INFO - (241.19 -91.52 -0.597)
2025-10-02 17:22:30,031 - INFO - (241.329 -91.464 -0.761)
2025-10-02 17:22:30,041 - INFO - (241.468 -91.406 -0.722)
2025-10-02 17:22:30,051 - INFO - (241.607 -91.347 0.33)
2025-10-02 17:22:30,061 - INFO - (241.745 -91.288 -1.411)
2025-10-02 17:22:30,071 - INFO - (241.883 -91.228 4.706)
2025-10-02 17:22:30,081 - INFO - (242.021 -91.168 -1.769)
2025-10-02 17:22:30,091 - INFO - (242.159 -91.107 1.347)
2025-10-02 17:22:30,101 - INFO - (242.296 -91.046 1.542)
2025-10-02 17:22:30,111 - INFO - (242.433 -90.983 1.429)
2025-10-02 17:22:30,121 - INFO - (242.571 -90.92 3.591)
2025-10-02 17:22:30,131 - INFO - (242.708 -90.856 2.872)
2025-10-02 17:22:30,141 - INFO - (242.845 -90.791 3.84)
2025-10-02 17:22:30,151 - INFO - (242.982 -90.725 -0.05)
2025-10-02 17:22:30,161 - INFO - (243.119 -90.659 2.409)
2025-10-02 17:22:30,171 - INFO - (243.256 -90.592 3.305)
2025-10-02 17:22:30,181 - INFO - (243.379 -90.531 -2.151)
2025-10-02 17:22:30,191 - INFO - (243.515 -90.462 3.697)
2025-10-02 17:22:30,201 - INFO - (243.652 -90.393 5.575)
2025-10-02 17:22:30,211 - INFO - (243.789 -90.324 5.581)
2025-10-02 17:22:30,221 - INFO - (243.926 -90.253 3.835)
2025-10-02 17:22:30,231 - INFO - (244.063 -90.182 4.393)
2025-10-02 17:22:30,241 - INFO - (244.2 -90.11 3.734)
2025-10-02 17:22:30,251 - INFO - (244.337 -90.038 -0.087)
2025-10-02 17:22:30,261 - INFO - (244.474 -89.965 3.564)
2025-10-02 17:22:30,271 - INFO - (244.612 -89.892 7.819)
2025-10-02 17:22:30,281 - INFO - (244.75 -89.818 -0.677)
2025-10-02 17:22:30,291 - INFO - (244.887 -89.744 0.397)
2025-10-02 17:22:30,301 - INFO - (245.025 -89.67 2.875)
2025-10-02 17:22:30,311 - INFO - (245.162 -89.596 5.323)
2025-10-02 17:22:30,321 - INFO - (245.301 -89.521 6.743)
2025-10-02 17:22:30,331 - INFO - (245.44 -89.446 5.573)
2025-10-02 17:22:30,341 - INFO - (245.579 -89.371 6.456)
2025-10-02 17:22:30,351 - INFO - (245.719 -89.295 -0.666)
2025-10-02 17:22:30,361 - INFO - (245.859 -89.22 0.168)
2025-10-02 17:22:30,371 - INFO - (245.999 -89.145 4.048)
2025-10-02 17:22:30,381 - INFO - (246.139 -89.069 2.786)
2025-10-02 17:22:30,391 - INFO - (246.28 -88.994 0.342)
2025-10-02 17:22:30,401 - INFO - (246.42 -88.918 3.005)
2025-10-02 17:22:30,411 - INFO - (246.561 -88.842 -1.416)
2025-10-02 17:22:30,421 - INFO - (246.702 -88.767 2.818)
2025-10-02 17:22:30,431 - INFO - (246.843 -88.691 2.379)
2025-10-02 17:22:30,441 - INFO - (246.984 -88.615 1.198)
2025-10-02 17:22:30,451 - INFO - (247.125 -88.539 -3.995)
2025-10-02 17:22:30,461 - INFO - (247.266 -88.464 2.78)
2025-10-02 17:22:30,471 - INFO - (247.407 -88.388 3.562)
2025-10-02 17:22:30,481 - INFO - (247.549 -88.312 -0.126)
2025-10-02 17:22:30,491 - INFO - (247.69 -88.236 -0.162)
2025-10-02 17:22:30,501 - INFO - (247.832 -88.16 0.972)
2025-10-02 17:22:30,511 - INFO - (247.973 -88.084 -0.288)
2025-10-02 17:22:30,522 - INFO - (248.115 -88.008 0.597)
2025-10-02 17:22:30,531 - INFO - (248.256 -87.932 2.33)
2025-10-02 17:22:30,541 - INFO - (248.398 -87.856 -1.906)
2025-10-02 17:22:30,551 - INFO - (248.54 -87.78 -0.105)
2025-10-02 17:22:30,561 - INFO - (248.681 -87.704 -5.357)
2025-10-02 17:22:30,571 - INFO - (248.821 -87.628 -5.756)
2025-10-02 17:22:30,581 - INFO - (248.961 -87.551 -6.162)
2025-10-02 17:22:30,591 - INFO - (249.1 -87.474 -2.568)
2025-10-02 17:22:30,601 - INFO - (249.238 -87.397 -5.512)
2025-10-02 17:22:30,611 - INFO - (249.375 -87.319 -2.975)
2025-10-02 17:22:30,621 - INFO - (249.513 -87.241 -3.833)
2025-10-02 17:22:30,631 - INFO - (249.649 -87.164 -3.446)
2025-10-02 17:22:30,641 - INFO - (249.785 -87.086 -5.288)
2025-10-02 17:22:30,651 - INFO - (249.921 -87.008 0.291)
2025-10-02 17:22:30,661 - INFO - (250.057 -86.93 3.038)
2025-10-02 17:22:30,671 - INFO - (250.193 -86.852 -0.085)
2025-10-02 17:22:30,681 - INFO - (250.329 -86.774 -1.544)
2025-10-02 17:22:30,691 - INFO - (250.465 -86.695 -0.104)
2025-10-02 17:22:30,701 - INFO - (250.6 -86.617 0.89)
2025-10-02 17:22:30,711 - INFO - (250.736 -86.538 1.218)
2025-10-02 17:22:30,721 - INFO - (250.872 -86.459 0.746)
2025-10-02 17:22:30,731 - INFO - (251.007 -86.379 1.69)
2025-10-02 17:22:30,741 - INFO - (251.143 -86.3 -1.204)
2025-10-02 17:22:30,751 - INFO - (251.279 -86.22 1.053)
2025-10-02 17:22:30,761 - INFO - (251.414 -86.141 0.901)
2025-10-02 17:22:30,771 - INFO - (251.55 -86.061 0.888)
2025-10-02 17:22:30,781 - INFO - (251.685 -85.982 -1.731)
2025-10-02 17:22:30,791 - INFO - (251.807 -85.91 2.176)
2025-10-02 17:22:30,801 - INFO - (251.956 -85.822 0.096)
2025-10-02 17:22:30,811 - INFO - (252.092 -85.741 2.292)
2025-10-02 17:22:30,821 - INFO - (252.214 -85.669 0.764)
2025-10-02 17:22:30,831 - INFO - (252.363 -85.581 0.695)
2025-10-02 17:22:30,841 - INFO - (252.499 -85.5 -1.306)
2025-10-02 17:22:30,851 - INFO - (252.621 -85.428 1.898)
2025-10-02 17:22:30,861 - INFO - (252.77 -85.339 1.878)
2025-10-02 17:22:30,871 - INFO - (252.906 -85.259 -0.94)
2025-10-02 17:22:30,881 - INFO - (253.028 -85.186 0.372)
2025-10-02 17:22:30,891 - INFO - (253.178 -85.097 0.426)
2025-10-02 17:22:30,901 - INFO - (253.313 -85.016 0.015)
2025-10-02 17:22:30,911 - INFO - (253.449 -84.935 0.24)
2025-10-02 17:22:30,921 - INFO - (253.585 -84.854 4.969)
2025-10-02 17:22:30,931 - INFO - (253.721 -84.773 -2.611)
2025-10-02 17:22:30,941 - INFO - (253.857 -84.692 -2.496)
2025-10-02 17:22:30,951 - INFO - (253.979 -84.619 -2.105)
2025-10-02 17:22:30,961 - INFO - (254.128 -84.53 -2.4)
2025-10-02 17:22:30,972 - INFO - (254.263 -84.449 -1.032)
2025-10-02 17:22:30,982 - INFO - (254.399 -84.368 3.634)
2025-10-02 17:22:30,992 - INFO - (254.507 -84.303 2.674)
2025-10-02 17:22:31,002 - INFO - (254.643 -84.222 -0.262)
2025-10-02 17:22:31,011 - INFO - (254.778 -84.141 2.39)
2025-10-02 17:22:31,021 - INFO - (254.914 -84.06 1.012)
2025-10-02 17:22:31,031 - INFO - (255.05 -83.978 -3.229)
2025-10-02 17:22:31,041 - INFO - (255.199 -83.889 2.708)
2025-10-02 17:22:31,051 - INFO - (255.335 -83.807 1.877)
2025-10-02 17:22:31,061 - INFO - (255.471 -83.726 1.36)
2025-10-02 17:22:31,071 - INFO - (255.607 -83.644 -1.05)
2025-10-02 17:22:31,081 - INFO - (255.73 -83.571 1.578)
2025-10-02 17:22:31,091 - INFO - (255.866 -83.489 -0.768)
2025-10-02 17:22:31,101 - INFO - (256.002 -83.407 0.526)
2025-10-02 17:22:31,111 - INFO - (256.138 -83.325 0.312)
2025-10-02 17:22:31,121 - INFO - (256.274 -83.244 0.523)
2025-10-02 17:22:31,131 - INFO - (256.424 -83.154 -0.602)
2025-10-02 17:22:31,141 - INFO - (256.56 -83.072 0.086)
2025-10-02 17:22:31,151 - INFO - (256.696 -82.99 -0.139)
2025-10-02 17:22:31,161 - INFO - (256.832 -82.908 -0.318)
2025-10-02 17:22:31,171 - INFO - (256.968 -82.827 -2.726)
2025-10-02 17:22:31,181 - INFO - (257.09 -82.753 1.598)
2025-10-02 17:22:31,191 - INFO - (257.226 -82.672 0.246)
2025-10-02 17:22:31,201 - INFO - (257.362 -82.59 1.08)
2025-10-02 17:22:31,211 - INFO - (257.512 -82.5 0.202)
2025-10-02 17:22:31,221 - INFO - (257.648 -82.418 -2.662)
2025-10-02 17:22:31,231 - INFO - (257.784 -82.336 1.784)
2025-10-02 17:22:31,241 - INFO - (257.92 -82.254 0.619)
2025-10-02 17:22:31,252 - INFO - (258.056 -82.173 1.449)
2025-10-02 17:22:31,261 - INFO - (258.192 -82.091 -1.492)
2025-10-02 17:22:31,271 - INFO - (258.328 -82.009 1.838)
2025-10-02 17:22:31,281 - INFO - (258.464 -81.927 -1.557)
2025-10-02 17:22:31,291 - INFO - (258.6 -81.845 0.255)
2025-10-02 17:22:31,301 - INFO - (258.736 -81.763 0.424)
2025-10-02 17:22:31,311 - INFO - (258.872 -81.681 -4.768)
2025-10-02 17:22:31,321 - INFO - (259.007 -81.599 -8.912)
2025-10-02 17:22:31,331 - INFO - (259.141 -81.518 -8.637)
2025-10-02 17:22:31,341 - INFO - (259.274 -81.437 -8.37)
2025-10-02 17:22:31,351 - INFO - (259.407 -81.355 -7.813)
2025-10-02 17:22:31,361 - INFO - (259.538 -81.274 -10.95)
2025-10-02 17:22:31,371 - INFO - (259.668 -81.193 -1.014)
2025-10-02 17:22:31,381 - INFO - (259.798 -81.111 -1.778)
2025-10-02 17:22:31,391 - INFO - (259.928 -81.028 -1.898)
2025-10-02 17:22:31,401 - INFO - (260.057 -80.946 -7.502)
2025-10-02 17:22:31,411 - INFO - (260.171 -80.871 -5.685)
2025-10-02 17:22:31,421 - INFO - (260.311 -80.779 -7.25)
2025-10-02 17:22:31,431 - INFO - (260.437 -80.695 -3.098)
2025-10-02 17:22:31,441 - INFO - (260.562 -80.611 0.518)
2025-10-02 17:22:31,451 - INFO - (260.687 -80.527 -2.77)
2025-10-02 17:22:31,461 - INFO - (260.812 -80.443 -3.191)
2025-10-02 17:22:31,471 - INFO - (260.936 -80.358 -3.673)
2025-10-02 17:22:31,481 - INFO - (261.06 -80.274 -2.488)
2025-10-02 17:22:31,491 - INFO - (261.184 -80.189 1.476)
2025-10-02 17:22:31,501 - INFO - (261.308 -80.105 -1.099)
2025-10-02 17:22:31,511 - INFO - (261.432 -80.02 -0.432)
2025-10-02 17:22:31,521 - INFO - (261.555 -79.935 -0.674)
2025-10-02 17:22:31,531 - INFO - (261.679 -79.85 -0.413)
2025-10-02 17:22:31,541 - INFO - (261.802 -79.765 -0.454)
2025-10-02 17:22:31,551 - INFO - (261.925 -79.68 -0.073)
2025-10-02 17:22:31,561 - INFO - (262.048 -79.595 -3.212)
2025-10-02 17:22:31,571 - INFO - (262.171 -79.51 1.96)
2025-10-02 17:22:31,581 - INFO - (262.294 -79.424 -1.313)
2025-10-02 17:22:31,591 - INFO - (262.416 -79.339 2.237)
2025-10-02 17:22:31,601 - INFO - (262.54 -79.254 1.851)
2025-10-02 17:22:31,611 - INFO - (262.663 -79.168 0.313)
2025-10-02 17:22:31,621 - INFO - (262.785 -79.082 0.679)
2025-10-02 17:22:31,631 - INFO - (262.908 -78.996 0.167)
2025-10-02 17:22:31,641 - INFO - (263.031 -78.91 0.701)
2025-10-02 17:22:31,651 - INFO - (263.154 -78.824 1.762)
2025-10-02 17:22:31,661 - INFO - (263.277 -78.738 -1.101)
2025-10-02 17:22:31,671 - INFO - (263.4 -78.652 1.326)
2025-10-02 17:22:31,681 - INFO - (263.523 -78.565 -0.269)
2025-10-02 17:22:31,691 - INFO - (263.646 -78.479 1.285)
2025-10-02 17:22:31,701 - INFO - (263.769 -78.392 0.847)
2025-10-02 17:22:31,711 - INFO - (263.893 -78.306 1.299)
2025-10-02 17:22:31,721 - INFO - (264.016 -78.219 -0.618)
2025-10-02 17:22:31,731 - INFO - (264.139 -78.133 0.242)
2025-10-02 17:22:31,741 - INFO - (264.262 -78.046 0.037)
2025-10-02 17:22:31,751 - INFO - (264.385 -77.96 -0.077)
2025-10-02 17:22:31,761 - INFO - (264.508 -77.873 -2.474)
2025-10-02 17:22:31,771 - INFO - (264.631 -77.787 1.988)
2025-10-02 17:22:31,781 - INFO - (264.754 -77.7 -4.635)
2025-10-02 17:22:31,791 - INFO - (264.864 -77.622 2.1)
2025-10-02 17:22:31,801 - INFO - (265.0 -77.527 2.116)
2025-10-02 17:22:31,811 - INFO - (265.111 -77.449 1.717)
2025-10-02 17:22:31,821 - INFO - (265.234 -77.363 -0.1)
2025-10-02 17:22:31,831 - INFO - (265.357 -77.276 -1.171)
2025-10-02 17:22:31,841 - INFO - (265.48 -77.189 1.103)
2025-10-02 17:22:31,851 - INFO - (265.603 -77.102 2.425)
2025-10-02 17:22:31,861 - INFO - (265.727 -77.016 -1.546)
2025-10-02 17:22:31,871 - INFO - (265.85 -76.929 -0.563)
2025-10-02 17:22:31,881 - INFO - (265.973 -76.842 0.769)
2025-10-02 17:22:31,891 - INFO - (266.096 -76.755 0.86)
2025-10-02 17:22:31,901 - INFO - (266.219 -76.668 0.403)
2025-10-02 17:22:31,911 - INFO - (266.343 -76.581 2.252)
2025-10-02 17:22:31,921 - INFO - (266.466 -76.494 -1.914)
2025-10-02 17:22:31,931 - INFO - (266.589 -76.407 -0.242)
2025-10-02 17:22:31,941 - INFO - (266.712 -76.32 0.288)
2025-10-02 17:22:31,951 - INFO - (266.836 -76.233 0.022)
2025-10-02 17:22:31,961 - INFO - (266.959 -76.146 -2.679)
2025-10-02 17:22:31,971 - INFO - (267.082 -76.059 2.033)
2025-10-02 17:22:31,981 - INFO - (267.205 -75.972 -2.901)
2025-10-02 17:22:31,991 - INFO - (267.328 -75.886 2.136)
2025-10-02 17:22:32,001 - INFO - (267.452 -75.799 1.614)
2025-10-02 17:22:32,011 - INFO - (267.575 -75.712 0.356)
2025-10-02 17:22:32,021 - INFO - (267.698 -75.625 0.058)
2025-10-02 17:22:32,031 - INFO - (267.821 -75.538 -2.572)
2025-10-02 17:22:32,041 - INFO - (267.945 -75.451 1.911)
2025-10-02 17:22:32,052 - INFO - (268.068 -75.364 2.111)
2025-10-02 17:22:32,061 - INFO - (268.192 -75.277 -0.258)
2025-10-02 17:22:32,071 - INFO - (268.315 -75.19 -1.289)
2025-10-02 17:22:32,081 - INFO - (268.438 -75.103 0.561)
2025-10-02 17:22:32,091 - INFO - (268.561 -75.016 -1.319)
2025-10-02 17:22:32,101 - INFO - (268.684 -74.928 -1.645)
2025-10-02 17:22:32,111 - INFO - (268.806 -74.84 -0.908)
2025-10-02 17:22:32,121 - INFO - (268.927 -74.75 1.072)
2025-10-02 17:22:32,131 - INFO - (269.049 -74.661 -3.556)
2025-10-02 17:22:32,141 - INFO - (269.169 -74.572 -3.105)
2025-10-02 17:22:32,151 - INFO - (269.289 -74.482 -2.714)
2025-10-02 17:22:32,161 - INFO - (269.408 -74.391 -6.354)
2025-10-02 17:22:32,171 - INFO - (269.526 -74.3 1.073)
2025-10-02 17:22:32,181 - INFO - (269.644 -74.208 -0.501)
2025-10-02 17:22:32,191 - INFO - (269.761 -74.115 -0.406)
2025-10-02 17:22:32,201 - INFO - (269.877 -74.022 -0.755)
2025-10-02 17:22:32,211 - INFO - (269.992 -73.928 -0.78)
2025-10-02 17:22:32,221 - INFO - (270.107 -73.832 -0.744)
2025-10-02 17:22:32,231 - INFO - (270.221 -73.737 -0.594)
2025-10-02 17:22:32,241 - INFO - (270.333 -73.64 -5.767)
2025-10-02 17:22:32,251 - INFO - (270.446 -73.544 3.428)
2025-10-02 17:22:32,261 - INFO - (270.559 -73.447 0.527)
2025-10-02 17:22:32,271 - INFO - (270.672 -73.35 1.396)
2025-10-02 17:22:32,281 - INFO - (270.784 -73.252 -0.848)
2025-10-02 17:22:32,291 - INFO - (270.883 -73.162 -3.676)
2025-10-02 17:22:32,301 - INFO - (271.003 -73.052 -1.171)
2025-10-02 17:22:32,311 - INFO - (271.112 -72.951 -0.829)
2025-10-02 17:22:32,321 - INFO - (271.219 -72.849 1.316)
2025-10-02 17:22:32,331 - INFO - (271.326 -72.747 -0.784)
2025-10-02 17:22:32,341 - INFO - (271.433 -72.644 -0.154)
2025-10-02 17:22:32,351 - INFO - (271.538 -72.54 0.746)
2025-10-02 17:22:32,361 - INFO - (271.643 -72.435 -4.968)
2025-10-02 17:22:32,371 - INFO - (271.758 -72.32 5.691)
2025-10-02 17:22:32,382 - INFO - (271.863 -72.214 4.613)
2025-10-02 17:22:32,392 - INFO - (271.957 -72.118 2.035)
2025-10-02 17:22:32,402 - INFO - (272.06 -72.011 2.431)
2025-10-02 17:22:32,411 - INFO - (272.164 -71.903 2.726)
2025-10-02 17:22:32,421 - INFO - (272.266 -71.794 2.66)
2025-10-02 17:22:32,431 - INFO - (272.369 -71.685 3.075)
2025-10-02 17:22:32,441 - INFO - (272.471 -71.574 1.081)
2025-10-02 17:22:32,451 - INFO - (272.573 -71.464 7.883)
2025-10-02 17:22:32,461 - INFO - (272.676 -71.353 -1.516)
2025-10-02 17:22:32,471 - INFO - (272.777 -71.242 1.737)
2025-10-02 17:22:32,481 - INFO - (272.869 -71.141 4.343)
2025-10-02 17:22:32,491 - INFO - (272.971 -71.029 6.919)
2025-10-02 17:22:32,501 - INFO - (273.083 -70.904 6.596)
2025-10-02 17:22:32,511 - INFO - (273.186 -70.791 4.751)
2025-10-02 17:22:32,521 - INFO - (273.278 -70.688 3.233)
2025-10-02 17:22:32,531 - INFO - (273.391 -70.562 2.625)
2025-10-02 17:22:32,541 - INFO - (273.494 -70.447 1.602)
2025-10-02 17:22:32,551 - INFO - (273.587 -70.344 2.344)
2025-10-02 17:22:32,561 - INFO - (273.689 -70.229 1.895)
2025-10-02 17:22:32,571 - INFO - (273.792 -70.114 -1.283)
2025-10-02 17:22:32,581 - INFO - (273.895 -69.998 3.122)
2025-10-02 17:22:32,591 - INFO - (273.998 -69.883 2.724)
2025-10-02 17:22:32,601 - INFO - (274.1 -69.767 -0.815)
2025-10-02 17:22:32,611 - INFO - (274.203 -69.651 2.884)
2025-10-02 17:22:32,621 - INFO - (274.306 -69.535 2.181)
2025-10-02 17:22:32,631 - INFO - (274.409 -69.418 1.51)
2025-10-02 17:22:32,641 - INFO - (274.512 -69.302 0.282)
2025-10-02 17:22:32,652 - INFO - (274.614 -69.185 1.651)
2025-10-02 17:22:32,662 - INFO - (274.718 -69.068 1.991)
2025-10-02 17:22:32,672 - INFO - (274.82 -68.951 -1.037)
2025-10-02 17:22:32,682 - INFO - (274.923 -68.834 2.165)
2025-10-02 17:22:32,691 - INFO - (275.026 -68.717 0.543)
2025-10-02 17:22:32,701 - INFO - (275.129 -68.599 1.082)
2025-10-02 17:22:32,711 - INFO - (275.232 -68.482 0.842)
2025-10-02 17:22:32,721 - INFO - (275.335 -68.364 0.458)
2025-10-02 17:22:32,731 - INFO - (275.438 -68.247 0.268)
2025-10-02 17:22:32,741 - INFO - (275.541 -68.129 -0.096)
2025-10-02 17:22:32,751 - INFO - (275.634 -68.023 0.238)
2025-10-02 17:22:32,761 - INFO - (275.737 -67.906 0.013)
2025-10-02 17:22:32,771 - INFO - (275.85 -67.777 -3.269)
2025-10-02 17:22:32,781 - INFO - (275.942 -67.671 1.711)
2025-10-02 17:22:32,791 - INFO - (276.045 -67.553 2.195)
2025-10-02 17:22:32,801 - INFO - (276.148 -67.435 -0.001)
2025-10-02 17:22:32,811 - INFO - (276.251 -67.317 1.013)
2025-10-02 17:22:32,821 - INFO - (276.354 -67.199 0.481)
2025-10-02 17:22:32,831 - INFO - (276.467 -67.07 0.398)
2025-10-02 17:22:32,841 - INFO - (276.569 -66.952 -1.619)
2025-10-02 17:22:32,851 - INFO - (276.672 -66.834 2.978)
2025-10-02 17:22:32,861 - INFO - (276.775 -66.716 -0.876)
2025-10-02 17:22:32,871 - INFO - (276.878 -66.598 0.096)
2025-10-02 17:22:32,881 - INFO - (276.981 -66.479 1.679)
2025-10-02 17:22:32,891 - INFO - (277.084 -66.361 -1.281)
2025-10-02 17:22:32,901 - INFO - (277.187 -66.243 0.316)
2025-10-02 17:22:32,911 - INFO - (277.279 -66.136 0.259)
2025-10-02 17:22:32,921 - INFO - (277.392 -66.006 4.914)
2025-10-02 17:22:32,931 - INFO - (277.495 -65.887 -2.56)
2025-10-02 17:22:32,941 - INFO - (277.598 -65.769 -2.504)
2025-10-02 17:22:32,951 - INFO - (277.691 -65.663 -2.084)
2025-10-02 17:22:32,961 - INFO - (277.793 -65.544 -2.168)
2025-10-02 17:22:32,971 - INFO - (277.896 -65.427 0.366)
2025-10-02 17:22:32,981 - INFO - (277.998 -65.309 3.777)
2025-10-02 17:22:32,991 - INFO - (278.101 -65.19 -1.246)
2025-10-02 17:22:33,001 - INFO - (278.204 -65.072 2.445)
2025-10-02 17:22:33,012 - INFO - (278.307 -64.953 1.536)
2025-10-02 17:22:33,021 - INFO - (278.41 -64.835 0.864)
2025-10-02 17:22:33,031 - INFO - (278.513 -64.716 -1.043)
2025-10-02 17:22:33,041 - INFO - (278.616 -64.598 1.69)
2025-10-02 17:22:33,051 - INFO - (278.719 -64.479 1.302)
2025-10-02 17:22:33,061 - INFO - (278.822 -64.36 -0.984)
2025-10-02 17:22:33,071 - INFO - (278.935 -64.23 1.153)
2025-10-02 17:22:33,081 - INFO - (279.038 -64.111 -8.357)
2025-10-02 17:22:33,091 - INFO - (279.14 -63.993 -9.151)
2025-10-02 17:22:33,101 - INFO - (279.241 -63.875 -8.535)
2025-10-02 17:22:33,112 - INFO - (279.341 -63.758 -6.584)
2025-10-02 17:22:33,122 - INFO - (279.44 -63.641 -3.391)
2025-10-02 17:22:33,132 - INFO - (279.539 -63.523 -6.803)
2025-10-02 17:22:33,142 - INFO - (279.627 -63.418 -6.167)
2025-10-02 17:22:33,151 - INFO - (279.735 -63.29 -6.123)
2025-10-02 17:22:33,161 - INFO - (279.822 -63.185 -9.012)
2025-10-02 17:22:33,171 - INFO - (279.917 -63.069 0.606)
2025-10-02 17:22:33,181 - INFO - (280.013 -62.952 -0.563)
2025-10-02 17:22:33,191 - INFO - (280.107 -62.834 -3.065)
2025-10-02 17:22:33,201 - INFO - (280.201 -62.716 -3.912)
2025-10-02 17:22:33,211 - INFO - (280.293 -62.599 -4.45)
2025-10-02 17:22:33,221 - INFO - (280.385 -62.48 -4.17)
2025-10-02 17:22:33,231 - INFO - (280.476 -62.362 -6.572)
2025-10-02 17:22:33,241 - INFO - (280.566 -62.244 0.646)
2025-10-02 17:22:33,251 - INFO - (280.647 -62.138 3.298)
2025-10-02 17:22:33,261 - INFO - (280.737 -62.019 -1.732)
2025-10-02 17:22:33,271 - INFO - (280.835 -61.888 -2.427)
2025-10-02 17:22:33,281 - INFO - (280.915 -61.781 -0.059)
2025-10-02 17:22:33,291 - INFO - (281.004 -61.661 -0.211)
2025-10-02 17:22:33,301 - INFO - (281.092 -61.542 0.073)
2025-10-02 17:22:33,311 - INFO - (281.18 -61.422 -0.162)
2025-10-02 17:22:33,321 - INFO - (281.267 -61.302 2.319)
2025-10-02 17:22:33,331 - INFO - (281.355 -61.181 -1.525)
2025-10-02 17:22:33,341 - INFO - (281.442 -61.061 0.438)
2025-10-02 17:22:33,351 - INFO - (281.529 -60.94 0.702)
2025-10-02 17:22:33,361 - INFO - (281.616 -60.82 0.689)
2025-10-02 17:22:33,371 - INFO - (281.704 -60.699 -2.756)
2025-10-02 17:22:33,381 - INFO - (281.79 -60.579 2.245)
2025-10-02 17:22:33,391 - INFO - (281.877 -60.458 2.655)
2025-10-02 17:22:33,401 - INFO - (281.973 -60.325 1.1)
2025-10-02 17:22:33,411 - INFO - (282.051 -60.215 1.076)
2025-10-02 17:22:33,421 - INFO - (282.138 -60.094 1.055)
2025-10-02 17:22:33,431 - INFO - (282.225 -59.972 0.768)
2025-10-02 17:22:33,441 - INFO - (282.312 -59.851 -1.79)
2025-10-02 17:22:33,451 - INFO - (282.399 -59.729 2.144)
2025-10-02 17:22:33,461 - INFO - (282.486 -59.607 2.344)
2025-10-02 17:22:33,471 - INFO - (282.572 -59.486 -0.919)
2025-10-02 17:22:33,481 - INFO - (282.659 -59.364 2.931)
2025-10-02 17:22:33,491 - INFO - (282.746 -59.241 -1.57)
2025-10-02 17:22:33,501 - INFO - (282.841 -59.107 0.616)
2025-10-02 17:22:33,511 - INFO - (282.928 -58.985 0.795)
2025-10-02 17:22:33,521 - INFO - (283.006 -58.875 2.401)
2025-10-02 17:22:33,531 - INFO - (283.093 -58.752 1.941)
2025-10-02 17:22:33,541 - INFO - (283.189 -58.617 -2.572)
2025-10-02 17:22:33,551 - INFO - (283.267 -58.507 -2.178)
2025-10-02 17:22:33,561 - INFO - (283.362 -58.373 -1.956)
2025-10-02 17:22:33,571 - INFO - (283.449 -58.251 -4.822)
2025-10-02 17:22:33,581 - INFO - (283.536 -58.129 4.679)
2025-10-02 17:22:33,591 - INFO - (283.622 -58.007 2.195)
2025-10-02 17:22:33,601 - INFO - (283.709 -57.884 3.273)
2025-10-02 17:22:33,611 - INFO - (283.796 -57.762 1.444)
2025-10-02 17:22:33,621 - INFO - (283.883 -57.639 0.478)
2025-10-02 17:22:33,631 - INFO - (283.97 -57.516 0.81)
2025-10-02 17:22:33,641 - INFO - (284.057 -57.394 -2.729)
2025-10-02 17:22:33,651 - INFO - (284.144 -57.271 2.382)
2025-10-02 17:22:33,661 - INFO - (284.231 -57.148 3.678)
2025-10-02 17:22:33,671 - INFO - (284.318 -57.025 -1.642)
2025-10-02 17:22:33,681 - INFO - (284.405 -56.902 -0.446)
2025-10-02 17:22:33,691 - INFO - (284.492 -56.779 0.531)
2025-10-02 17:22:33,701 - INFO - (284.579 -56.656 0.378)
2025-10-02 17:22:33,711 - INFO - (284.667 -56.533 0.371)
2025-10-02 17:22:33,721 - INFO - (284.754 -56.41 0.099)
2025-10-02 17:22:33,731 - INFO - (284.841 -56.287 2.977)
2025-10-02 17:22:33,741 - INFO - (284.928 -56.164 -2.505)
2025-10-02 17:22:33,751 - INFO - (285.015 -56.041 -2.391)
2025-10-02 17:22:33,761 - INFO - (285.102 -55.918 -0.875)
2025-10-02 17:22:33,771 - INFO - (285.189 -55.795 2.281)
2025-10-02 17:22:33,781 - INFO - (285.277 -55.673 -2.756)
2025-10-02 17:22:33,791 - INFO - (285.364 -55.55 1.943)
2025-10-02 17:22:33,801 - INFO - (285.45 -55.427 -0.938)
2025-10-02 17:22:33,811 - INFO - (285.538 -55.304 2.408)
2025-10-02 17:22:33,821 - INFO - (285.625 -55.181 0.662)
2025-10-02 17:22:33,831 - INFO - (285.712 -55.058 0.251)
2025-10-02 17:22:33,841 - INFO - (285.799 -54.935 -1.419)
2025-10-02 17:22:33,851 - INFO - (285.886 -54.812 1.184)
2025-10-02 17:22:33,861 - INFO - (285.965 -54.701 0.38)
2025-10-02 17:22:33,871 - INFO - (286.061 -54.565 0.664)
2025-10-02 17:22:33,881 - INFO - (286.148 -54.442 -0.776)
2025-10-02 17:22:33,891 - INFO - (286.227 -54.331 0.536)
2025-10-02 17:22:33,901 - INFO - (286.322 -54.196 -0.545)
2025-10-02 17:22:33,911 - INFO - (286.41 -54.073 -0.073)
2025-10-02 17:22:33,921 - INFO - (286.497 -53.95 -0.263)
2025-10-02 17:22:33,931 - INFO - (286.584 -53.826 1.916)
2025-10-02 17:22:33,941 - INFO - (286.671 -53.703 -2.365)
2025-10-02 17:22:33,951 - INFO - (286.758 -53.58 -0.35)
2025-10-02 17:22:33,961 - INFO - (286.837 -53.47 0.002)
2025-10-02 17:22:33,971 - INFO - (286.924 -53.346 -0.192)
2025-10-02 17:22:33,981 - INFO - (287.011 -53.224 -3.222)
2025-10-02 17:22:33,991 - INFO - (287.098 -53.101 2.191)
2025-10-02 17:22:34,001 - INFO - (287.185 -52.978 -1.803)
2025-10-02 17:22:34,011 - INFO - (287.272 -52.855 2.19)
2025-10-02 17:22:34,021 - INFO - (287.359 -52.732 0.585)
2025-10-02 17:22:34,031 - INFO - (287.446 -52.609 -0.068)
2025-10-02 17:22:34,041 - INFO - (287.542 -52.474 -3.659)
2025-10-02 17:22:34,051 - INFO - (287.62 -52.363 -0.181)
2025-10-02 17:22:34,061 - INFO - (287.707 -52.24 2.004)
2025-10-02 17:22:34,071 - INFO - (287.794 -52.118 4.654)
2025-10-02 17:22:34,081 - INFO - (287.882 -51.995 -3.023)
2025-10-02 17:22:34,091 - INFO - (287.969 -51.871 1.496)
2025-10-02 17:22:34,101 - INFO - (288.056 -51.748 -2.716)
2025-10-02 17:22:34,111 - INFO - (288.143 -51.625 1.046)
2025-10-02 17:22:34,121 - INFO - (288.23 -51.502 1.345)
2025-10-02 17:22:34,131 - INFO - (288.317 -51.379 0.934)
2025-10-02 17:22:34,142 - INFO - (288.404 -51.256 -0.361)
2025-10-02 17:22:34,152 - INFO - (288.491 -51.133 -0.086)
2025-10-02 17:22:34,162 - INFO - (288.57 -51.022 -0.158)
2025-10-02 17:22:34,173 - INFO - (288.657 -50.899 -0.323)
2025-10-02 17:22:34,181 - INFO - (288.744 -50.776 -0.449)
2025-10-02 17:22:34,191 - INFO - (288.831 -50.653 -0.978)
2025-10-02 17:22:34,201 - INFO - (288.918 -50.53 -3.158)
2025-10-02 17:22:34,211 - INFO - (289.004 -50.406 3.894)
2025-10-02 17:22:34,221 - INFO - (289.089 -50.282 2.56)
2025-10-02 17:22:34,231 - INFO - (289.174 -50.157 1.773)
2025-10-02 17:22:34,241 - INFO - (289.259 -50.032 1.569)
2025-10-02 17:22:34,251 - INFO - (289.342 -49.905 1.499)
2025-10-02 17:22:34,261 - INFO - (289.425 -49.779 -1.865)
2025-10-02 17:22:34,271 - INFO - (289.508 -49.652 4.728)
2025-10-02 17:22:34,281 - INFO - (289.591 -49.525 -0.706)
2025-10-02 17:22:34,291 - INFO - (289.672 -49.397 -3.011)
2025-10-02 17:22:34,301 - INFO - (289.752 -49.269 1.168)
2025-10-02 17:22:34,311 - INFO - (289.832 -49.139 0.818)
2025-10-02 17:22:34,321 - INFO - (289.91 -49.01 0.53)
2025-10-02 17:22:34,331 - INFO - (289.988 -48.879 0.368)
2025-10-02 17:22:34,341 - INFO - (290.065 -48.748 3.331)
2025-10-02 17:22:34,351 - INFO - (290.141 -48.617 -4.36)
2025-10-02 17:22:34,361 - INFO - (290.216 -48.486 -3.909)
2025-10-02 17:22:34,371 - INFO - (290.291 -48.355 -0.825)
2025-10-02 17:22:34,381 - INFO - (290.365 -48.223 -8.217)
2025-10-02 17:22:34,391 - INFO - (290.439 -48.092 1.001)
2025-10-02 17:22:34,401 - INFO - (290.511 -47.96 4.727)
2025-10-02 17:22:34,411 - INFO - (290.576 -47.841 3.141)
2025-10-02 17:22:34,421 - INFO - (290.648 -47.707 2.876)
2025-10-02 17:22:34,431 - INFO - (290.719 -47.574 2.485)
2025-10-02 17:22:34,441 - INFO - (290.796 -47.426 -0.971)
2025-10-02 17:22:34,451 - INFO - (290.865 -47.29 1.374)
2025-10-02 17:22:34,461 - INFO - (290.932 -47.155 -1.537)
2025-10-02 17:22:34,471 - INFO - (290.999 -47.018 5.219)
2025-10-02 17:22:34,481 - INFO - (291.066 -46.882 -0.126)
2025-10-02 17:22:34,491 - INFO - (291.132 -46.745 0.217)
2025-10-02 17:22:34,501 - INFO - (291.197 -46.607 2.754)
2025-10-02 17:22:34,511 - INFO - (291.261 -46.469 2.711)
2025-10-02 17:22:34,521 - INFO - (291.324 -46.33 2.38)
2025-10-02 17:22:34,531 - INFO - (291.387 -46.19 1.865)
2025-10-02 17:22:34,541 - INFO - (291.448 -46.049 3.692)
2025-10-02 17:22:34,551 - INFO - (291.509 -45.908 0.272)
2025-10-02 17:22:34,561 - INFO - (291.568 -45.767 1.568)
2025-10-02 17:22:34,571 - INFO - (291.627 -45.625 1.693)
2025-10-02 17:22:34,581 - INFO - (291.686 -45.482 -1.346)
2025-10-02 17:22:34,591 - INFO - (291.744 -45.34 6.648)
2025-10-02 17:22:34,601 - INFO - (291.801 -45.196 5.616)
2025-10-02 17:22:34,611 - INFO - (291.859 -45.052 4.235)
2025-10-02 17:22:34,621 - INFO - (291.916 -44.907 4.516)
2025-10-02 17:22:34,631 - INFO - (291.972 -44.762 4.308)
2025-10-02 17:22:34,641 - INFO - (292.028 -44.616 4.078)
2025-10-02 17:22:34,651 - INFO - (292.084 -44.469 1.121)
2025-10-02 17:22:34,661 - INFO - (292.14 -44.323 3.965)
2025-10-02 17:22:34,671 - INFO - (292.196 -44.176 6.244)
2025-10-02 17:22:34,681 - INFO - (292.253 -44.028 0.124)
2025-10-02 17:22:34,691 - INFO - (292.309 -43.881 4.299)
2025-10-02 17:22:34,701 - INFO - (292.36 -43.748 6.376)
2025-10-02 17:22:34,711 - INFO - (292.417 -43.599 1.358)
2025-10-02 17:22:34,721 - INFO - (292.475 -43.451 4.173)
2025-10-02 17:22:34,731 - INFO - (292.532 -43.302 3.189)
2025-10-02 17:22:34,741 - INFO - (292.59 -43.153 3.842)
2025-10-02 17:22:34,751 - INFO - (292.648 -43.004 -1.016)
2025-10-02 17:22:34,761 - INFO - (292.706 -42.854 0.928)
2025-10-02 17:22:34,771 - INFO - (292.764 -42.705 1.896)
2025-10-02 17:22:34,781 - INFO - (292.822 -42.556 -3.09)
2025-10-02 17:22:34,791 - INFO - (292.88 -42.407 2.73)
2025-10-02 17:22:34,801 - INFO - (292.938 -42.257 2.004)
2025-10-02 17:22:34,811 - INFO - (293.002 -42.093 -0.988)
2025-10-02 17:22:34,821 - INFO - (293.06 -41.943 2.472)
2025-10-02 17:22:34,831 - INFO - (293.113 -41.808 0.767)
2025-10-02 17:22:34,841 - INFO - (293.177 -41.644 0.399)
2025-10-02 17:22:34,851 - INFO - (293.23 -41.509 -1.794)
2025-10-02 17:22:34,861 - INFO - (293.288 -41.359 1.548)
2025-10-02 17:22:34,871 - INFO - (293.347 -41.21 1.251)
2025-10-02 17:22:34,881 - INFO - (293.406 -41.06 -1.594)
2025-10-02 17:22:34,891 - INFO - (293.464 -40.91 -0.389)
2025-10-02 17:22:34,901 - INFO - (293.522 -40.761 1.294)
2025-10-02 17:22:34,911 - INFO - (293.581 -40.611 -1.647)
2025-10-02 17:22:34,921 - INFO - (293.639 -40.462 -0.049)
2025-10-02 17:22:34,931 - INFO - (293.698 -40.312 1.336)
2025-10-02 17:22:34,941 - INFO - (293.757 -40.162 -1.818)
2025-10-02 17:22:34,951 - INFO - (293.815 -40.013 -0.312)
2025-10-02 17:22:34,961 - INFO - (293.874 -39.864 -0.419)
2025-10-02 17:22:34,971 - INFO - (293.932 -39.714 -0.544)
2025-10-02 17:22:34,981 - INFO - (293.991 -39.565 -4.659)
2025-10-02 17:22:34,991 - INFO - (294.049 -39.416 1.812)
2025-10-02 17:22:35,001 - INFO - (294.108 -39.267 1.958)
2025-10-02 17:22:35,011 - INFO - (294.166 -39.118 0.392)
2025-10-02 17:22:35,022 - INFO - (294.224 -38.969 0.952)
2025-10-02 17:22:35,031 - INFO - (294.283 -38.819 0.146)
2025-10-02 17:22:35,041 - INFO - (294.342 -38.67 -1.713)
2025-10-02 17:22:35,051 - INFO - (294.401 -38.521 1.417)
2025-10-02 17:22:35,061 - INFO - (294.459 -38.372 0.873)
2025-10-02 17:22:35,071 - INFO - (294.518 -38.222 -1.526)
2025-10-02 17:22:35,081 - INFO - (294.577 -38.073 -0.228)
2025-10-02 17:22:35,091 - INFO - (294.635 -37.924 -2.999)
2025-10-02 17:22:35,101 - INFO - (294.694 -37.775 -6.808)
2025-10-02 17:22:35,111 - INFO - (294.752 -37.627 -9.297)
2025-10-02 17:22:35,121 - INFO - (294.809 -37.48 -4.709)
2025-10-02 17:22:35,131 - INFO - (294.866 -37.333 -6.944)
2025-10-02 17:22:35,141 - INFO - (294.928 -37.172 -8.099)
2025-10-02 17:22:35,151 - INFO - (294.983 -37.026 -7.305)
2025-10-02 17:22:35,161 - INFO - (295.038 -36.881 -6.743)
2025-10-02 17:22:35,171 - INFO - (295.092 -36.736 -8.726)
2025-10-02 17:22:35,181 - INFO - (295.146 -36.592 -0.029)
2025-10-02 17:22:35,191 - INFO - (295.199 -36.447 -2.031)
2025-10-02 17:22:35,201 - INFO - (295.251 -36.302 -2.899)
2025-10-02 17:22:35,211 - INFO - (295.303 -36.158 -2.053)
2025-10-02 17:22:35,221 - INFO - (295.355 -36.013 -3.082)
2025-10-02 17:22:35,231 - INFO - (295.405 -35.869 -5.949)
2025-10-02 17:22:35,241 - INFO - (295.456 -35.725 1.595)
2025-10-02 17:22:35,251 - INFO - (295.506 -35.581 0.862)
2025-10-02 17:22:35,261 - INFO - (295.551 -35.451 3.024)
2025-10-02 17:22:35,271 - INFO - (295.601 -35.306 -2.939)
2025-10-02 17:22:35,281 - INFO - (295.65 -35.161 -1.069)
2025-10-02 17:22:35,291 - INFO - (295.699 -35.017 0.931)
2025-10-02 17:22:35,301 - INFO - (295.749 -34.872 1.635)
2025-10-02 17:22:35,311 - INFO - (295.798 -34.727 1.114)
2025-10-02 17:22:35,321 - INFO - (295.852 -34.568 1.01)
2025-10-02 17:22:35,331 - INFO - (295.902 -34.423 0.483)
2025-10-02 17:22:35,341 - INFO - (295.951 -34.277 0.679)
2025-10-02 17:22:35,351 - INFO - (296.0 -34.132 0.346)
2025-10-02 17:22:35,361 - INFO - (296.049 -33.987 0.336)
2025-10-02 17:22:35,371 - INFO - (296.093 -33.856 -2.514)
2025-10-02 17:22:35,381 - INFO - (296.142 -33.711 2.318)
2025-10-02 17:22:35,391 - INFO - (296.191 -33.565 0.714)
2025-10-02 17:22:35,401 - INFO - (296.239 -33.42 -1.498)
2025-10-02 17:22:35,411 - INFO - (296.288 -33.275 1.882)
2025-10-02 17:22:35,421 - INFO - (296.337 -33.129 0.473)
2025-10-02 17:22:35,431 - INFO - (296.386 -32.984 -4.604)
2025-10-02 17:22:35,441 - INFO - (296.434 -32.838 2.289)
2025-10-02 17:22:35,451 - INFO - (296.482 -32.693 2.207)
2025-10-02 17:22:35,461 - INFO - (296.531 -32.547 3.224)
2025-10-02 17:22:35,471 - INFO - (296.58 -32.401 -2.009)
2025-10-02 17:22:35,481 - INFO - (296.628 -32.255 2.907)
2025-10-02 17:22:35,491 - INFO - (296.677 -32.109 -2.276)
2025-10-02 17:22:35,501 - INFO - (296.725 -31.963 0.742)
2025-10-02 17:22:35,511 - INFO - (296.773 -31.817 1.258)
2025-10-02 17:22:35,521 - INFO - (296.822 -31.671 0.83)
2025-10-02 17:22:35,531 - INFO - (296.87 -31.525 0.423)
2025-10-02 17:22:35,541 - INFO - (296.919 -31.379 0.38)
2025-10-02 17:22:35,551 - INFO - (296.967 -31.233 0.105)
2025-10-02 17:22:35,561 - INFO - (297.015 -31.086 -0.075)
2025-10-02 17:22:35,571 - INFO - (297.064 -30.94 -3.633)
2025-10-02 17:22:35,581 - INFO - (297.112 -30.794 2.132)
2025-10-02 17:22:35,591 - INFO - (297.16 -30.648 1.499)
2025-10-02 17:22:35,601 - INFO - (297.208 -30.502 -1.896)
2025-10-02 17:22:35,611 - INFO - (297.257 -30.356 1.968)
2025-10-02 17:22:35,621 - INFO - (297.305 -30.209 0.29)
2025-10-02 17:22:35,631 - INFO - (297.353 -30.063 -1.583)
2025-10-02 17:22:35,641 - INFO - (297.401 -29.917 1.727)
2025-10-02 17:22:35,651 - INFO - (297.45 -29.77 0.171)
2025-10-02 17:22:35,661 - INFO - (297.498 -29.624 1.307)
2025-10-02 17:22:35,671 - INFO - (297.546 -29.477 -0.849)
2025-10-02 17:22:35,681 - INFO - (297.594 -29.331 2.073)
2025-10-02 17:22:35,691 - INFO - (297.643 -29.184 -1.524)
2025-10-02 17:22:35,701 - INFO - (297.691 -29.038 0.457)
2025-10-02 17:22:35,711 - INFO - (297.739 -28.891 1.369)
2025-10-02 17:22:35,721 - INFO - (297.787 -28.744 0.29)
2025-10-02 17:22:35,731 - INFO - (297.835 -28.598 -1.222)
2025-10-02 17:22:35,741 - INFO - (297.888 -28.436 1.045)
2025-10-02 17:22:35,751 - INFO - (297.932 -28.304 0.206)
2025-10-02 17:22:35,761 - INFO - (297.98 -28.158 -0.016)
2025-10-02 17:22:35,771 - INFO - (298.028 -28.011 -3.691)
2025-10-02 17:22:35,781 - INFO - (298.077 -27.865 1.984)
2025-10-02 17:22:35,791 - INFO - (298.125 -27.718 0.935)
2025-10-02 17:22:35,801 - INFO - (298.173 -27.571 1.637)
2025-10-02 17:22:35,811 - INFO - (298.221 -27.425 0.323)
2025-10-02 17:22:35,821 - INFO - (298.269 -27.278 -0.546)
2025-10-02 17:22:35,831 - INFO - (298.317 -27.131 -0.318)
2025-10-02 17:22:35,842 - INFO - (298.366 -26.984 0.318)
2025-10-02 17:22:35,852 - INFO - (298.414 -26.838 1.646)
2025-10-02 17:22:35,862 - INFO - (298.462 -26.691 -1.845)
2025-10-02 17:22:35,872 - INFO - (298.51 -26.544 1.092)
2025-10-02 17:22:35,881 - INFO - (298.559 -26.397 -1.469)
2025-10-02 17:22:35,891 - INFO - (298.602 -26.265 -0.096)
2025-10-02 17:22:35,901 - INFO - (298.65 -26.118 -0.204)
2025-10-02 17:22:35,911 - INFO - (298.698 -25.972 2.588)
2025-10-02 17:22:35,921 - INFO - (298.746 -25.825 -1.773)
2025-10-02 17:22:35,932 - INFO - (298.795 -25.678 -2.349)
2025-10-02 17:22:35,941 - INFO - (298.843 -25.532 -0.109)
2025-10-02 17:22:35,951 - INFO - (298.891 -25.385 0.588)
2025-10-02 17:22:35,961 - INFO - (298.939 -25.238 -0.044)
2025-10-02 17:22:35,971 - INFO - (298.987 -25.092 -2.102)
2025-10-02 17:22:35,981 - INFO - (299.035 -24.946 -1.519)
2025-10-02 17:22:35,991 - INFO - (299.083 -24.799 1.95)
2025-10-02 17:22:36,001 - INFO - (299.131 -24.653 2.497)
2025-10-02 17:22:36,011 - INFO - (299.179 -24.506 1.167)
2025-10-02 17:22:36,021 - INFO - (299.227 -24.359 -1.447)
2025-10-02 17:22:36,031 - INFO - (299.275 -24.212 1.557)
2025-10-02 17:22:36,041 - INFO - (299.324 -24.066 0.244)
2025-10-02 17:22:36,052 - INFO - (299.372 -23.919 0.603)
2025-10-02 17:22:36,061 - INFO - (299.42 -23.772 1.592)
2025-10-02 17:22:36,071 - INFO - (299.468 -23.625 -1.921)
2025-10-02 17:22:36,081 - INFO - (299.516 -23.478 -0.501)
2025-10-02 17:22:36,091 - INFO - (299.564 -23.331 -0.003)
2025-10-02 17:22:36,101 - INFO - (299.612 -23.184 -0.217)
2025-10-02 17:22:36,111 - INFO - (299.66 -23.038 -1.226)
2025-10-02 17:22:36,121 - INFO - (299.708 -22.891 -6.908)
2025-10-02 17:22:36,131 - INFO - (299.755 -22.745 -5.882)
2025-10-02 17:22:36,141 - INFO - (299.801 -22.599 -4.461)
2025-10-02 17:22:36,151 - INFO - (299.847 -22.454 -4.004)
2025-10-02 17:22:36,161 - INFO - (299.891 -22.309 -7.551)
2025-10-02 17:22:36,171 - INFO - (299.935 -22.164 -0.621)
2025-10-02 17:22:36,181 - INFO - (299.979 -22.019 -1.394)
2025-10-02 17:22:36,191 - INFO - (300.021 -21.874 -0.959)
2025-10-02 17:22:36,201 - INFO - (300.063 -21.729 -1.914)
2025-10-02 17:22:36,211 - INFO - (300.104 -21.583 -2.864)
2025-10-02 17:22:36,221 - INFO - (300.144 -21.438 -3.08)
2025-10-02 17:22:36,231 - INFO - (300.183 -21.294 -7.517)
2025-10-02 17:22:36,241 - INFO - (300.222 -21.149 3.405)
2025-10-02 17:22:36,251 - INFO - (300.26 -21.004 0.13)
2025-10-02 17:22:36,261 - INFO - (300.295 -20.874 1.455)
2025-10-02 17:22:36,271 - INFO - (300.333 -20.729 0.146)
2025-10-02 17:22:36,281 - INFO - (300.37 -20.583 -3.757)
2025-10-02 17:22:36,291 - INFO - (300.409 -20.423 -0.073)
2025-10-02 17:22:36,301 - INFO - (300.443 -20.277 -0.809)
2025-10-02 17:22:36,311 - INFO - (300.477 -20.131 1.131)
2025-10-02 17:22:36,321 - INFO - (300.506 -20.0 -1.361)
2025-10-02 17:22:36,331 - INFO - (300.538 -19.854 -0.75)
2025-10-02 17:22:36,341 - INFO - (300.57 -19.708 -0.247)
2025-10-02 17:22:36,351 - INFO - (300.6 -19.561 0.538)
2025-10-02 17:22:36,361 - INFO - (300.629 -19.415 -4.13)
2025-10-02 17:22:36,371 - INFO - (300.658 -19.268 2.547)
2025-10-02 17:22:36,381 - INFO - (300.687 -19.121 2.323)
2025-10-02 17:22:36,391 - INFO - (300.715 -18.974 1.353)
2025-10-02 17:22:36,401 - INFO - (300.743 -18.827 0.644)
2025-10-02 17:22:36,411 - INFO - (300.772 -18.665 0.502)
2025-10-02 17:22:36,421 - INFO - (300.796 -18.532 1.18)
2025-10-02 17:22:36,431 - INFO - (300.822 -18.384 -2.695)
2025-10-02 17:22:36,441 - INFO - (300.848 -18.236 2.263)
2025-10-02 17:22:36,451 - INFO - (300.874 -18.088 3.936)
2025-10-02 17:22:36,461 - INFO - (300.9 -17.94 -1.25)
2025-10-02 17:22:36,471 - INFO - (300.925 -17.792 2.161)
2025-10-02 17:22:36,481 - INFO - (300.95 -17.644 -1.396)
2025-10-02 17:22:36,491 - INFO - (300.975 -17.495 4.379)
2025-10-02 17:22:36,501 - INFO - (301.0 -17.346 3.259)
2025-10-02 17:22:36,512 - INFO - (301.025 -17.197 2.329)
2025-10-02 17:22:36,522 - INFO - (301.05 -17.047 2.422)
2025-10-02 17:22:36,532 - INFO - (301.075 -16.898 0.817)
2025-10-02 17:22:36,542 - INFO - (301.097 -16.763 1.85)
2025-10-02 17:22:36,551 - INFO - (301.124 -16.598 1.875)
2025-10-02 17:22:36,561 - INFO - (301.149 -16.448 -2.31)
2025-10-02 17:22:36,571 - INFO - (301.174 -16.298 2.464)
2025-10-02 17:22:36,581 - INFO - (301.198 -16.148 -0.912)
2025-10-02 17:22:36,591 - INFO - (301.222 -15.998 2.16)
2025-10-02 17:22:36,601 - INFO - (301.247 -15.848 2.749)
2025-10-02 17:22:36,611 - INFO - (301.269 -15.712 1.389)
2025-10-02 17:22:36,621 - INFO - (301.294 -15.561 0.839)
2025-10-02 17:22:36,631 - INFO - (301.318 -15.411 -0.437)
2025-10-02 17:22:36,641 - INFO - (301.343 -15.26 2.265)
2025-10-02 17:22:36,651 - INFO - (301.37 -15.094 2.147)
2025-10-02 17:22:36,661 - INFO - (301.392 -14.958 -1.076)
2025-10-02 17:22:36,671 - INFO - (301.416 -14.806 1.929)
2025-10-02 17:22:36,681 - INFO - (301.443 -14.64 -0.75)
2025-10-02 17:22:36,691 - INFO - (301.465 -14.504 1.091)
2025-10-02 17:22:36,701 - INFO - (301.492 -14.338 0.932)
2025-10-02 17:22:36,711 - INFO - (301.517 -14.186 0.442)
2025-10-02 17:22:36,721 - INFO - (301.539 -14.05 0.338)
2025-10-02 17:22:36,731 - INFO - (301.563 -13.899 -0.125)
2025-10-02 17:22:36,741 - INFO - (301.59 -13.732 -0.096)
2025-10-02 17:22:36,751 - INFO - (301.615 -13.581 -0.259)
2025-10-02 17:22:36,761 - INFO - (301.639 -13.429 -4.432)
2025-10-02 17:22:36,771 - INFO - (301.664 -13.278 2.085)
2025-10-02 17:22:36,781 - INFO - (301.688 -13.127 0.167)
2025-10-02 17:22:36,791 - INFO - (301.712 -12.976 2.099)
2025-10-02 17:22:36,801 - INFO - (301.737 -12.824 0.477)
2025-10-02 17:22:36,811 - INFO - (301.761 -12.673 -0.484)
2025-10-02 17:22:36,821 - INFO - (301.786 -12.522 0.029)
2025-10-02 17:22:36,831 - INFO - (301.81 -12.371 -3.428)
2025-10-02 17:22:36,841 - INFO - (301.835 -12.219 1.765)
2025-10-02 17:22:36,851 - INFO - (301.86 -12.068 2.61)
2025-10-02 17:22:36,861 - INFO - (301.884 -11.917 1.008)
2025-10-02 17:22:36,871 - INFO - (301.908 -11.765 0.355)
2025-10-02 17:22:36,881 - INFO - (301.93 -11.629 -2.028)
2025-10-02 17:22:36,891 - INFO - (301.955 -11.477 0.856)
2025-10-02 17:22:36,901 - INFO - (301.979 -11.326 0.672)
2025-10-02 17:22:36,911 - INFO - (302.004 -11.174 0.317)
2025-10-02 17:22:36,921 - INFO - (302.028 -11.022 0.365)
2025-10-02 17:22:36,931 - INFO - (302.053 -10.871 -0.442)
2025-10-02 17:22:36,941 - INFO - (302.077 -10.719 -0.206)
2025-10-02 17:22:36,951 - INFO - (302.102 -10.568 -0.347)
2025-10-02 17:22:36,961 - INFO - (302.126 -10.416 -3.821)
2025-10-02 17:22:36,971 - INFO - (302.151 -10.265 1.97)
2025-10-02 17:22:36,981 - INFO - (302.175 -10.114 -0.085)
2025-10-02 17:22:36,991 - INFO - (302.2 -9.962 1.474)
2025-10-02 17:22:37,001 - INFO - (302.224 -9.811 0.172)
2025-10-02 17:22:37,011 - INFO - (302.249 -9.659 -0.011)
2025-10-02 17:22:37,021 - INFO - (302.273 -9.508 -0.204)
2025-10-02 17:22:37,031 - INFO - (302.297 -9.357 -2.321)
2025-10-02 17:22:37,041 - INFO - (302.322 -9.205 0.44)
2025-10-02 17:22:37,051 - INFO - (302.347 -9.054 1.756)
2025-10-02 17:22:37,061 - INFO - (302.371 -8.902 3.538)
2025-10-02 17:22:37,071 - INFO - (302.395 -8.751 -2.764)
2025-10-02 17:22:37,081 - INFO - (302.42 -8.599 -1.265)
2025-10-02 17:22:37,091 - INFO - (302.444 -8.448 0.96)
2025-10-02 17:22:37,101 - INFO - (302.469 -8.296 0.834)
2025-10-02 17:22:37,111 - INFO - (302.496 -8.129 0.4)
2025-10-02 17:22:37,121 - INFO - (302.518 -7.993 0.944)
2025-10-02 17:22:37,131 - INFO - (302.542 -7.841 -1.018)
2025-10-02 17:22:37,141 - INFO - (302.567 -7.69 -0.154)
2025-10-02 17:22:37,151 - INFO - (302.591 -7.538 -0.339)
2025-10-02 17:22:37,161 - INFO - (302.616 -7.387 -2.625)
2025-10-02 17:22:37,171 - INFO - (302.643 -7.22 -0.524)
2025-10-02 17:22:37,181 - INFO - (302.667 -7.069 2.071)
2025-10-02 17:22:37,192 - INFO - (302.691 -6.917 1.067)
2025-10-02 17:22:37,201 - INFO - (302.716 -6.766 0.108)
2025-10-02 17:22:37,212 - INFO - (302.74 -6.614 -0.122)
2025-10-02 17:22:37,222 - INFO - (302.765 -6.463 -0.293)
2025-10-02 17:22:37,232 - INFO - (302.789 -6.311 0.462)
2025-10-02 17:22:37,242 - INFO - (302.813 -6.159 3.275)
2025-10-02 17:22:37,252 - INFO - (302.834 -6.023 -3.124)
2025-10-02 17:22:37,261 - INFO - (302.857 -5.871 1.001)
2025-10-02 17:22:37,271 - INFO - (302.882 -5.703 2.645)
2025-10-02 17:22:37,281 - INFO - (302.904 -5.551 2.972)
2025-10-02 17:22:37,291 - INFO - (302.922 -5.413 1.894)
2025-10-02 17:22:37,301 - INFO - (302.944 -5.245 1.688)
2025-10-02 17:22:37,311 - INFO - (302.961 -5.106 0.883)
2025-10-02 17:22:37,321 - INFO - (302.979 -4.953 3.394)
2025-10-02 17:22:37,331 - INFO - (302.997 -4.799 -1.869)
2025-10-02 17:22:37,341 - INFO - (303.014 -4.645 -2.352)
2025-10-02 17:22:37,351 - INFO - (303.03 -4.491 -4.567)
2025-10-02 17:22:37,361 - INFO - (303.045 -4.353 -0.209)
2025-10-02 17:22:37,371 - INFO - (303.062 -4.185 3.858)
2025-10-02 17:22:37,381 - INFO - (303.075 -4.046 3.033)
2025-10-02 17:22:37,391 - INFO - (303.089 -3.892 2.804)
2025-10-02 17:22:37,401 - INFO - (303.102 -3.737 -0.266)
2025-10-02 17:22:37,411 - INFO - (303.114 -3.582 1.62)
2025-10-02 17:22:37,421 - INFO - (303.125 -3.428 1.742)
2025-10-02 17:22:37,431 - INFO - (303.135 -3.272 1.176)
2025-10-02 17:22:37,441 - INFO - (303.144 -3.117 1.063)
2025-10-02 17:22:37,451 - INFO - (303.154 -2.946 0.348)
2025-10-02 17:22:37,461 - INFO - (303.162 -2.806 1.625)
2025-10-02 17:22:37,471 - INFO - (303.171 -2.635 1.185)
2025-10-02 17:22:37,481 - INFO - (303.177 -2.495 2.802)
2025-10-02 17:22:37,491 - INFO - (303.183 -2.338 3.075)
2025-10-02 17:22:37,501 - INFO - (303.188 -2.182 3.115)
2025-10-02 17:22:37,511 - INFO - (303.193 -2.009 4.277)
2025-10-02 17:22:37,521 - INFO - (303.196 -1.851 9.102)
2025-10-02 17:22:37,531 - INFO - (303.199 -1.693 0.118)
2025-10-02 17:22:37,541 - INFO - (303.201 -1.535 0.433)
2025-10-02 17:22:37,551 - INFO - (303.203 -1.377 -3.453)
2025-10-02 17:22:37,561 - INFO - (303.205 -1.219 0.58)
2025-10-02 17:22:37,571 - INFO - (303.206 -1.061 -0.612)
2025-10-02 17:22:37,581 - INFO - (303.208 -0.903 1.81)
2025-10-02 17:22:37,591 - INFO - (303.209 -0.745 2.143)
2025-10-02 17:22:37,601 - INFO - (303.209 -0.602 11.738)
2025-10-02 17:22:37,611 - INFO - (303.21 -0.426 9.502)
2025-10-02 17:22:37,621 - INFO - (303.21 -0.266 6.357)
2025-10-02 17:22:37,631 - INFO - (303.21 -0.105 -9.333)
2025-10-02 17:22:37,641 - INFO - (303.21 0.055 4.138)
2025-10-02 17:22:37,651 - INFO - (303.209 0.216 5.739)
2025-10-02 17:22:37,661 - INFO - (303.209 0.378 6.164)
2025-10-02 17:22:37,671 - INFO - (303.208 0.54 5.517)
2025-10-02 17:22:37,681 - INFO - (303.207 0.702 5.866)
2025-10-02 17:22:37,691 - INFO - (303.206 0.865 5.057)
2025-10-02 17:22:37,701 - INFO - (303.206 1.029 4.318)
2025-10-02 17:22:37,711 - INFO - (303.205 1.193 5.461)
2025-10-02 17:22:37,721 - INFO - (303.204 1.358 5.593)
2025-10-02 17:22:37,731 - INFO - (303.202 1.523 -0.69)
2025-10-02 17:22:37,741 - INFO - (303.2 1.687 -1.246)
2025-10-02 17:22:37,751 - INFO - (303.197 1.852 2.431)
2025-10-02 17:22:37,761 - INFO - (303.195 2.017 2.366)
2025-10-02 17:22:37,771 - INFO - (303.192 2.182 1.647)
2025-10-02 17:22:37,781 - INFO - (303.189 2.331 -1.865)
2025-10-02 17:22:37,791 - INFO - (303.187 2.496 -1.805)
2025-10-02 17:22:37,801 - INFO - (303.184 2.661 -1.637)
2025-10-02 17:22:37,811 - INFO - (303.182 2.826 -2.01)
2025-10-02 17:22:37,821 - INFO - (303.179 2.99 -2.219)
2025-10-02 17:22:37,831 - INFO - (303.177 3.154 -1.959)
2025-10-02 17:22:37,841 - INFO - (303.175 3.318 -1.784)
2025-10-02 17:22:37,852 - INFO - (303.172 3.482 -1.838)
2025-10-02 17:22:37,862 - INFO - (303.17 3.646 -1.657)
2025-10-02 17:22:37,872 - INFO - (303.167 3.81 -1.457)
2025-10-02 17:22:37,882 - INFO - (303.165 3.973 -1.33)
2025-10-02 17:22:37,891 - INFO - (303.162 4.136 -1.304)
2025-10-02 17:22:37,901 - INFO - (303.16 4.299 -1.175)
2025-10-02 17:22:37,911 - INFO - (303.158 4.462 -1.07)
2025-10-02 17:22:37,921 - INFO - (303.155 4.625 -0.86)
2025-10-02 17:22:37,931 - INFO - (303.153 4.788 -0.904)
2025-10-02 17:22:37,941 - INFO - (303.15 4.951 -0.814)
2025-10-02 17:22:37,951 - INFO - (303.148 5.114 -0.745)
2025-10-02 17:22:37,961 - INFO - (303.146 5.26 -0.814)
2025-10-02 17:22:37,971 - INFO - (303.143 5.439 -0.594)
2025-10-02 17:22:37,982 - INFO - (303.14 5.602 -0.4)
2025-10-02 17:22:37,992 - INFO - (303.138 5.748 -0.296)
2025-10-02 17:22:38,002 - INFO - (303.136 5.91 -0.261)
2025-10-02 17:22:38,011 - INFO - (303.133 6.073 -0.204)
2025-10-02 17:22:38,021 - INFO - (303.131 6.235 -0.16)
2025-10-02 17:22:38,031 - INFO - (303.129 6.397 -0.125)
2025-10-02 17:22:38,041 - INFO - (303.126 6.56 -0.098)
2025-10-02 17:22:38,051 - INFO - (303.124 6.722 -0.079)
2025-10-02 17:22:38,061 - INFO - (303.121 6.884 -0.063)
2025-10-02 17:22:38,071 - INFO - (303.119 7.047 -0.05)
2025-10-02 17:22:38,081 - INFO - (303.116 7.209 -0.04)
2025-10-02 17:22:38,091 - INFO - (303.114 7.372 -0.034)
2025-10-02 17:22:38,101 - INFO - (303.112 7.534 -0.026)
2025-10-02 17:22:38,111 - INFO - (303.109 7.696 -0.021)
2025-10-02 17:22:38,121 - INFO - (303.107 7.859 -0.018)
2025-10-02 17:22:38,131 - INFO - (303.104 8.021 -0.014)
2025-10-02 17:22:38,141 - INFO - (303.102 8.183 -0.011)
2025-10-02 17:22:38,151 - INFO - (303.099 8.362 -0.01)
2025-10-02 17:22:38,161 - INFO - (303.097 8.508 -0.007)
2025-10-02 17:22:38,171 - INFO - (303.094 8.686 -0.006)
2025-10-02 17:22:38,181 - INFO - (303.092 8.849 -0.004)
2025-10-02 17:22:38,191 - INFO - (303.089 9.011 -0.003)
2025-10-02 17:22:38,201 - INFO - (303.087 9.157 -0.003)
2025-10-02 17:22:38,211 - INFO - (303.085 9.336 -0.002)
2025-10-02 17:22:38,221 - INFO - (303.082 9.482 -0.001)
2025-10-02 17:22:38,231 - INFO - (303.08 9.644 -0.0)
2025-10-02 17:22:38,241 - INFO - (303.077 9.823 -0.0)
2025-10-02 17:22:38,251 - INFO - (303.075 9.985 0.0)
2025-10-02 17:22:38,261 - INFO - (303.073 10.147 0.001)
2025-10-02 17:22:38,271 - INFO - (303.07 10.31 0.0)
2025-10-02 17:22:38,281 - INFO - (303.068 10.472 0.0)
2025-10-02 17:22:38,291 - INFO - (303.065 10.634 0.001)
2025-10-02 17:22:38,301 - INFO - (303.063 10.78 -0.079)
2025-10-02 17:22:38,311 - INFO - (303.061 10.943 0.081)
2025-10-02 17:22:38,321 - INFO - (303.058 11.105 0.001)
2025-10-02 17:22:38,331 - INFO - (303.056 11.267 0.001)
2025-10-02 17:22:38,341 - INFO - (303.053 11.43 0.001)
2025-10-02 17:22:38,351 - INFO - (303.051 11.592 2.878)
2025-10-02 17:22:38,361 - INFO - (303.048 11.755 -1.594)
2025-10-02 17:22:38,371 - INFO - (303.046 11.917 -1.522)
2025-10-02 17:22:38,381 - INFO - (303.044 12.079 1.322)
2025-10-02 17:22:38,391 - INFO - (303.041 12.242 0.987)
2025-10-02 17:22:38,401 - INFO - (303.039 12.404 0.62)
2025-10-02 17:22:38,411 - INFO - (303.036 12.583 0.375)
2025-10-02 17:22:38,421 - INFO - (303.034 12.746 0.138)
2025-10-02 17:22:38,431 - INFO - (303.032 12.892 0.008)
2025-10-02 17:22:38,442 - INFO - (303.029 13.071 -0.143)
2025-10-02 17:22:38,451 - INFO - (303.027 13.218 -0.223)
2025-10-02 17:22:38,461 - INFO - (303.024 13.38 -2.808)
2025-10-02 17:22:38,471 - INFO - (303.022 13.559 2.147)
2025-10-02 17:22:38,481 - INFO - (303.02 13.705 1.205)
2025-10-02 17:22:38,491 - INFO - (303.017 13.868 0.192)
2025-10-02 17:22:38,501 - INFO - (303.015 14.031 0.033)
2025-10-02 17:22:38,511 - INFO - (303.014 14.193 -0.122)
2025-10-02 17:22:38,521 - INFO - (303.012 14.372 -0.241)
2025-10-02 17:22:38,531 - INFO - (303.011 14.519 -0.149)
2025-10-02 17:22:38,541 - INFO - (303.01 14.681 -0.181)
2025-10-02 17:22:38,551 - INFO - (303.009 14.844 -0.321)
2025-10-02 17:22:38,561 - INFO - (303.008 15.007 0.215)
2025-10-02 17:22:38,571 - INFO - (303.007 15.169 0.233)
2025-10-02 17:22:38,581 - INFO - (303.006 15.332 0.384)
2025-10-02 17:22:38,591 - INFO - (303.005 15.495 0.576)
2025-10-02 17:22:38,601 - INFO - (303.004 15.657 1.347)
2025-10-02 17:22:38,611 - INFO - (303.003 15.82 1.05)
2025-10-02 17:22:38,621 - INFO - (303.003 15.983 0.824)
2025-10-02 17:22:38,631 - INFO - (303.002 16.146 1.316)
2025-10-02 17:22:38,641 - INFO - (303.001 16.31 1.164)
2025-10-02 17:22:38,651 - INFO - (303.001 16.473 0.914)
2025-10-02 17:22:38,661 - INFO - (303.0 16.637 1.122)
2025-10-02 17:22:38,671 - INFO - (303.0 16.8 3.297)
2025-10-02 17:22:38,681 - INFO - (302.999 16.964 0.004)
2025-10-02 17:22:38,691 - INFO - (302.999 17.111 -1.293)
2025-10-02 17:22:38,701 - INFO - (302.999 17.292 2.115)
2025-10-02 17:22:38,711 - INFO - (302.998 17.456 2.221)
2025-10-02 17:22:38,721 - INFO - (302.998 17.603 1.421)
2025-10-02 17:22:38,731 - INFO - (302.998 17.768 1.525)
2025-10-02 17:22:38,741 - INFO - (302.998 17.949 1.512)
2025-10-02 17:22:38,751 - INFO - (302.997 18.113 0.923)
2025-10-02 17:22:38,761 - INFO - (302.997 18.262 0.604)
2025-10-02 17:22:38,771 - INFO - (302.997 18.443 0.835)
2025-10-02 17:22:38,781 - INFO - (302.997 18.608 -2.574)
2025-10-02 17:22:38,791 - INFO - (302.997 18.756 2.153)
2025-10-02 17:22:38,801 - INFO - (302.996 18.921 2.603)
2025-10-02 17:22:38,811 - INFO - (302.996 19.086 1.527)
2025-10-02 17:22:38,821 - INFO - (302.996 19.251 1.332)
2025-10-02 17:22:38,831 - INFO - (302.996 19.417 1.204)
2025-10-02 17:22:38,841 - INFO - (302.996 19.582 1.381)
2025-10-02 17:22:38,851 - INFO - (302.996 19.748 0.934)
2025-10-02 17:22:38,861 - INFO - (302.996 19.914 0.681)
2025-10-02 17:22:38,871 - INFO - (302.996 20.08 0.914)
2025-10-02 17:22:38,881 - INFO - (302.996 20.246 0.607)
2025-10-02 17:22:38,891 - INFO - (302.996 20.411 0.203)
2025-10-02 17:22:38,901 - INFO - (302.996 20.577 0.679)
2025-10-02 17:22:38,911 - INFO - (302.996 20.743 0.961)
2025-10-02 17:22:38,921 - INFO - (302.996 20.91 0.755)
2025-10-02 17:22:38,931 - INFO - (302.996 21.076 0.644)
2025-10-02 17:22:38,941 - INFO - (302.996 21.242 0.899)
2025-10-02 17:22:38,951 - INFO - (302.996 21.408 0.701)
2025-10-02 17:22:38,961 - INFO - (302.997 21.575 0.55)
2025-10-02 17:22:38,971 - INFO - (302.997 21.741 0.635)
2025-10-02 17:22:38,981 - INFO - (302.997 21.908 0.569)
2025-10-02 17:22:38,991 - INFO - (302.997 22.075 0.446)
2025-10-02 17:22:39,001 - INFO - (302.997 22.241 0.161)
2025-10-02 17:22:39,011 - INFO - (302.997 22.408 -0.244)
2025-10-02 17:22:39,021 - INFO - (302.997 22.574 -0.191)
2025-10-02 17:22:39,031 - INFO - (302.997 22.741 -0.15)
2025-10-02 17:22:39,041 - INFO - (302.997 22.908 -0.431)
2025-10-02 17:22:39,052 - INFO - (302.997 23.074 -0.363)
2025-10-02 17:22:39,061 - INFO - (302.998 23.241 -0.285)
2025-10-02 17:22:39,071 - INFO - (302.998 23.407 -0.371)
2025-10-02 17:22:39,081 - INFO - (302.998 23.573 -0.413)
2025-10-02 17:22:39,091 - INFO - (302.998 23.74 -0.324)
2025-10-02 17:22:39,101 - INFO - (302.998 23.906 -0.286)
2025-10-02 17:22:39,111 - INFO - (302.998 24.072 -0.472)
2025-10-02 17:22:39,121 - INFO - (302.998 24.239 -0.368)
2025-10-02 17:22:39,131 - INFO - (302.998 24.405 -0.288)
2025-10-02 17:22:39,141 - INFO - (302.999 24.571 -0.357)
2025-10-02 17:22:39,151 - INFO - (302.999 24.737 -0.325)
2025-10-02 17:22:39,161 - INFO - (302.999 24.903 -0.255)
2025-10-02 17:22:39,171 - INFO - (302.999 25.07 -0.129)
2025-10-02 17:22:39,181 - INFO - (302.999 25.236 0.037)
2025-10-02 17:22:39,191 - INFO - (302.999 25.402 0.029)
2025-10-02 17:22:39,201 - INFO - (302.999 25.568 0.023)
2025-10-02 17:22:39,211 - INFO - (302.999 25.751 0.239)
2025-10-02 17:22:39,221 - INFO - (302.999 25.9 0.166)
2025-10-02 17:22:39,231 - INFO - (302.999 26.066 0.147)
2025-10-02 17:22:39,241 - INFO - (302.999 26.249 0.263)
2025-10-02 17:22:39,251 - INFO - (302.999 26.399 0.19)
2025-10-02 17:22:39,261 - INFO - (302.999 26.565 0.278)
2025-10-02 17:22:39,271 - INFO - (302.999 26.731 0.194)
2025-10-02 17:22:39,281 - INFO - (302.999 26.897 0.315)
2025-10-02 17:22:39,291 - INFO - (302.999 27.064 0.246)
2025-10-02 17:22:39,301 - INFO - (302.999 27.23 0.193)
2025-10-02 17:22:39,311 - INFO - (302.999 27.397 0.356)
2025-10-02 17:22:39,321 - INFO - (302.999 27.563 0.35)
2025-10-02 17:22:39,331 - INFO - (302.999 27.729 0.275)
2025-10-02 17:22:39,341 - INFO - (302.999 27.896 0.281)
2025-10-02 17:22:39,351 - INFO - (302.999 28.062 0.347)
2025-10-02 17:22:39,361 - INFO - (302.999 28.229 0.272)
2025-10-02 17:22:39,371 - INFO - (302.999 28.412 0.232)
2025-10-02 17:22:39,381 - INFO - (302.999 28.579 0.265)
2025-10-02 17:22:39,391 - INFO - (302.999 28.745 0.206)
2025-10-02 17:22:39,401 - INFO - (302.999 28.912 0.162)
2025-10-02 17:22:39,411 - INFO - (302.999 29.078 0.132)
2025-10-02 17:22:39,421 - INFO - (302.999 29.245 0.106)
2025-10-02 17:22:39,431 - INFO - (302.999 29.412 0.083)
2025-10-02 17:22:39,441 - INFO - (302.999 29.578 0.056)
2025-10-02 17:22:39,451 - INFO - (302.999 29.745 0.012)
2025-10-02 17:22:39,461 - INFO - (302.999 29.912 0.01)
2025-10-02 17:22:39,471 - INFO - (302.999 30.078 0.008)
2025-10-02 17:22:39,481 - INFO - (302.999 30.245 -0.033)
2025-10-02 17:22:39,491 - INFO - (302.999 30.395 -0.031)
2025-10-02 17:22:39,501 - INFO - (302.999 30.578 -0.03)
2025-10-02 17:22:39,511 - INFO - (303.0 30.745 -0.04)
2025-10-02 17:22:39,521 - INFO - (303.0 30.895 -0.05)
2025-10-02 17:22:39,531 - INFO - (303.0 31.061 -0.044)
2025-10-02 17:22:39,541 - INFO - (303.0 31.245 -0.038)
2025-10-02 17:22:39,551 - INFO - (303.0 31.411 -0.039)
2025-10-02 17:22:39,561 - INFO - (303.0 31.561 -0.027)
2025-10-02 17:22:39,571 - INFO - (303.0 31.728 -0.024)
2025-10-02 17:22:39,581 - INFO - (303.0 31.895 -0.016)
2025-10-02 17:22:39,591 - INFO - (303.0 32.061 -0.01)
2025-10-02 17:22:39,601 - INFO - (303.0 32.211 -0.008)
2025-10-02 17:22:39,611 - INFO - (303.0 32.394 -0.003)
2025-10-02 17:22:39,621 - INFO - (303.0 32.561 0.024)
2025-10-02 17:22:39,631 - INFO - (303.0 32.728 0.018)
2025-10-02 17:22:39,641 - INFO - (303.0 32.894 0.014)
2025-10-02 17:22:39,652 - INFO - (303.0 33.061 0.031)
2025-10-02 17:22:39,661 - INFO - (303.0 33.211 0.028)
2025-10-02 17:22:39,671 - INFO - (303.0 33.394 0.027)
2025-10-02 17:22:39,681 - INFO - (303.0 33.561 0.032)
2025-10-02 17:22:39,691 - INFO - (303.0 33.711 0.046)
2025-10-02 17:22:39,701 - INFO - (303.0 33.877 0.041)
2025-10-02 17:22:39,711 - INFO - (303.0 34.061 0.035)
2025-10-02 17:22:39,721 - INFO - (303.0 34.227 -7.968)
2025-10-02 17:22:39,731 - INFO - (303.0 34.392 -8.836)
2025-10-02 17:22:39,741 - INFO - (303.0 34.557 -8.822)
2025-10-02 17:22:39,751 - INFO - (303.0 34.72 -8.823)
2025-10-02 17:22:39,761 - INFO - (303.0 34.867 -7.941)
2025-10-02 17:22:39,771 - INFO - (303.0 35.029 -8.824)
2025-10-02 17:22:39,781 - INFO - (303.0 35.19 -8.824)
2025-10-02 17:22:39,791 - INFO - (303.0 35.35 -8.824)
2025-10-02 17:22:39,801 - INFO - (303.0 35.509 -8.824)
2025-10-02 17:22:39,811 - INFO - (303.0 35.667 -8.81)
2025-10-02 17:22:39,821 - INFO - (303.0 35.825 -8.646)
2025-10-02 17:22:39,831 - INFO - (303.0 35.981 -8.554)
2025-10-02 17:22:39,841 - INFO - (303.0 36.137 -8.414)
2025-10-02 17:22:39,851 - INFO - (303.0 36.292 -7.523)
2025-10-02 17:22:39,861 - INFO - (303.0 36.447 -5.979)
2025-10-02 17:22:39,871 - INFO - (303.0 36.6 -4.685)
2025-10-02 17:22:39,881 - INFO - (303.0 36.754 -3.67)
2025-10-02 17:22:39,891 - INFO - (303.0 36.907 -2.872)
2025-10-02 17:22:39,901 - INFO - (303.0 37.06 -2.249)
2025-10-02 17:22:39,911 - INFO - (303.0 37.212 -1.762)
2025-10-02 17:22:39,921 - INFO - (303.0 37.365 -1.38)
2025-10-02 17:22:39,931 - INFO - (303.0 37.517 -1.08)
2025-10-02 17:22:39,941 - INFO - (303.0 37.67 -0.846)
2025-10-02 17:22:39,951 - INFO - (303.0 37.822 -0.663)
2025-10-02 17:22:39,961 - INFO - (303.0 37.974 -0.519)
2025-10-02 17:22:39,971 - INFO - (303.0 38.126 -0.407)
2025-10-02 17:22:39,981 - INFO - (303.0 38.278 -0.318)
2025-10-02 17:22:39,991 - INFO - (303.0 38.43 -0.251)
2025-10-02 17:22:40,001 - INFO - (303.0 38.582 -0.197)
2025-10-02 17:22:40,012 - INFO - (303.0 38.734 -0.154)
2025-10-02 17:22:40,021 - INFO - (303.0 38.886 -0.121)
2025-10-02 17:22:40,031 - INFO - (303.0 39.038 -0.095)
2025-10-02 17:22:40,041 - INFO - (303.0 39.19 -0.075)
2025-10-02 17:22:40,051 - INFO - (303.0 39.342 -0.058)
2025-10-02 17:22:40,061 - INFO - (303.0 39.494 -0.046)
2025-10-02 17:22:40,071 - INFO - (303.0 39.646 -0.036)
2025-10-02 17:22:40,081 - INFO - (303.0 39.798 -0.028)
2025-10-02 17:22:40,091 - INFO - (303.0 39.95 -0.022)
2025-10-02 17:22:40,101 - INFO - (303.0 40.102 -0.017)
2025-10-02 17:22:40,111 - INFO - (303.0 40.254 -0.013)
2025-10-02 17:22:40,121 - INFO - (303.0 40.405 -0.01)
2025-10-02 17:22:40,131 - INFO - (303.0 40.557 -0.008)
2025-10-02 17:22:40,141 - INFO - (303.0 40.725 -0.007)
2025-10-02 17:22:40,151 - INFO - (303.0 40.876 -0.005)
2025-10-02 17:22:40,161 - INFO - (303.0 41.028 -0.004)
2025-10-02 17:22:40,171 - INFO - (303.0 41.18 -0.003)
2025-10-02 17:22:40,181 - INFO - (303.0 41.332 -0.002)
2025-10-02 17:22:40,191 - INFO - (303.0 41.484 -0.002)
2025-10-02 17:22:40,201 - INFO - (303.0 41.636 -0.001)
2025-10-02 17:22:40,211 - INFO - (303.0 41.788 -0.001)
2025-10-02 17:22:40,221 - INFO - (303.0 41.94 -0.001)
2025-10-02 17:22:40,232 - INFO - (303.0 42.092 -0.001)
2025-10-02 17:22:40,241 - INFO - (303.0 42.244 -0.0)
2025-10-02 17:22:40,251 - INFO - (303.0 42.396 -0.0)
2025-10-02 17:22:40,261 - INFO - (303.0 42.548 -0.0)
2025-10-02 17:22:40,271 - INFO - (303.0 42.7 -0.0)
2025-10-02 17:22:40,281 - INFO - (303.0 42.852 -0.0)
2025-10-02 17:22:40,291 - INFO - (303.0 43.003 -0.0)
2025-10-02 17:22:40,301 - INFO - (303.0 43.155 0.0)
2025-10-02 17:22:40,311 - INFO - (303.0 43.307 0.0)
2025-10-02 17:22:40,321 - INFO - (303.0 43.459 0.0)
2025-10-02 17:22:40,331 - INFO - (303.0 43.611 0.0)
2025-10-02 17:22:40,341 - INFO - (303.0 43.763 0.0)
2025-10-02 17:22:40,351 - INFO - (303.0 43.915 0.0)
2025-10-02 17:22:40,361 - INFO - (303.0 44.067 0.0)
2025-10-02 17:22:40,371 - INFO - (303.0 44.219 0.0)
2025-10-02 17:22:40,381 - INFO - (303.0 44.371 0.0)
2025-10-02 17:22:40,391 - INFO - (303.0 44.523 0.0)
2025-10-02 17:22:40,401 - INFO - (303.0 44.675 0.0)
2025-10-02 17:22:40,411 - INFO - (303.0 44.827 0.0)
2025-10-02 17:22:40,421 - INFO - (303.0 44.978 0.0)
2025-10-02 17:22:40,431 - INFO - (303.0 45.13 0.0)
2025-10-02 17:22:40,441 - INFO - (303.0 45.282 0.0)
2025-10-02 17:22:40,451 - INFO - (303.0 45.434 0.0)
2025-10-02 17:22:40,461 - INFO - (303.0 45.586 0.0)
2025-10-02 17:22:40,471 - INFO - (303.0 45.738 0.0)
2025-10-02 17:22:40,481 - INFO - (303.0 45.89 0.0)
2025-10-02 17:22:40,491 - INFO - (303.0 46.042 0.0)
2025-10-02 17:22:40,501 - INFO - (303.0 46.194 0.0)
2025-10-02 17:22:40,511 - INFO - (303.0 46.346 0.0)
2025-10-02 17:22:40,521 - INFO - (303.0 46.498 0.0)
2025-10-02 17:22:40,531 - INFO - (303.0 46.65 0.0)
2025-10-02 17:22:40,541 - INFO - (303.0 46.802 0.0)
2025-10-02 17:22:40,551 - INFO - (303.0 46.954 0.0)
2025-10-02 17:22:40,561 - INFO - (303.0 47.105 0.0)
2025-10-02 17:22:40,571 - INFO - (303.0 47.257 0.0)
2025-10-02 17:22:40,581 - INFO - (303.0 47.409 0.0)
2025-10-02 17:22:40,591 - INFO - (303.0 47.561 0.0)
2025-10-02 17:22:40,601 - INFO - (303.0 47.713 0.0)
2025-10-02 17:22:40,611 - INFO - (303.0 47.865 0.0)
2025-10-02 17:22:40,622 - INFO - (303.0 48.017 0.0)
2025-10-02 17:22:40,631 - INFO - (303.0 48.17 14.197)
2025-10-02 17:22:40,641 - INFO - (303.0 48.323 -3.803)
2025-10-02 17:22:40,651 - INFO - (303.0 48.476 -3.44)
2025-10-02 17:22:40,661 - INFO - (303.0 48.628 -3.021)
2025-10-02 17:22:40,671 - INFO - (303.0 48.78 -5.69)
2025-10-02 17:22:40,681 - INFO - (303.0 48.932 -6.831)
2025-10-02 17:22:40,691 - INFO - (303.0 49.082 -6.83)
2025-10-02 17:22:40,701 - INFO - (303.0 49.232 -6.673)
2025-10-02 17:22:40,711 - INFO - (303.0 49.382 -6.175)
2025-10-02 17:22:40,721 - INFO - (303.0 49.53 -5.759)
2025-10-02 17:22:40,731 - INFO - (303.0 49.679 -5.375)
2025-10-02 17:22:40,741 - INFO - (303.0 49.826 -40.679)
2025-10-02 17:22:40,751 - INFO - (302.999 49.97 -0.004)
2025-10-02 17:22:40,761 - INFO - (302.999 50.114 -0.002)
2025-10-02 17:22:40,771 - INFO - (302.999 50.258 -0.0)
2025-10-02 17:22:40,781 - INFO - (302.999 50.401 0.002)
2025-10-02 17:22:40,791 - INFO - (302.999 50.545 0.003)
2025-10-02 17:22:40,801 - INFO - (302.998 50.689 0.005)
2025-10-02 17:22:40,811 - INFO - (302.998 50.834 15.654)
2025-10-02 17:22:40,821 - INFO - (302.994 50.98 4.64)
2025-10-02 17:22:40,831 - INFO - (302.99 51.126 3.325)
2025-10-02 17:22:40,841 - INFO - (302.985 51.272 1.349)
2025-10-02 17:22:40,851 - INFO - (302.981 51.418 0.013)
2025-10-02 17:22:40,861 - INFO - (302.977 51.565 0.835)
2025-10-02 17:22:40,871 - INFO - (302.972 51.711 1.002)
2025-10-02 17:22:40,881 - INFO - (302.967 51.858 0.617)
2025-10-02 17:22:40,891 - INFO - (302.961 52.004 2.284)
2025-10-02 17:22:40,901 - INFO - (302.955 52.151 -0.021)
2025-10-02 17:22:40,911 - INFO - (302.949 52.298 -0.095)
2025-10-02 17:22:40,921 - INFO - (302.942 52.445 -0.484)
2025-10-02 17:22:40,931 - INFO - (302.934 52.591 -1.281)
2025-10-02 17:22:40,941 - INFO - (302.925 52.738 2.83)
2025-10-02 17:22:40,951 - INFO - (302.917 52.885 -0.077)
2025-10-02 17:22:40,961 - INFO - (302.909 53.017 -0.492)
2025-10-02 17:22:40,971 - INFO - (302.899 53.163 -0.89)
2025-10-02 17:22:40,981 - INFO - (302.889 53.31 -0.378)
2025-10-02 17:22:40,991 - INFO - (302.878 53.456 1.115)
2025-10-02 17:22:41,001 - INFO - (302.864 53.586 -27.339)
2025-10-02 17:22:41,011 - INFO - (302.846 53.728 -8.828)
2025-10-02 17:22:41,021 - INFO - (302.828 53.87 2.661)
2025-10-02 17:22:41,031 - INFO - (302.81 54.013 3.913)
2025-10-02 17:22:41,041 - INFO - (302.791 54.156 6.18)
2025-10-02 17:22:41,051 - INFO - (302.772 54.299 -0.136)
2025-10-02 17:22:41,061 - INFO - (302.751 54.443 2.123)
2025-10-02 17:22:41,071 - INFO - (302.729 54.586 4.753)
2025-10-02 17:22:41,081 - INFO - (302.707 54.73 3.466)
2025-10-02 17:22:41,091 - INFO - (302.683 54.874 4.239)
2025-10-02 17:22:41,102 - INFO - (302.659 55.018 5.605)
2025-10-02 17:22:41,111 - INFO - (302.634 55.162 -0.261)
2025-10-02 17:22:41,121 - INFO - (302.608 55.307 5.244)
2025-10-02 17:22:41,131 - INFO - (302.581 55.452 3.918)
2025-10-02 17:22:41,141 - INFO - (302.553 55.597 3.732)
2025-10-02 17:22:41,151 - INFO - (302.525 55.742 1.696)
2025-10-02 17:22:41,161 - INFO - (302.496 55.887 -2.62)
2025-10-02 17:22:41,171 - INFO - (302.466 56.032 5.01)
2025-10-02 17:22:41,181 - INFO - (302.436 56.177 5.146)
2025-10-02 17:22:41,191 - INFO - (302.406 56.323 3.453)
2025-10-02 17:22:41,201 - INFO - (302.375 56.469 4.499)
2025-10-02 17:22:41,211 - INFO - (302.344 56.616 1.632)
2025-10-02 17:22:41,221 - INFO - (302.313 56.762 0.688)
2025-10-02 17:22:41,231 - INFO - (302.281 56.909 2.782)
2025-10-02 17:22:41,241 - INFO - (302.25 57.056 3.649)
2025-10-02 17:22:41,251 - INFO - (302.218 57.203 2.536)
2025-10-02 17:22:41,261 - INFO - (302.187 57.35 0.447)
2025-10-02 17:22:41,271 - INFO - (302.155 57.498 3.07)
2025-10-02 17:22:41,281 - INFO - (302.124 57.646 2.134)
2025-10-02 17:22:41,291 - INFO - (302.093 57.794 1.559)
2025-10-02 17:22:41,301 - INFO - (302.061 57.942 2.393)
2025-10-02 17:22:41,311 - INFO - (302.03 58.09 -0.93)
2025-10-02 17:22:41,321 - INFO - (301.999 58.239 -0.785)
2025-10-02 17:22:41,331 - INFO - (301.967 58.387 -1.352)
2025-10-02 17:22:41,341 - INFO - (301.936 58.535 2.583)
2025-10-02 17:22:41,351 - INFO - (301.905 58.684 2.083)
2025-10-02 17:22:41,361 - INFO - (301.873 58.832 -1.982)
2025-10-02 17:22:41,371 - INFO - (301.842 58.981 2.215)
2025-10-02 17:22:41,381 - INFO - (301.811 59.129 0.827)
2025-10-02 17:22:41,391 - INFO - (301.779 59.278 0.382)
2025-10-02 17:22:41,401 - INFO - (301.748 59.427 1.552)
2025-10-02 17:22:41,411 - INFO - (301.717 59.576 -0.79)
2025-10-02 17:22:41,421 - INFO - (301.686 59.724 -1.427)
2025-10-02 17:22:41,431 - INFO - (301.654 59.873 -1.181)
2025-10-02 17:22:41,441 - INFO - (301.626 60.007 3.027)
2025-10-02 17:22:41,451 - INFO - (301.592 60.17 -0.715)
2025-10-02 17:22:41,461 - INFO - (301.56 60.319 -2.749)
2025-10-02 17:22:41,471 - INFO - (301.529 60.468 2.441)
2025-10-02 17:22:41,481 - INFO - (301.498 60.616 0.428)
2025-10-02 17:22:41,491 - INFO - (301.467 60.765 -0.075)
2025-10-02 17:22:41,501 - INFO - (301.436 60.914 0.872)
2025-10-02 17:22:41,512 - INFO - (301.404 61.063 0.456)
2025-10-02 17:22:41,521 - INFO - (301.374 61.211 -4.044)
2025-10-02 17:22:41,531 - INFO - (301.342 61.36 0.775)
2025-10-02 17:22:41,541 - INFO - (301.311 61.509 2.933)
2025-10-02 17:22:41,551 - INFO - (301.28 61.657 -1.013)
2025-10-02 17:22:41,561 - INFO - (301.249 61.806 -1.38)
2025-10-02 17:22:41,571 - INFO - (301.218 61.955 1.816)
2025-10-02 17:22:41,581 - INFO - (301.186 62.104 0.166)
2025-10-02 17:22:41,591 - INFO - (301.155 62.252 -5.504)
2025-10-02 17:22:41,601 - INFO - (301.123 62.4 -4.938)
2025-10-02 17:22:41,611 - INFO - (301.091 62.547 -4.731)
2025-10-02 17:22:41,621 - INFO - (301.058 62.694 -5.027)
2025-10-02 17:22:41,631 - INFO - (301.026 62.84 -2.832)
2025-10-02 17:22:41,641 - INFO - (300.993 62.986 -5.997)
2025-10-02 17:22:41,651 - INFO - (300.958 63.131 -4.349)
2025-10-02 17:22:41,661 - INFO - (300.924 63.275 -6.679)
2025-10-02 17:22:41,671 - INFO - (300.892 63.405 -2.114)
2025-10-02 17:22:41,681 - INFO - (300.856 63.548 -4.082)
2025-10-02 17:22:41,691 - INFO - (300.819 63.69 -4.043)
2025-10-02 17:22:41,701 - INFO - (300.781 63.832 -4.871)
2025-10-02 17:22:41,711 - INFO - (300.743 63.974 -2.682)
2025-10-02 17:22:41,721 - INFO - (300.705 64.114 -8.695)
2025-10-02 17:22:41,731 - INFO - (300.666 64.254 -0.879)
2025-10-02 17:22:41,741 - INFO - (300.626 64.394 -0.457)
2025-10-02 17:22:41,751 - INFO - (300.585 64.534 0.686)
2025-10-02 17:22:41,761 - INFO - (300.544 64.673 -2.411)
2025-10-02 17:22:41,771 - INFO - (300.503 64.812 -3.383)
2025-10-02 17:22:41,781 - INFO - (300.46 64.95 -2.521)
2025-10-02 17:22:41,791 - INFO - (300.416 65.087 -2.154)
2025-10-02 17:22:41,801 - INFO - (300.376 65.211 -1.533)
2025-10-02 17:22:41,811 - INFO - (300.327 65.362 1.93)
2025-10-02 17:22:41,821 - INFO - (300.281 65.498 -6.353)
2025-10-02 17:22:41,831 - INFO - (300.239 65.621 1.299)
2025-10-02 17:22:41,841 - INFO - (300.187 65.77 -0.519)
2025-10-02 17:22:41,851 - INFO - (300.138 65.905 1.542)
2025-10-02 17:22:41,861 - INFO - (300.089 66.041 -0.69)
2025-10-02 17:22:41,871 - INFO - (300.039 66.175 -4.211)
2025-10-02 17:22:41,881 - INFO - (299.989 66.31 1.979)
2025-10-02 17:22:41,891 - INFO - (299.939 66.444 2.381)
2025-10-02 17:22:41,901 - INFO - (299.886 66.579 1.97)
2025-10-02 17:22:41,911 - INFO - (299.833 66.713 3.803)
2025-10-02 17:22:41,921 - INFO - (299.78 66.847 -1.299)
2025-10-02 17:22:41,931 - INFO - (299.726 66.98 -2.583)
2025-10-02 17:22:41,941 - INFO - (299.671 67.114 5.093)
2025-10-02 17:22:41,951 - INFO - (299.616 67.248 2.442)
2025-10-02 17:22:41,961 - INFO - (299.559 67.381 3.924)
2025-10-02 17:22:41,972 - INFO - (299.502 67.515 -3.259)
2025-10-02 17:22:41,981 - INFO - (299.445 67.648 0.0)
2025-10-02 17:22:41,991 - INFO - (299.387 67.781 5.826)
2025-10-02 17:22:42,001 - INFO - (299.328 67.914 3.808)
2025-10-02 17:22:42,011 - INFO - (299.268 68.048 3.659)
2025-10-02 17:22:42,021 - INFO - (299.208 68.181 2.582)
2025-10-02 17:22:42,031 - INFO - (299.147 68.314 -0.008)
2025-10-02 17:22:42,041 - INFO - (299.086 68.447 4.269)
2025-10-02 17:22:42,051 - INFO - (299.024 68.581 3.287)
2025-10-02 17:22:42,061 - INFO - (298.962 68.715 4.492)
2025-10-02 17:22:42,071 - INFO - (298.9 68.849 -0.794)
2025-10-02 17:22:42,081 - INFO - (298.838 68.982 -1.597)
2025-10-02 17:22:42,091 - INFO - (298.775 69.116 3.159)
2025-10-02 17:22:42,101 - INFO - (298.713 69.25 2.646)
2025-10-02 17:22:42,111 - INFO - (298.65 69.384 2.269)
2025-10-02 17:22:42,121 - INFO - (298.587 69.519 2.072)
2025-10-02 17:22:42,131 - INFO - (298.524 69.653 -0.89)
2025-10-02 17:22:42,141 - INFO - (298.461 69.788 2.36)
2025-10-02 17:22:42,151 - INFO - (298.397 69.922 0.507)
2025-10-02 17:22:42,161 - INFO - (298.334 70.056 2.229)
2025-10-02 17:22:42,171 - INFO - (298.27 70.191 0.847)
2025-10-02 17:22:42,181 - INFO - (298.207 70.326 -1.276)
2025-10-02 17:22:42,191 - INFO - (298.143 70.46 2.185)
2025-10-02 17:22:42,201 - INFO - (298.072 70.609 1.16)
2025-10-02 17:22:42,211 - INFO - (298.008 70.743 0.735)
2025-10-02 17:22:42,221 - INFO - (297.951 70.865 1.019)
2025-10-02 17:22:42,231 - INFO - (297.886 71.0 -0.388)
2025-10-02 17:22:42,241 - INFO - (297.822 71.134 -1.324)
2025-10-02 17:22:42,251 - INFO - (297.758 71.269 0.868)
2025-10-02 17:22:42,261 - INFO - (297.694 71.404 3.502)
2025-10-02 17:22:42,271 - INFO - (297.629 71.539 -1.061)
2025-10-02 17:22:42,281 - INFO - (297.565 71.673 -3.038)
2025-10-02 17:22:42,291 - INFO - (297.501 71.808 2.51)
2025-10-02 17:22:42,301 - INFO - (297.436 71.943 0.952)
2025-10-02 17:22:42,311 - INFO - (297.371 72.078 0.655)
2025-10-02 17:22:42,321 - INFO - (297.307 72.213 1.649)
2025-10-02 17:22:42,331 - INFO - (297.242 72.348 -0.363)
2025-10-02 17:22:42,341 - INFO - (297.177 72.483 -1.358)
2025-10-02 17:22:42,351 - INFO - (297.113 72.618 0.342)
2025-10-02 17:22:42,361 - INFO - (297.048 72.753 0.753)
2025-10-02 17:22:42,371 - INFO - (296.983 72.888 0.974)
2025-10-02 17:22:42,381 - INFO - (296.918 73.023 -1.87)
2025-10-02 17:22:42,391 - INFO - (296.854 73.157 -0.312)
2025-10-02 17:22:42,401 - INFO - (296.789 73.292 1.684)
2025-10-02 17:22:42,411 - INFO - (296.724 73.427 0.31)
2025-10-02 17:22:42,421 - INFO - (296.665 73.549 0.028)
2025-10-02 17:22:42,431 - INFO - (296.6 73.684 3.91)
2025-10-02 17:22:42,441 - INFO - (296.535 73.819 -3.845)
2025-10-02 17:22:42,451 - INFO - (296.464 73.968 -1.833)
2025-10-02 17:22:42,461 - INFO - (296.399 74.102 -0.926)
2025-10-02 17:22:42,471 - INFO - (296.341 74.224 2.341)
2025-10-02 17:22:42,481 - INFO - (296.276 74.359 0.007)
2025-10-02 17:22:42,491 - INFO - (296.211 74.494 0.711)
2025-10-02 17:22:42,501 - INFO - (296.146 74.629 1.006)
2025-10-02 17:22:42,511 - INFO - (296.081 74.764 0.108)
2025-10-02 17:22:42,521 - INFO - (296.016 74.899 -0.106)
2025-10-02 17:22:42,532 - INFO - (295.95 75.034 2.774)
2025-10-02 17:22:42,541 - INFO - (295.885 75.169 -4.996)
2025-10-02 17:22:42,551 - INFO - (295.82 75.304 -0.634)
2025-10-02 17:22:42,561 - INFO - (295.755 75.439 1.859)
2025-10-02 17:22:42,571 - INFO - (295.69 75.574 1.246)
2025-10-02 17:22:42,581 - INFO - (295.625 75.709 -6.117)
2025-10-02 17:22:42,591 - INFO - (295.559 75.843 -1.733)
2025-10-02 17:22:42,601 - INFO - (295.492 75.976 -0.818)
2025-10-02 17:22:42,611 - INFO - (295.425 76.109 -1.963)
2025-10-02 17:22:42,621 - INFO - (295.357 76.242 -2.488)
2025-10-02 17:22:42,631 - INFO - (295.289 76.373 -1.977)
2025-10-02 17:22:42,641 - INFO - (295.226 76.491 -3.682)
2025-10-02 17:22:42,651 - INFO - (295.15 76.635 -4.085)
2025-10-02 17:22:42,661 - INFO - (295.08 76.765 -0.516)
2025-10-02 17:22:42,671 - INFO - (295.009 76.894 -1.561)
2025-10-02 17:22:42,682 - INFO - (294.937 77.023 0.71)
2025-10-02 17:22:42,691 - INFO - (294.865 77.151 -1.882)
2025-10-02 17:22:42,701 - INFO - (294.792 77.279 -5.303)
2025-10-02 17:22:42,711 - INFO - (294.72 77.407 -2.92)
2025-10-02 17:22:42,721 - INFO - (294.646 77.533 -1.11)
2025-10-02 17:22:42,731 - INFO - (294.571 77.659 -1.206)
2025-10-02 17:22:42,741 - INFO - (294.495 77.784 -0.404)
2025-10-02 17:22:42,751 - INFO - (294.419 77.909 -4.888)
2025-10-02 17:22:42,761 - INFO - (294.342 78.033 0.929)
2025-10-02 17:22:42,771 - INFO - (294.265 78.156 -0.257)
2025-10-02 17:22:42,781 - INFO - (294.186 78.279 -0.672)
2025-10-02 17:22:42,791 - INFO - (294.107 78.401 2.598)
2025-10-02 17:22:42,801 - INFO - (294.027 78.523 -4.405)
2025-10-02 17:22:42,811 - INFO - (293.947 78.645 -0.562)
2025-10-02 17:22:42,821 - INFO - (293.866 78.766 -0.574)
2025-10-02 17:22:42,831 - INFO - (293.784 78.886 -0.524)
2025-10-02 17:22:42,841 - INFO - (293.701 79.005 0.414)
2025-10-02 17:22:42,851 - INFO - (293.617 79.124 -4.439)
2025-10-02 17:22:42,861 - INFO - (293.532 79.242 1.413)
2025-10-02 17:22:42,871 - INFO - (293.447 79.359 0.36)
2025-10-02 17:22:42,881 - INFO - (293.361 79.476 -0.463)
2025-10-02 17:22:42,891 - INFO - (293.273 79.592 3.196)
2025-10-02 17:22:42,901 - INFO - (293.186 79.708 -1.91)
2025-10-02 17:22:42,911 - INFO - (293.098 79.823 -2.523)
2025-10-02 17:22:42,921 - INFO - (293.008 79.938 0.898)
2025-10-02 17:22:42,931 - INFO - (292.918 80.051 -0.215)
2025-10-02 17:22:42,941 - INFO - (292.827 80.164 2.454)
2025-10-02 17:22:42,951 - INFO - (292.735 80.277 -1.749)
2025-10-02 17:22:42,961 - INFO - (292.643 80.389 -0.211)
2025-10-02 17:22:42,971 - INFO - (292.55 80.5 1.152)
2025-10-02 17:22:42,981 - INFO - (292.446 80.622 0.856)
2025-10-02 17:22:42,991 - INFO - (292.36 80.721 1.559)
2025-10-02 17:22:43,001 - INFO - (292.254 80.841 2.975)
2025-10-02 17:22:43,011 - INFO - (292.158 80.95 -3.068)
2025-10-02 17:22:43,021 - INFO - (292.061 81.058 3.463)
2025-10-02 17:22:43,032 - INFO - (291.962 81.167 4.136)
2025-10-02 17:22:43,041 - INFO - (291.873 81.264 2.048)
2025-10-02 17:22:43,051 - INFO - (291.763 81.382 3.7)
2025-10-02 17:22:43,061 - INFO - (291.663 81.488 -3.674)
2025-10-02 17:22:43,071 - INFO - (291.572 81.584 2.143)
2025-10-02 17:22:43,081 - INFO - (291.471 81.691 5.945)
2025-10-02 17:22:43,091 - INFO - (291.358 81.807 0.747)
2025-10-02 17:22:43,101 - INFO - (291.264 81.901 1.881)
2025-10-02 17:22:43,111 - INFO - (291.16 82.005 -2.926)
2025-10-02 17:22:43,121 - INFO - (291.055 82.109 1.941)
2025-10-02 17:22:43,131 - INFO - (290.949 82.211 1.148)
2025-10-02 17:22:43,141 - INFO - (290.842 82.313 1.0)
2025-10-02 17:22:43,151 - INFO - (290.734 82.414 3.84)
2025-10-02 17:22:43,161 - INFO - (290.626 82.515 -4.02)
2025-10-02 17:22:43,171 - INFO - (290.528 82.605 0.032)
2025-10-02 17:22:43,181 - INFO - (290.408 82.714 1.935)
2025-10-02 17:22:43,191 - INFO - (290.298 82.813 2.132)
2025-10-02 17:22:43,201 - INFO - (290.186 82.911 3.464)
2025-10-02 17:22:43,211 - INFO - (290.074 83.008 0.197)
2025-10-02 17:22:43,221 - INFO - (289.974 83.095 -3.831)
2025-10-02 17:22:43,231 - INFO - (289.861 83.192 6.182)
2025-10-02 17:22:43,241 - INFO - (289.748 83.289 5.04)
2025-10-02 17:22:43,251 - INFO - (289.623 83.395 4.383)
2025-10-02 17:22:43,261 - INFO - (289.508 83.491 1.44)
2025-10-02 17:22:43,271 - INFO - (289.393 83.586 2.182)
2025-10-02 17:22:43,281 - INFO - (289.277 83.682 2.466)
2025-10-02 17:22:43,291 - INFO - (289.172 83.768 4.488)
2025-10-02 17:22:43,301 - INFO - (289.067 83.854 5.04)
2025-10-02 17:22:43,311 - INFO - (288.938 83.959 3.816)
2025-10-02 17:22:43,321 - INFO - (288.82 84.054 -0.966)
2025-10-02 17:22:43,331 - INFO - (288.703 84.15 3.877)
2025-10-02 17:22:43,341 - INFO - (288.584 84.245 4.293)
2025-10-02 17:22:43,351 - INFO - (288.465 84.341 3.042)
2025-10-02 17:22:43,361 - INFO - (288.346 84.436 2.995)
2025-10-02 17:22:43,371 - INFO - (288.227 84.531 -0.732)
2025-10-02 17:22:43,381 - INFO - (288.107 84.627 2.305)
2025-10-02 17:22:43,391 - INFO - (287.975 84.731 0.927)
2025-10-02 17:22:43,401 - INFO - (287.855 84.826 3.565)
2025-10-02 17:22:43,411 - INFO - (287.734 84.921 2.133)
2025-10-02 17:22:43,421 - INFO - (287.613 85.016 0.097)
2025-10-02 17:22:43,431 - INFO - (287.492 85.111 3.079)
2025-10-02 17:22:43,441 - INFO - (287.383 85.197 2.029)
2025-10-02 17:22:43,451 - INFO - (287.261 85.291 1.541)
2025-10-02 17:22:43,461 - INFO - (287.139 85.386 1.353)
2025-10-02 17:22:43,471 - INFO - (287.017 85.481 0.177)
2025-10-02 17:22:43,482 - INFO - (286.895 85.576 1.156)
2025-10-02 17:22:43,491 - INFO - (286.773 85.67 -0.057)
2025-10-02 17:22:43,501 - INFO - (286.65 85.765 2.252)
2025-10-02 17:22:43,511 - INFO - (286.528 85.859 1.906)
2025-10-02 17:22:43,521 - INFO - (286.405 85.954 -1.265)
2025-10-02 17:22:43,531 - INFO - (286.282 86.048 2.241)
2025-10-02 17:22:43,541 - INFO - (286.158 86.142 1.948)
2025-10-02 17:22:43,551 - INFO - (286.034 86.235 1.562)
2025-10-02 17:22:43,561 - INFO - (285.908 86.327 1.503)
2025-10-02 17:22:43,571 - INFO - (285.783 86.419 -2.326)
2025-10-02 17:22:43,581 - INFO - (285.658 86.511 2.721)
2025-10-02 17:22:43,591 - INFO - (285.531 86.602 0.977)
2025-10-02 17:22:43,601 - INFO - (285.404 86.692 3.631)
2025-10-02 17:22:43,611 - INFO - (285.276 86.782 -0.166)
2025-10-02 17:22:43,621 - INFO - (285.149 86.871 -5.08)
2025-10-02 17:22:43,631 - INFO - (285.021 86.96 3.528)
2025-10-02 17:22:43,641 - INFO - (284.892 87.049 3.112)
2025-10-02 17:22:43,651 - INFO - (284.763 87.136 1.701)
2025-10-02 17:22:43,661 - INFO - (284.633 87.224 2.375)
2025-10-02 17:22:43,671 - INFO - (284.502 87.31 -1.444)
2025-10-02 17:22:43,681 - INFO - (284.371 87.397 4.025)
2025-10-02 17:22:43,691 - INFO - (284.24 87.482 3.074)
2025-10-02 17:22:43,701 - INFO - (284.108 87.568 4.649)
2025-10-02 17:22:43,711 - INFO - (283.975 87.653 0.457)
2025-10-02 17:22:43,721 - INFO - (283.829 87.747 0.408)
2025-10-02 17:22:43,731 - INFO - (283.695 87.831 4.377)
2025-10-02 17:22:43,741 - INFO - (283.575 87.908 4.693)
2025-10-02 17:22:43,751 - INFO - (283.427 88.0 4.854)
2025-10-02 17:22:43,761 - INFO - (283.292 88.084 0.603)
2025-10-02 17:22:43,771 - INFO - (283.156 88.168 0.349)
2025-10-02 17:22:43,781 - INFO - (283.021 88.252 5.21)
2025-10-02 17:22:43,791 - INFO - (282.898 88.328 4.013)
2025-10-02 17:22:43,801 - INFO - (282.761 88.411 4.177)
2025-10-02 17:22:43,811 - INFO - (282.624 88.495 -1.012)
2025-10-02 17:22:43,821 - INFO - (282.487 88.578 3.47)
2025-10-02 17:22:43,831 - INFO - (282.349 88.661 4.513)
2025-10-02 17:22:43,841 - INFO - (282.21 88.745 5.675)
2025-10-02 17:22:43,851 - INFO - (282.071 88.828 3.966)
2025-10-02 17:22:43,862 - INFO - (281.931 88.911 1.315)
2025-10-02 17:22:43,871 - INFO - (281.792 88.994 2.25)
2025-10-02 17:22:43,882 - INFO - (281.651 89.077 6.365)
2025-10-02 17:22:43,891 - INFO - (281.51 89.16 7.668)
2025-10-02 17:22:43,901 - INFO - (281.369 89.243 -1.86)
2025-10-02 17:22:43,911 - INFO - (281.228 89.326 -5.438)
2025-10-02 17:22:43,921 - INFO - (281.101 89.4 -6.298)
2025-10-02 17:22:43,931 - INFO - (280.962 89.482 -13.498)
2025-10-02 17:22:43,941 - INFO - (280.823 89.563 -12.854)
2025-10-02 17:22:43,951 - INFO - (280.685 89.643 -11.493)
2025-10-02 17:22:43,961 - INFO - (280.548 89.722 -9.172)
2025-10-02 17:22:43,971 - INFO - (280.412 89.802 -5.658)
2025-10-02 17:22:43,981 - INFO - (280.276 89.88 -10.244)
2025-10-02 17:22:43,991 - INFO - (280.141 89.959 -6.858)
2025-10-02 17:22:44,001 - INFO - (280.007 90.037 -11.858)
2025-10-02 17:22:44,011 - INFO - (279.874 90.114 -2.372)
2025-10-02 17:22:44,021 - INFO - (279.741 90.192 -4.91)
2025-10-02 17:22:44,031 - INFO - (279.609 90.27 -7.507)
2025-10-02 17:22:44,041 - INFO - (279.49 90.339 -3.407)
2025-10-02 17:22:44,051 - INFO - (279.345 90.424 -1.193)
2025-10-02 17:22:44,061 - INFO - (279.214 90.502 -3.654)
2025-10-02 17:22:44,071 - INFO - (279.083 90.578 -4.779)
2025-10-02 17:22:44,081 - INFO - (278.952 90.655 -0.753)
2025-10-02 17:22:44,091 - INFO - (278.821 90.732 -2.014)
2025-10-02 17:22:44,101 - INFO - (278.691 90.809 -6.288)
2025-10-02 17:22:44,111 - INFO - (278.561 90.886 1.511)
2025-10-02 17:22:44,121 - INFO - (278.431 90.962 1.3)
2025-10-02 17:22:44,131 - INFO - (278.301 91.039 -0.963)
2025-10-02 17:22:44,141 - INFO - (278.171 91.116 -2.191)
2025-10-02 17:22:44,151 - INFO - (278.041 91.193 1.744)
2025-10-02 17:22:44,161 - INFO - (277.911 91.27 -2.536)
2025-10-02 17:22:44,171 - INFO - (277.782 91.346 -1.757)
2025-10-02 17:22:44,181 - INFO - (277.652 91.423 0.283)
2025-10-02 17:22:44,191 - INFO - (277.523 91.5 0.392)
2025-10-02 17:22:44,201 - INFO - (277.406 91.569 -2.513)
2025-10-02 17:22:44,211 - INFO - (277.264 91.653 0.033)
2025-10-02 17:22:44,221 - INFO - (277.135 91.73 0.793)
2025-10-02 17:22:44,231 - INFO - (277.018 91.799 -0.288)
2025-10-02 17:22:44,242 - INFO - (276.889 91.875 -0.458)
2025-10-02 17:22:44,251 - INFO - (276.746 91.96 2.414)
2025-10-02 17:22:44,261 - INFO - (276.617 92.037 -2.849)
2025-10-02 17:22:44,271 - INFO - (276.488 92.113 -2.601)
2025-10-02 17:22:44,282 - INFO - (276.359 92.19 2.001)
2025-10-02 17:22:44,291 - INFO - (276.23 92.267 0.636)
2025-10-02 17:22:44,301 - INFO - (276.1 92.343 -3.163)
2025-10-02 17:22:44,311 - INFO - (275.971 92.42 0.923)
2025-10-02 17:22:44,321 - INFO - (275.842 92.496 0.99)
2025-10-02 17:22:44,331 - INFO - (275.712 92.572 -0.714)
2025-10-02 17:22:44,341 - INFO - (275.582 92.647 -2.75)
2025-10-02 17:22:44,351 - INFO - (275.452 92.721 -2.679)
2025-10-02 17:22:44,361 - INFO - (275.322 92.795 -5.528)
2025-10-02 17:22:44,371 - INFO - (275.193 92.868 0.353)
2025-10-02 17:22:44,381 - INFO - (275.062 92.94 0.309)
2025-10-02 17:22:44,391 - INFO - (274.931 93.011 0.347)
2025-10-02 17:22:44,401 - INFO - (274.8 93.082 -3.837)
2025-10-02 17:22:44,411 - INFO - (274.669 93.151 -2.818)
2025-10-02 17:22:44,421 - INFO - (274.537 93.221 3.446)
2025-10-02 17:22:44,431 - INFO - (274.405 93.29 2.447)
2025-10-02 17:22:44,441 - INFO - (274.272 93.358 0.922)
2025-10-02 17:22:44,451 - INFO - (274.139 93.425 1.62)
2025-10-02 17:22:44,461 - INFO - (274.006 93.492 -3.968)
2025-10-02 17:22:44,471 - INFO - (273.872 93.558 1.052)
2025-10-02 17:22:44,481 - INFO - (273.738 93.623 0.435)
2025-10-02 17:22:44,491 - INFO - (273.603 93.687 1.479)
2025-10-02 17:22:44,501 - INFO - (273.468 93.75 -0.914)
2025-10-02 17:22:44,511 - INFO - (273.333 93.812 -6.041)
2025-10-02 17:22:44,521 - INFO - (273.198 93.874 3.006)
2025-10-02 17:22:44,531 - INFO - (273.062 93.935 4.653)
2025-10-02 17:22:44,541 - INFO - (272.926 93.996 3.604)
2025-10-02 17:22:44,551 - INFO - (272.788 94.056 1.009)
2025-10-02 17:22:44,561 - INFO - (272.637 94.121 -2.042)
2025-10-02 17:22:44,571 - INFO - (272.499 94.179 4.444)
2025-10-02 17:22:44,581 - INFO - (272.36 94.236 4.004)
2025-10-02 17:22:44,591 - INFO - (272.22 94.292 5.726)
2025-10-02 17:22:44,601 - INFO - (272.08 94.347 -0.457)
2025-10-02 17:22:44,612 - INFO - (271.939 94.402 -1.734)
2025-10-02 17:22:44,621 - INFO - (271.812 94.45 3.692)
2025-10-02 17:22:44,631 - INFO - (271.671 94.504 4.084)
2025-10-02 17:22:44,641 - INFO - (271.528 94.556 3.526)
2025-10-02 17:22:44,651 - INFO - (271.385 94.607 1.627)
2025-10-02 17:22:44,661 - INFO - (271.242 94.657 -3.71)
2025-10-02 17:22:44,671 - INFO - (271.098 94.706 5.121)
2025-10-02 17:22:44,682 - INFO - (270.953 94.755 5.866)
2025-10-02 17:22:44,692 - INFO - (270.808 94.803 2.475)
2025-10-02 17:22:44,702 - INFO - (270.663 94.85 -1.42)
2025-10-02 17:22:44,712 - INFO - (270.518 94.897 -6.421)
2025-10-02 17:22:44,721 - INFO - (270.387 94.938 1.805)
2025-10-02 17:22:44,731 - INFO - (270.241 94.983 1.443)
2025-10-02 17:22:44,741 - INFO - (270.095 95.027 0.743)
2025-10-02 17:22:44,751 - INFO - (269.949 95.07 0.006)
2025-10-02 17:22:44,761 - INFO - (269.802 95.112 0.016)
2025-10-02 17:22:44,771 - INFO - (269.655 95.153 1.093)
2025-10-02 17:22:44,782 - INFO - (269.508 95.194 0.186)
2025-10-02 17:22:44,791 - INFO - (269.36 95.233 4.131)
2025-10-02 17:22:44,801 - INFO - (269.212 95.272 -3.523)
2025-10-02 17:22:44,811 - INFO - (269.064 95.31 0.852)
2025-10-02 17:22:44,821 - INFO - (268.916 95.348 1.74)
2025-10-02 17:22:44,831 - INFO - (268.767 95.384 2.032)
2025-10-02 17:22:44,841 - INFO - (268.618 95.42 2.855)
2025-10-02 17:22:44,851 - INFO - (268.468 95.454 -7.409)
2025-10-02 17:22:44,861 - INFO - (268.319 95.488 1.894)
2025-10-02 17:22:44,871 - INFO - (268.169 95.52 5.498)
2025-10-02 17:22:44,882 - INFO - (268.004 95.556 2.537)
2025-10-02 17:22:44,891 - INFO - (267.853 95.588 0.719)
2025-10-02 17:22:44,901 - INFO - (267.718 95.615 0.705)
2025-10-02 17:22:44,911 - INFO - (267.566 95.645 3.479)
2025-10-02 17:22:44,921 - INFO - (267.415 95.674 2.015)
2025-10-02 17:22:44,931 - INFO - (267.263 95.702 2.963)
2025-10-02 17:22:44,941 - INFO - (267.11 95.729 4.867)
2025-10-02 17:22:44,951 - INFO - (266.957 95.755 -5.394)
2025-10-02 17:22:44,961 - INFO - (266.804 95.78 3.77)
2025-10-02 17:22:44,971 - INFO - (266.651 95.805 5.817)
2025-10-02 17:22:44,981 - INFO - (266.497 95.829 4.621)
2025-10-02 17:22:44,991 - INFO - (266.342 95.852 1.697)
2025-10-02 17:22:45,001 - INFO - (266.188 95.875 -0.836)
2025-10-02 17:22:45,012 - INFO - (266.033 95.896 7.781)
2025-10-02 17:22:45,021 - INFO - (265.877 95.917 5.695)
2025-10-02 17:22:45,031 - INFO - (265.72 95.937 -0.03)
2025-10-02 17:22:45,041 - INFO - (265.564 95.955 0.564)
2025-10-02 17:22:45,051 - INFO - (265.408 95.973 -3.396)
2025-10-02 17:22:45,061 - INFO - (265.251 95.99 0.794)
2025-10-02 17:22:45,071 - INFO - (265.095 96.007 -3.071)
2025-10-02 17:22:45,081 - INFO - (264.939 96.022 -1.502)
2025-10-02 17:22:45,091 - INFO - (264.783 96.037 -6.92)
2025-10-02 17:22:45,101 - INFO - (264.627 96.05 1.677)
2025-10-02 17:22:45,111 - INFO - (264.471 96.063 -5.346)
2025-10-02 17:22:45,121 - INFO - (264.316 96.075 -4.517)
2025-10-02 17:22:45,131 - INFO - (264.162 96.087 -4.912)
2025-10-02 17:22:45,141 - INFO - (264.007 96.097 -0.739)
2025-10-02 17:22:45,151 - INFO - (263.852 96.108 -0.122)
2025-10-02 17:22:45,161 - INFO - (263.698 96.117 -2.873)
2025-10-02 17:22:45,171 - INFO - (263.544 96.125 -3.465)
2025-10-02 17:22:45,181 - INFO - (263.39 96.133 -3.89)
2025-10-02 17:22:45,192 - INFO - (263.237 96.139 -5.245)
2025-10-02 17:22:45,202 - INFO - (263.084 96.144 0.421)
2025-10-02 17:22:45,212 - INFO - (262.93 96.149 -1.951)
2025-10-02 17:22:45,222 - INFO - (262.777 96.153 -2.19)
2025-10-02 17:22:45,231 - INFO - (262.625 96.157 -2.393)
2025-10-02 17:22:45,241 - INFO - (262.472 96.159 0.503)
2025-10-02 17:22:45,251 - INFO - (262.319 96.161 -1.044)
2025-10-02 17:22:45,261 - INFO - (262.167 96.162 0.564)
2025-10-02 17:22:45,271 - INFO - (262.029 96.162 -0.057)
2025-10-02 17:22:45,281 - INFO - (261.861 96.161 1.235)
2025-10-02 17:22:45,291 - INFO - (261.724 96.159 -6.629)
2025-10-02 17:22:45,301 - INFO - (261.557 96.157 2.206)
2025-10-02 17:22:45,311 - INFO - (261.404 96.154 2.908)
2025-10-02 17:22:45,321 - INFO - (261.267 96.152 0.864)
2025-10-02 17:22:45,331 - INFO - (261.114 96.148 3.881)
2025-10-02 17:22:45,341 - INFO - (260.96 96.143 4.828)
2025-10-02 17:22:45,351 - INFO - (260.807 96.138 2.24)
2025-10-02 17:22:45,361 - INFO - (260.653 96.133 6.33)
2025-10-02 17:22:45,371 - INFO - (260.498 96.127 4.39)
2025-10-02 17:22:45,381 - INFO - (260.343 96.123 1.083)
2025-10-02 17:22:45,391 - INFO - (260.188 96.118 -0.824)
2025-10-02 17:22:45,401 - INFO - (260.033 96.114 5.263)
2025-10-02 17:22:45,411 - INFO - (259.877 96.11 3.994)
2025-10-02 17:22:45,421 - INFO - (259.721 96.107 5.354)
2025-10-02 17:22:45,431 - INFO - (259.565 96.105 3.746)
2025-10-02 17:22:45,441 - INFO - (259.408 96.104 5.032)
2025-10-02 17:22:45,451 - INFO - (259.25 96.103 2.254)
2025-10-02 17:22:45,461 - INFO - (259.092 96.103 5.503)
2025-10-02 17:22:45,471 - INFO - (258.934 96.104 1.766)
2025-10-02 17:22:45,481 - INFO - (258.776 96.105 -3.428)
2025-10-02 17:22:45,491 - INFO - (258.618 96.107 6.176)
2025-10-02 17:22:45,501 - INFO - (258.459 96.109 5.281)
2025-10-02 17:22:45,511 - INFO - (258.3 96.112 9.019)
2025-10-02 17:22:45,521 - INFO - (258.14 96.116 9.369)
2025-10-02 17:22:45,531 - INFO - (257.978 96.12 8.147)
2025-10-02 17:22:45,541 - INFO - (257.816 96.126 3.287)
2025-10-02 17:22:45,551 - INFO - (257.654 96.131 2.697)
2025-10-02 17:22:45,561 - INFO - (257.492 96.137 -0.434)
2025-10-02 17:22:45,571 - INFO - (257.331 96.144 -1.333)
2025-10-02 17:22:45,581 - INFO - (257.168 96.151 2.02)
2025-10-02 17:22:45,591 - INFO - (257.006 96.157 2.358)
2025-10-02 17:22:45,601 - INFO - (256.844 96.165 -0.018)
2025-10-02 17:22:45,611 - INFO - (256.681 96.173 -0.742)
2025-10-02 17:22:45,621 - INFO - (256.519 96.182 -3.161)
2025-10-02 17:22:45,631 - INFO - (256.358 96.191 -2.785)
2025-10-02 17:22:45,641 - INFO - (256.212 96.2 -0.805)
2025-10-02 17:22:45,651 - INFO - (256.035 96.211 -4.636)
2025-10-02 17:22:45,661 - INFO - (255.874 96.221 -1.514)
2025-10-02 17:22:45,671 - INFO - (255.729 96.23 -0.274)
2025-10-02 17:22:45,681 - INFO - (255.553 96.241 -3.302)
2025-10-02 17:22:45,691 - INFO - (255.392 96.25 -0.913)
2025-10-02 17:22:45,701 - INFO - (255.232 96.26 -1.858)
2025-10-02 17:22:45,711 - INFO - (255.072 96.269 -1.37)
2025-10-02 17:22:45,721 - INFO - (254.912 96.278 -1.726)
2025-10-02 17:22:45,731 - INFO - (254.752 96.287 -1.497)
2025-10-02 17:22:45,741 - INFO - (254.592 96.296 -2.65)
2025-10-02 17:22:45,751 - INFO - (254.432 96.304 0.725)
2025-10-02 17:22:45,761 - INFO - (254.273 96.313 0.183)
2025-10-02 17:22:45,771 - INFO - (254.113 96.321 -3.009)
2025-10-02 17:22:45,781 - INFO - (253.954 96.329 -2.794)
2025-10-02 17:22:45,791 - INFO - (253.795 96.337 2.858)
2025-10-02 17:22:45,801 - INFO - (253.635 96.345 2.482)
2025-10-02 17:22:45,811 - INFO - (253.476 96.353 2.324)
2025-10-02 17:22:45,821 - INFO - (253.316 96.361 2.177)
2025-10-02 17:22:45,831 - INFO - (253.155 96.369 -1.209)
2025-10-02 17:22:45,841 - INFO - (252.996 96.377 -2.631)
2025-10-02 17:22:45,851 - INFO - (252.836 96.384 1.063)
2025-10-02 17:22:45,861 - INFO - (252.676 96.391 0.721)
2025-10-02 17:22:45,871 - INFO - (252.516 96.398 0.466)
2025-10-02 17:22:45,881 - INFO - (252.356 96.405 0.739)
2025-10-02 17:22:45,891 - INFO - (252.196 96.412 0.654)
2025-10-02 17:22:45,901 - INFO - (252.036 96.419 0.414)
2025-10-02 17:22:45,912 - INFO - (251.875 96.426 0.385)
2025-10-02 17:22:45,921 - INFO - (251.715 96.433 0.522)
2025-10-02 17:22:45,931 - INFO - (251.555 96.44 0.31)
2025-10-02 17:22:45,941 - INFO - (251.395 96.447 0.142)
2025-10-02 17:22:45,951 - INFO - (251.234 96.453 0.277)
2025-10-02 17:22:45,961 - INFO - (251.074 96.46 0.14)
2025-10-02 17:22:45,971 - INFO - (250.913 96.467 0.008)
2025-10-02 17:22:45,981 - INFO - (250.753 96.473 0.092)
2025-10-02 17:22:45,991 - INFO - (250.593 96.479 0.126)
2025-10-02 17:22:46,001 - INFO - (250.432 96.485 -0.02)
2025-10-02 17:22:46,011 - INFO - (250.272 96.489 -0.108)
2025-10-02 17:22:46,021 - INFO - (250.111 96.494 -0.012)
2025-10-02 17:22:46,031 - INFO - (249.951 96.497 -0.108)
2025-10-02 17:22:46,041 - INFO - (249.79 96.5 -0.175)
2025-10-02 17:22:46,051 - INFO - (249.63 96.503 0.177)
2025-10-02 17:22:46,061 - INFO - (249.469 96.506 0.186)
2025-10-02 17:22:46,071 - INFO - (249.309 96.508 0.039)
2025-10-02 17:22:46,081 - INFO - (249.148 96.51 0.376)
2025-10-02 17:22:46,091 - INFO - (248.988 96.512 1.096)
2025-10-02 17:22:46,101 - INFO - (248.827 96.513 0.757)
2025-10-02 17:22:46,111 - INFO - (248.666 96.515 0.485)
2025-10-02 17:22:46,121 - INFO - (248.505 96.516 2.354)
2025-10-02 17:22:46,131 - INFO - (248.344 96.517 1.933)
2025-10-02 17:22:46,141 - INFO - (248.183 96.518 1.41)
2025-10-02 17:22:46,151 - INFO - (248.021 96.518 1.928)
2025-10-02 17:22:46,161 - INFO - (247.86 96.519 2.204)
2025-10-02 17:22:46,171 - INFO - (247.698 96.519 1.627)
2025-10-02 17:22:46,181 - INFO - (247.536 96.52 1.365)
2025-10-02 17:22:46,191 - INFO - (247.374 96.52 2.456)
2025-10-02 17:22:46,201 - INFO - (247.211 96.52 1.818)
2025-10-02 17:22:46,211 - INFO - (247.049 96.521 1.32)
2025-10-02 17:22:46,221 - INFO - (246.886 96.521 2.389)
2025-10-02 17:22:46,231 - INFO - (246.723 96.521 2.299)
2025-10-02 17:22:46,241 - INFO - (246.56 96.521 1.826)
2025-10-02 17:22:46,251 - INFO - (246.396 96.521 1.732)
2025-10-02 17:22:46,261 - INFO - (246.233 96.521 2.276)
2025-10-02 17:22:46,271 - INFO - (246.069 96.52 1.715)
2025-10-02 17:22:46,281 - INFO - (245.889 96.52 1.275)
2025-10-02 17:22:46,291 - INFO - (245.724 96.52 2.342)
2025-10-02 17:22:46,301 - INFO - (245.577 96.52 1.623)
2025-10-02 17:22:46,311 - INFO - (245.412 96.52 1.392)
2025-10-02 17:22:46,321 - INFO - (245.247 96.519 2.014)
2025-10-02 17:22:46,331 - INFO - (245.083 96.519 2.365)
2025-10-02 17:22:46,341 - INFO - (244.934 96.519 1.649)
2025-10-02 17:22:46,351 - INFO - (244.769 96.518 1.736)
2025-10-02 17:22:46,361 - INFO - (244.587 96.518 2.783)
2025-10-02 17:22:46,371 - INFO - (244.438 96.518 1.943)
2025-10-02 17:22:46,381 - INFO - (244.272 96.517 1.663)
2025-10-02 17:22:46,391 - INFO - (244.089 96.517 0.968)
2025-10-02 17:22:46,401 - INFO - (243.94 96.516 0.442)
2025-10-02 17:22:46,411 - INFO - (243.774 96.516 0.345)
2025-10-02 17:22:46,421 - INFO - (243.591 96.515 -0.284)
2025-10-02 17:22:46,431 - INFO - (243.425 96.515 -1.442)
2025-10-02 17:22:46,441 - INFO - (243.276 96.515 -1.037)
2025-10-02 17:22:46,451 - INFO - (243.093 96.514 -0.993)
2025-10-02 17:22:46,461 - INFO - (242.928 96.513 -1.052)
2025-10-02 17:22:46,471 - INFO - (242.779 96.513 -0.782)
2025-10-02 17:22:46,481 - INFO - (242.613 96.513 -0.749)
2025-10-02 17:22:46,491 - INFO - (242.448 96.512 -0.603)
2025-10-02 17:22:46,501 - INFO - (242.282 96.511 -0.679)
2025-10-02 17:22:46,511 - INFO - (242.117 96.511 -0.532)
2025-10-02 17:22:46,522 - INFO - (241.952 96.51 -0.417)
2025-10-02 17:22:46,531 - INFO - (241.786 96.51 -0.517)
2025-10-02 17:22:46,541 - INFO - (241.621 96.509 -0.406)
2025-10-02 17:22:46,551 - INFO - (241.456 96.509 -0.317)
2025-10-02 17:22:46,561 - INFO - (241.291 96.508 -0.386)
2025-10-02 17:22:46,571 - INFO - (241.126 96.508 -0.383)
2025-10-02 17:22:46,581 - INFO - (240.961 96.507 -0.302)
2025-10-02 17:22:46,592 - INFO - (240.796 96.507 -0.245)
2025-10-02 17:22:46,602 - INFO - (240.631 96.506 -0.228)
2025-10-02 17:22:46,612 - INFO - (240.466 96.506 -0.179)
2025-10-02 17:22:46,622 - INFO - (240.301 96.506 -0.141)
2025-10-02 17:22:46,631 - INFO - (240.136 96.505 0.172)
2025-10-02 17:22:46,641 - INFO - (239.971 96.505 0.198)
2025-10-02 17:22:46,651 - INFO - (239.806 96.505 0.154)
2025-10-02 17:22:46,661 - INFO - (239.641 96.504 0.244)
2025-10-02 17:22:46,672 - INFO - (239.476 96.504 0.351)
2025-10-02 17:22:46,682 - INFO - (239.311 96.504 0.275)
2025-10-02 17:22:46,692 - INFO - (239.146 96.504 0.216)
2025-10-02 17:22:46,701 - INFO - (238.981 96.503 0.484)
2025-10-02 17:22:46,711 - INFO - (238.815 96.503 0.38)
2025-10-02 17:22:46,721 - INFO - (238.65 96.503 0.297)
2025-10-02 17:22:46,731 - INFO - (238.485 96.503 0.372)
2025-10-02 17:22:46,741 - INFO - (238.32 96.503 0.373)
2025-10-02 17:22:46,751 - INFO - (238.154 96.502 0.292)
2025-10-02 17:22:46,761 - INFO - (237.989 96.502 0.274)
2025-10-02 17:22:46,771 - INFO - (237.824 96.502 0.367)
2025-10-02 17:22:46,781 - INFO - (237.658 96.502 0.289)
2025-10-02 17:22:46,791 - INFO - (237.493 96.502 0.226)
2025-10-02 17:22:46,801 - INFO - (237.327 96.501 0.393)
2025-10-02 17:22:46,811 - INFO - (237.162 96.501 0.356)
2025-10-02 17:22:46,821 - INFO - (236.996 96.501 0.279)
2025-10-02 17:22:46,831 - INFO - (236.831 96.501 0.304)
2025-10-02 17:22:46,841 - INFO - (236.665 96.501 0.351)
2025-10-02 17:22:46,851 - INFO - (236.499 96.501 0.275)
2025-10-02 17:22:46,861 - INFO - (236.334 96.501 0.215)
2025-10-02 17:22:46,871 - INFO - (236.168 96.5 0.41)
2025-10-02 17:22:46,881 - INFO - (236.002 96.5 0.321)
2025-10-02 17:22:46,891 - INFO - (235.837 96.5 0.251)
2025-10-02 17:22:46,901 - INFO - (235.671 96.5 0.309)
2025-10-02 17:22:46,911 - INFO - (235.505 96.5 0.308)
2025-10-02 17:22:46,921 - INFO - (235.339 96.5 0.241)
2025-10-02 17:22:46,931 - INFO - (235.173 96.5 0.227)
2025-10-02 17:22:46,941 - INFO - (235.007 96.5 0.307)
2025-10-02 17:22:46,951 - INFO - (234.841 96.5 0.241)
2025-10-02 17:22:46,961 - INFO - (234.676 96.5 0.189)
2025-10-02 17:22:46,971 - INFO - (234.51 96.5 0.336)
2025-10-02 17:22:46,981 - INFO - (234.344 96.499 0.305)
2025-10-02 17:22:46,991 - INFO - (234.178 96.499 1.379)
2025-10-02 17:22:47,001 - INFO - (234.011 96.499 0.299)
2025-10-02 17:22:47,011 - INFO - (233.845 96.499 -0.269)
2025-10-02 17:22:47,021 - INFO - (233.679 96.5 1.117)
2025-10-02 17:22:47,031 - INFO - (233.513 96.5 0.329)
2025-10-02 17:22:47,041 - INFO - (233.346 96.5 0.362)
2025-10-02 17:22:47,051 - INFO - (233.18 96.5 1.326)
2025-10-02 17:22:47,061 - INFO - (233.014 96.5 1.085)
2025-10-02 17:22:47,071 - INFO - (232.847 96.5 1.499)
2025-10-02 17:22:47,081 - INFO - (232.68 96.5 1.379)
2025-10-02 17:22:47,091 - INFO - (232.513 96.5 1.013)
2025-10-02 17:22:47,101 - INFO - (232.346 96.5 -0.784)
2025-10-02 17:22:47,111 - INFO - (232.179 96.5 1.207)
2025-10-02 17:22:47,121 - INFO - (232.012 96.5 1.588)
2025-10-02 17:22:47,132 - INFO - (231.845 96.5 -0.266)
2025-10-02 17:22:47,141 - INFO - (231.678 96.5 1.331)
2025-10-02 17:22:47,151 - INFO - (231.511 96.5 1.28)
2025-10-02 17:22:47,161 - INFO - (231.343 96.5 0.534)
2025-10-02 17:22:47,171 - INFO - (231.176 96.5 0.036)
2025-10-02 17:22:47,181 - INFO - (231.008 96.5 -0.219)
2025-10-02 17:22:47,191 - INFO - (230.841 96.5 -0.276)
2025-10-02 17:22:47,201 - INFO - (230.69 96.5 -0.163)
2025-10-02 17:22:47,211 - INFO - (230.506 96.5 -0.755)
2025-10-02 17:22:47,221 - INFO - (230.339 96.5 -0.631)
2025-10-02 17:22:47,231 - INFO - (230.188 96.5 -0.514)
2025-10-02 17:22:47,241 - INFO - (230.021 96.5 -0.412)
2025-10-02 17:22:47,251 - INFO - (229.854 96.5 -0.302)
2025-10-02 17:22:47,261 - INFO - (229.687 96.5 -0.398)
2025-10-02 17:22:47,271 - INFO - (229.52 96.5 -0.288)
2025-10-02 17:22:47,281 - INFO - (229.353 96.5 -0.226)
2025-10-02 17:22:47,291 - INFO - (229.186 96.5 -0.227)
2025-10-02 17:22:47,301 - INFO - (229.019 96.5 -0.23)
2025-10-02 17:22:47,311 - INFO - (228.852 96.5 -0.074)
2025-10-02 17:22:47,321 - INFO - (228.685 96.5 -0.053)
2025-10-02 17:22:47,331 - INFO - (228.501 96.5 -0.106)
2025-10-02 17:22:47,342 - INFO - (228.334 96.5 -0.007)
2025-10-02 17:22:47,351 - INFO - (228.167 96.5 0.099)
2025-10-02 17:22:47,361 - INFO - (228.0 96.5 0.025)
2025-10-02 17:22:47,371 - INFO - (227.85 96.5 -0.029)
2025-10-02 17:22:47,381 - INFO - (227.683 96.5 0.311)
2025-10-02 17:22:47,391 - INFO - (227.499 96.5 0.244)
2025-10-02 17:22:47,401 - INFO - (227.332 96.5 0.114)
2025-10-02 17:22:47,411 - INFO - (227.165 96.5 -0.156)
2025-10-02 17:22:47,421 - INFO - (226.998 96.5 -0.252)
2025-10-02 17:22:47,431 - INFO - (226.831 96.5 -0.246)
2025-10-02 17:22:47,441 - INFO - (226.664 96.5 -0.201)
2025-10-02 17:22:47,451 - INFO - (226.497 96.5 -0.254)
2025-10-02 17:22:47,461 - INFO - (226.33 96.5 -0.199)
2025-10-02 17:22:47,471 - INFO - (226.163 96.5 -0.156)
2025-10-02 17:22:47,481 - INFO - (225.996 96.5 -0.177)
2025-10-02 17:22:47,491 - INFO - (225.83 96.5 -0.151)
2025-10-02 17:22:47,501 - INFO - (225.679 96.5 -0.107)
2025-10-02 17:22:47,511 - INFO - (225.513 96.5 -0.049)
2025-10-02 17:22:47,521 - INFO - (225.346 96.5 0.053)
2025-10-02 17:22:47,531 - INFO - (225.162 96.5 0.046)
2025-10-02 17:22:47,541 - INFO - (224.995 96.5 0.032)
2025-10-02 17:22:47,551 - INFO - (224.828 96.5 0.109)
2025-10-02 17:22:47,562 - INFO - (224.662 96.5 0.086)
2025-10-02 17:22:47,572 - INFO - (224.495 96.5 0.067)
2025-10-02 17:22:47,582 - INFO - (224.328 96.5 0.169)
2025-10-02 17:22:47,592 - INFO - (224.161 96.5 0.201)
2025-10-02 17:22:47,601 - INFO - (223.994 96.5 0.158)
2025-10-02 17:22:47,611 - INFO - (223.844 96.5 0.122)
2025-10-02 17:22:47,621 - INFO - (223.677 96.5 0.183)
2025-10-02 17:22:47,631 - INFO - (223.51 96.5 0.144)
2025-10-02 17:22:47,641 - INFO - (223.343 96.5 0.112)
2025-10-02 17:22:47,651 - INFO - (223.176 96.5 1.456)
2025-10-02 17:22:47,661 - INFO - (223.009 96.5 -0.323)
2025-10-02 17:22:47,671 - INFO - (222.842 96.5 -0.089)
2025-10-02 17:22:47,681 - INFO - (222.674 96.5 1.146)
2025-10-02 17:22:47,691 - INFO - (222.507 96.5 -0.204)
2025-10-02 17:22:47,701 - INFO - (222.357 96.5 0.461)
2025-10-02 17:22:47,711 - INFO - (222.189 96.5 0.821)
2025-10-02 17:22:47,721 - INFO - (222.022 96.5 0.215)
2025-10-02 17:22:47,732 - INFO - (221.855 96.5 -0.045)
2025-10-02 17:22:47,741 - INFO - (221.687 96.5 -0.152)
2025-10-02 17:22:47,751 - INFO - (221.52 96.5 -1.058)
2025-10-02 17:22:47,761 - INFO - (221.336 96.5 -0.001)
2025-10-02 17:22:47,771 - INFO - (221.169 96.5 1.324)
2025-10-02 17:22:47,781 - INFO - (221.018 96.5 -0.239)
2025-10-02 17:22:47,791 - INFO - (220.834 96.5 0.929)
2025-10-02 17:22:47,801 - INFO - (220.667 96.5 1.454)
2025-10-02 17:22:47,811 - INFO - (220.516 96.5 0.499)
2025-10-02 17:22:47,821 - INFO - (220.331 96.5 0.093)
2025-10-02 17:22:47,831 - INFO - (220.164 96.5 -0.19)
2025-10-02 17:22:47,841 - INFO - (219.996 96.5 -0.185)
2025-10-02 17:22:47,851 - INFO - (219.829 96.5 -0.354)
2025-10-02 17:22:47,861 - INFO - (219.661 96.5 -0.463)
2025-10-02 17:22:47,871 - INFO - (219.494 96.5 -0.555)
2025-10-02 17:22:47,881 - INFO - (219.343 96.5 -0.455)
2025-10-02 17:22:47,891 - INFO - (219.176 96.5 -0.438)
2025-10-02 17:22:47,901 - INFO - (219.008 96.5 -0.409)
2025-10-02 17:22:47,911 - INFO - (218.841 96.5 -0.394)
2025-10-02 17:22:47,921 - INFO - (218.674 96.5 -0.401)
2025-10-02 17:22:47,931 - INFO - (218.49 96.5 -0.451)
2025-10-02 17:22:47,941 - INFO - (218.339 96.5 -0.448)
2025-10-02 17:22:47,951 - INFO - (218.172 96.5 -0.36)
2025-10-02 17:22:47,961 - INFO - (218.005 96.5 -0.121)
2025-10-02 17:22:47,971 - INFO - (217.838 96.5 -0.145)
2025-10-02 17:22:47,981 - INFO - (217.671 96.5 -0.166)
2025-10-02 17:22:47,991 - INFO - (217.504 96.5 0.085)
2025-10-02 17:22:48,001 - INFO - (217.337 96.5 0.168)
2025-10-02 17:22:48,011 - INFO - (217.17 96.5 0.079)
2025-10-02 17:22:48,021 - INFO - (217.003 96.5 -0.036)
2025-10-02 17:22:48,031 - INFO - (216.835 96.5 -0.229)
2025-10-02 17:22:48,042 - INFO - (216.668 96.5 -0.236)
2025-10-02 17:22:48,051 - INFO - (216.501 96.5 -0.239)
2025-10-02 17:24:51,324 - INFO - (-0.071 -98.0 0.004)
2025-10-02 17:24:51,334 - INFO - (-0.071 -98.0 -0.0)
2025-10-02 17:24:51,345 - INFO - (-0.071 -98.0 0.0)
2025-10-02 17:24:51,354 - INFO - (-0.071 -98.0 0.0)
2025-10-02 17:24:51,364 - INFO - (-0.071 -98.0 4.948)
2025-10-02 17:24:51,374 - INFO - (-0.07 -98.0 9.643)
2025-10-02 17:24:51,384 - INFO - (-0.068 -98.0 9.769)
2025-10-02 17:24:51,395 - INFO - (-0.065 -98.0 9.802)
2025-10-02 17:24:51,405 - INFO - (-0.061 -98.0 9.801)
2025-10-02 17:24:51,415 - INFO - (-0.056 -98.0 9.801)
2025-10-02 17:24:51,426 - INFO - (-0.05 -98.0 9.801)
2025-10-02 17:24:51,435 - INFO - (-0.042 -98.0 10.781)
2025-10-02 17:24:51,445 - INFO - (-0.035 -98.0 8.821)
2025-10-02 17:24:51,455 - INFO - (-0.026 -98.0 9.801)
2025-10-02 17:24:51,464 - INFO - (-0.016 -98.0 9.801)
2025-10-02 17:24:51,475 - INFO - (-0.005 -98.0 9.801)
2025-10-02 17:24:51,484 - INFO - (0.007 -98.0 9.801)
2025-10-02 17:24:51,495 - INFO - (0.02 -98.0 9.801)
2025-10-02 17:24:51,505 - INFO - (0.033 -98.0 9.801)
2025-10-02 17:24:51,515 - INFO - (0.048 -98.0 9.801)
2025-10-02 17:24:51,524 - INFO - (0.064 -98.0 9.801)
2025-10-02 17:24:51,535 - INFO - (0.081 -98.0 9.801)
2025-10-02 17:24:51,545 - INFO - (0.098 -98.0 9.801)
2025-10-02 17:24:51,555 - INFO - (0.117 -98.0 9.801)
2025-10-02 17:24:51,564 - INFO - (0.137 -98.0 9.801)
2025-10-02 17:24:51,575 - INFO - (0.157 -98.0 9.801)
2025-10-02 17:24:51,584 - INFO - (0.179 -98.0 9.801)
2025-10-02 17:24:51,594 - INFO - (0.202 -98.0 9.801)
2025-10-02 17:24:51,604 - INFO - (0.225 -98.0 9.801)
2025-10-02 17:24:51,615 - INFO - (0.25 -98.0 9.801)
2025-10-02 17:24:51,624 - INFO - (0.278 -98.0 10.781)
2025-10-02 17:24:51,635 - INFO - (0.302 -98.0 8.821)
2025-10-02 17:24:51,645 - INFO - (0.332 -98.0 10.781)
2025-10-02 17:24:51,655 - INFO - (0.358 -98.0 8.821)
2025-10-02 17:24:51,665 - INFO - (0.385 -98.0 8.821)
2025-10-02 17:24:51,675 - INFO - (0.415 -98.0 9.801)
2025-10-02 17:24:51,684 - INFO - (0.446 -98.0 9.801)
2025-10-02 17:24:51,695 - INFO - (0.479 -98.0 9.801)
2025-10-02 17:24:51,705 - INFO - (0.512 -98.0 9.801)
2025-10-02 17:24:51,714 - INFO - (0.546 -98.0 9.801)
2025-10-02 17:24:51,725 - INFO - (0.582 -98.0 9.801)
2025-10-02 17:24:51,735 - INFO - (0.618 -98.0 9.801)
2025-10-02 17:24:51,745 - INFO - (0.655 -98.0 9.801)
2025-10-02 17:24:51,755 - INFO - (0.693 -98.0 9.801)
2025-10-02 17:24:51,764 - INFO - (0.732 -98.0 9.801)
2025-10-02 17:24:51,774 - INFO - (0.773 -98.0 9.801)
2025-10-02 17:24:51,784 - INFO - (0.814 -98.0 9.801)
2025-10-02 17:24:51,794 - INFO - (0.856 -98.0 9.801)
2025-10-02 17:24:51,804 - INFO - (0.899 -98.0 9.801)
2025-10-02 17:24:51,814 - INFO - (0.943 -98.0 9.801)
2025-10-02 17:24:51,824 - INFO - (0.988 -98.0 9.801)
2025-10-02 17:24:51,834 - INFO - (1.034 -98.0 9.801)
2025-10-02 17:24:51,844 - INFO - (1.081 -98.0 9.801)
2025-10-02 17:24:51,854 - INFO - (1.129 -98.0 9.801)
2025-10-02 17:24:51,864 - INFO - (1.178 -98.0 9.801)
2025-10-02 17:24:51,875 - INFO - (1.228 -98.0 9.801)
2025-10-02 17:24:51,884 - INFO - (1.279 -98.0 9.801)
2025-10-02 17:24:51,895 - INFO - (1.331 -98.0 9.801)
2025-10-02 17:24:51,905 - INFO - (1.384 -98.0 9.801)
2025-10-02 17:24:51,916 - INFO - (1.433 -98.0 8.821)
2025-10-02 17:24:51,925 - INFO - (1.493 -98.0 10.781)
2025-10-02 17:24:51,935 - INFO - (1.543 -98.0 8.821)
2025-10-02 17:24:51,945 - INFO - (1.6 -98.0 9.801)
2025-10-02 17:24:51,955 - INFO - (1.658 -98.0 9.801)
2025-10-02 17:24:51,964 - INFO - (1.716 -98.0 9.801)
2025-10-02 17:24:51,974 - INFO - (1.776 -98.0 9.801)
2025-10-02 17:24:51,984 - INFO - (1.837 -98.0 9.801)
2025-10-02 17:24:51,994 - INFO - (1.898 -98.0 9.801)
2025-10-02 17:24:52,005 - INFO - (1.961 -98.0 9.801)
2025-10-02 17:24:52,015 - INFO - (2.024 -98.0 9.801)
2025-10-02 17:24:52,025 - INFO - (2.089 -98.0 9.801)
2025-10-02 17:24:52,035 - INFO - (2.155 -98.0 9.801)
2025-10-02 17:24:52,045 - INFO - (2.214 -98.0 8.821)
2025-10-02 17:24:52,055 - INFO - (2.289 -98.0 10.781)
2025-10-02 17:24:52,064 - INFO - (2.357 -98.0 9.801)
2025-10-02 17:24:52,074 - INFO - (2.42 -98.0 8.821)
2025-10-02 17:24:52,084 - INFO - (2.49 -98.0 9.801)
2025-10-02 17:24:52,094 - INFO - (2.561 -98.0 9.801)
2025-10-02 17:24:52,104 - INFO - (2.634 -98.0 9.801)
2025-10-02 17:24:52,115 - INFO - (2.707 -98.0 9.801)
2025-10-02 17:24:52,124 - INFO - (2.781 -98.0 9.801)
2025-10-02 17:24:52,134 - INFO - (2.856 -98.0 9.801)
2025-10-02 17:24:52,144 - INFO - (2.933 -98.0 9.801)
2025-10-02 17:24:52,154 - INFO - (3.01 -98.0 9.801)
2025-10-02 17:24:52,164 - INFO - (3.088 -98.0 9.801)
2025-10-02 17:24:52,174 - INFO - (3.167 -98.0 9.801)
2025-10-02 17:24:52,184 - INFO - (3.247 -98.0 9.801)
2025-10-02 17:24:52,195 - INFO - (3.329 -98.0 9.801)
2025-10-02 17:24:52,204 - INFO - (3.419 -98.0 10.781)
2025-10-02 17:24:52,215 - INFO - (3.494 -98.0 8.821)
2025-10-02 17:24:52,224 - INFO - (3.578 -98.0 9.801)
2025-10-02 17:24:52,234 - INFO - (3.663 -98.0 9.801)
2025-10-02 17:24:52,244 - INFO - (3.749 -98.0 9.801)
2025-10-02 17:24:52,254 - INFO - (3.836 -98.0 9.801)
2025-10-02 17:24:52,264 - INFO - (3.924 -98.0 9.801)
2025-10-02 17:24:52,274 - INFO - (4.013 -98.0 9.801)
2025-10-02 17:24:52,284 - INFO - (4.103 -98.0 9.801)
2025-10-02 17:24:52,294 - INFO - (4.194 -98.0 9.801)
2025-10-02 17:24:52,304 - INFO - (4.286 -98.0 9.801)
2025-10-02 17:24:52,315 - INFO - (4.379 -98.0 9.801)
2025-10-02 17:24:52,324 - INFO - (4.473 -98.0 9.801)
2025-10-02 17:24:52,334 - INFO - (4.567 -98.0 9.801)
2025-10-02 17:24:52,344 - INFO - (4.663 -98.0 9.801)
2025-10-02 17:24:52,355 - INFO - (4.77 -98.0 10.781)
2025-10-02 17:24:52,364 - INFO - (4.858 -98.0 8.821)
2025-10-02 17:24:52,374 - INFO - (4.957 -98.0 9.801)
2025-10-02 17:24:52,384 - INFO - (5.056 -98.0 9.801)
2025-10-02 17:24:52,394 - INFO - (5.157 -98.0 9.801)
2025-10-02 17:24:52,404 - INFO - (5.259 -98.0 9.801)
2025-10-02 17:24:52,414 - INFO - (5.362 -98.0 9.801)
2025-10-02 17:24:52,424 - INFO - (5.465 -98.0 9.801)
2025-10-02 17:24:52,434 - INFO - (5.57 -98.0 9.801)
2025-10-02 17:24:52,444 - INFO - (5.676 -98.0 9.801)
2025-10-02 17:24:52,454 - INFO - (5.793 -98.0 10.781)
2025-10-02 17:24:52,464 - INFO - (5.89 -98.0 8.821)
2025-10-02 17:24:52,475 - INFO - (5.998 -98.0 9.801)
2025-10-02 17:24:52,486 - INFO - (6.108 -98.0 9.801)
2025-10-02 17:24:52,495 - INFO - (6.219 -98.0 9.801)
2025-10-02 17:24:52,505 - INFO - (6.33 -98.0 9.801)
2025-10-02 17:24:52,515 - INFO - (6.443 -98.0 9.801)
2025-10-02 17:24:52,525 - INFO - (6.556 -98.0 9.801)
2025-10-02 17:24:52,534 - INFO - (6.671 -98.0 9.801)
2025-10-02 17:24:52,544 - INFO - (6.786 -98.0 9.801)
2025-10-02 17:24:52,554 - INFO - (6.902 -98.0 9.801)
2025-10-02 17:24:52,565 - INFO - (7.02 -98.0 9.801)
2025-10-02 17:24:52,575 - INFO - (7.138 -98.0 9.801)
2025-10-02 17:24:52,584 - INFO - (7.258 -98.0 9.801)
2025-10-02 17:24:52,595 - INFO - (7.378 -98.0 9.801)
2025-10-02 17:24:52,604 - INFO - (7.499 -98.0 9.801)
2025-10-02 17:24:52,615 - INFO - (7.622 -98.0 9.801)
2025-10-02 17:24:52,625 - INFO - (7.757 -98.0 10.781)
2025-10-02 17:24:52,634 - INFO - (7.882 -98.0 9.801)
2025-10-02 17:24:52,644 - INFO - (7.994 -98.0 8.821)
2025-10-02 17:24:52,676 - INFO - (8.121 -98.0 9.801)
2025-10-02 17:24:52,677 - INFO - (8.121 -98.0 0.0)
2025-10-02 17:24:52,684 - INFO - (8.531 -98.0 31.362)
2025-10-02 17:24:52,694 - INFO - (8.635 -98.0 7.84)
2025-10-02 17:24:52,704 - INFO - (8.766 -98.0 9.801)
2025-10-02 17:24:52,714 - INFO - (8.898 -98.0 9.801)
2025-10-02 17:24:52,724 - INFO - (9.032 -98.0 9.801)
2025-10-02 17:24:52,734 - INFO - (9.166 -98.0 9.801)
2025-10-02 17:24:52,744 - INFO - (9.287 -98.0 8.821)
2025-10-02 17:24:52,754 - INFO - (9.437 -98.0 10.781)
2025-10-02 17:24:52,764 - INFO - (9.574 -98.0 9.801)
2025-10-02 17:24:52,774 - INFO - (9.698 -98.0 8.821)
2025-10-02 17:24:52,784 - INFO - (9.837 -98.0 9.801)
2025-10-02 17:24:52,795 - INFO - (9.977 -98.0 9.801)
2025-10-02 17:24:52,804 - INFO - (10.117 -98.0 9.801)
2025-10-02 17:24:52,814 - INFO - (10.259 -98.0 9.801)
2025-10-02 17:24:52,824 - INFO - (10.402 -98.0 9.801)
2025-10-02 17:24:52,834 - INFO - (10.546 -98.0 9.801)
2025-10-02 17:24:52,845 - INFO - (10.69 -98.0 9.801)
2025-10-02 17:24:52,854 - INFO - (10.836 -98.0 9.801)
2025-10-02 17:24:52,864 - INFO - (10.983 -98.0 9.801)
2025-10-02 17:24:52,874 - INFO - (11.131 -98.0 9.801)
2025-10-02 17:24:52,885 - INFO - (11.264 -98.0 8.821)
2025-10-02 17:24:52,895 - INFO - (11.429 -98.0 10.781)
2025-10-02 17:24:52,904 - INFO - (11.58 -98.0 9.801)
2025-10-02 17:24:52,915 - INFO - (11.716 -98.0 8.821)
2025-10-02 17:24:52,925 - INFO - (11.884 -98.0 10.781)
2025-10-02 17:24:52,934 - INFO - (12.037 -98.0 9.801)
2025-10-02 17:24:52,945 - INFO - (12.192 -98.0 9.801)
2025-10-02 17:24:52,954 - INFO - (12.363 -98.0 10.781)
2025-10-02 17:24:52,964 - INFO - (12.52 -98.0 9.801)
2025-10-02 17:24:52,974 - INFO - (12.677 -98.0 9.801)
2025-10-02 17:24:52,984 - INFO - (12.82 -98.0 8.824)
2025-10-02 17:24:52,994 - INFO - (12.979 -98.0 9.806)
2025-10-02 17:24:53,004 - INFO - (13.156 -98.0 10.787)
2025-10-02 17:24:53,014 - INFO - (13.301 -98.0 8.825)
2025-10-02 17:24:53,024 - INFO - (13.463 -98.0 9.724)
2025-10-02 17:24:53,034 - INFO - (13.627 -98.0 8.794)
2025-10-02 17:24:53,045 - INFO - (13.791 -98.0 7.443)
2025-10-02 17:24:53,054 - INFO - (13.955 -98.0 5.85)
2025-10-02 17:24:53,064 - INFO - (14.121 -98.0 4.581)
2025-10-02 17:24:53,074 - INFO - (14.286 -98.0 3.585)
2025-10-02 17:24:53,084 - INFO - (14.452 -98.0 2.808)
2025-10-02 17:24:53,095 - INFO - (14.618 -98.0 2.2)
2025-10-02 17:24:53,104 - INFO - (14.785 -98.0 1.73)
2025-10-02 17:24:53,114 - INFO - (14.951 -98.0 1.358)
2025-10-02 17:24:53,124 - INFO - (15.118 -98.0 1.064)
2025-10-02 17:24:53,134 - INFO - (15.285 -98.0 0.834)
2025-10-02 17:24:53,145 - INFO - (15.451 -98.0 0.655)
2025-10-02 17:24:53,155 - INFO - (15.635 -98.0 0.558)
2025-10-02 17:24:53,165 - INFO - (15.785 -98.0 0.357)
2025-10-02 17:24:53,175 - INFO - (15.952 -98.0 0.31)
2025-10-02 17:24:53,184 - INFO - (16.103 -98.0 0.221)
2025-10-02 17:24:53,195 - INFO - (16.286 -98.0 0.212)
2025-10-02 17:24:53,204 - INFO - (16.453 -98.0 0.148)
2025-10-02 17:24:53,214 - INFO - (16.62 -98.0 0.115)
2025-10-02 17:24:53,224 - INFO - (16.787 -98.0 0.09)
2025-10-02 17:24:53,234 - INFO - (16.954 -98.0 0.07)
2025-10-02 17:24:53,244 - INFO - (17.121 -98.0 0.053)
2025-10-02 17:24:53,254 - INFO - (17.289 -98.0 0.042)
2025-10-02 17:24:53,264 - INFO - (17.439 -98.0 0.03)
2025-10-02 17:24:53,274 - INFO - (17.606 -98.0 0.026)
2025-10-02 17:24:53,284 - INFO - (17.773 -98.0 0.02)
2025-10-02 17:24:53,295 - INFO - (17.94 -98.0 0.016)
2025-10-02 17:24:53,305 - INFO - (18.107 -98.0 0.012)
2025-10-02 17:24:53,314 - INFO - (18.291 -98.0 0.01)
2025-10-02 17:24:53,325 - INFO - (18.458 -98.0 0.007)
2025-10-02 17:24:53,335 - INFO - (18.625 -98.0 0.005)
2025-10-02 17:24:53,344 - INFO - (18.792 -98.0 0.003)
2025-10-02 17:24:53,354 - INFO - (18.959 -98.0 0.003)
2025-10-02 17:24:53,364 - INFO - (19.126 -98.0 0.002)
2025-10-02 17:24:53,374 - INFO - (19.293 -98.0 0.002)
2025-10-02 17:24:53,384 - INFO - (19.461 -98.0 0.001)
2025-10-02 17:24:53,394 - INFO - (19.628 -98.0 0.001)
2025-10-02 17:24:53,405 - INFO - (19.795 -98.0 0.001)
2025-10-02 17:24:53,415 - INFO - (19.962 -98.0 -0.0)
2025-10-02 17:24:53,425 - INFO - (20.129 -98.0 -0.0)
2025-10-02 17:24:53,435 - INFO - (20.246 -98.0 -0.08)
2025-10-02 17:24:53,444 - INFO - (20.43 -98.0 0.08)
2025-10-02 17:24:53,454 - INFO - (20.597 -98.0 0.001)
2025-10-02 17:24:53,464 - INFO - (20.764 -98.0 0.001)
2025-10-02 17:24:53,474 - INFO - (20.948 -98.0 0.001)
2025-10-02 17:24:53,485 - INFO - (21.098 -98.0 0.004)
2025-10-02 17:24:53,494 - INFO - (21.282 -98.0 0.003)
2025-10-02 17:24:53,504 - INFO - (21.449 -98.0 0.002)
2025-10-02 17:24:53,514 - INFO - (21.616 -98.0 0.006)
2025-10-02 17:24:53,525 - INFO - (21.783 -98.0 0.005)
2025-10-02 17:24:53,535 - INFO - (21.967 -98.0 0.005)
2025-10-02 17:24:53,545 - INFO - (22.117 -98.0 0.006)
2025-10-02 17:24:53,555 - INFO - (22.284 -98.0 0.008)
2025-10-02 17:24:53,564 - INFO - (22.451 -98.0 0.006)
2025-10-02 17:24:53,574 - INFO - (22.618 -98.0 0.005)
2025-10-02 17:24:53,584 - INFO - (22.786 -98.0 0.008)
2025-10-02 17:24:53,594 - INFO - (22.953 -98.0 0.006)
2025-10-02 17:24:53,604 - INFO - (23.12 -98.0 0.005)
2025-10-02 17:24:53,615 - INFO - (23.287 -98.0 0.002)
2025-10-02 17:24:53,624 - INFO - (23.454 -98.0 0.0)
2025-10-02 17:24:53,634 - INFO - (23.621 -98.0 0.0)
2025-10-02 17:24:53,645 - INFO - (23.788 -98.0 0.0)
2025-10-02 17:24:53,655 - INFO - (23.955 -98.0 0.001)
2025-10-02 17:24:53,665 - INFO - (24.122 -98.0 0.0)
2025-10-02 17:24:53,675 - INFO - (24.289 -98.0 0.0)
2025-10-02 17:24:53,685 - INFO - (24.456 -98.0 0.004)
2025-10-02 17:24:53,695 - INFO - (24.623 -98.0 0.004)
2025-10-02 17:24:53,704 - INFO - (24.791 -98.0 0.003)
2025-10-02 17:24:53,714 - INFO - (24.958 -98.0 0.001)
2025-10-02 17:24:53,724 - INFO - (25.125 -98.0 -0.001)
2025-10-02 17:24:53,734 - INFO - (25.292 -98.0 -0.001)
2025-10-02 17:24:53,744 - INFO - (25.459 -98.0 -0.001)
2025-10-02 17:24:53,754 - INFO - (25.626 -98.0 -0.003)
2025-10-02 17:24:53,764 - INFO - (25.793 -98.0 -0.002)
2025-10-02 17:24:53,775 - INFO - (25.944 -98.0 -0.001)
2025-10-02 17:24:53,785 - INFO - (26.111 -98.0 -0.002)
2025-10-02 17:24:53,795 - INFO - (26.294 -98.0 -0.002)
2025-10-02 17:24:53,805 - INFO - (26.461 -98.0 -0.001)
2025-10-02 17:24:53,815 - INFO - (26.629 -98.0 -0.001)
2025-10-02 17:24:53,825 - INFO - (26.796 -98.0 0.0)
2025-10-02 17:24:53,834 - INFO - (26.963 -98.0 0.0)
2025-10-02 17:24:53,844 - INFO - (27.13 -98.0 0.0)
2025-10-02 17:24:53,854 - INFO - (27.297 -98.0 0.002)
2025-10-02 17:24:53,864 - INFO - (27.464 -98.0 0.002)
2025-10-02 17:24:53,874 - INFO - (27.614 -98.0 0.001)
2025-10-02 17:24:53,884 - INFO - (27.782 -98.0 0.002)
2025-10-02 17:24:53,894 - INFO - (27.949 -98.0 0.003)
2025-10-02 17:24:53,905 - INFO - (28.116 -98.0 0.002)
2025-10-02 17:24:53,914 - INFO - (28.283 -98.0 0.002)
2025-10-02 17:24:53,925 - INFO - (28.45 -98.0 0.004)
2025-10-02 17:24:53,934 - INFO - (28.634 -98.0 0.003)
2025-10-02 17:24:53,945 - INFO - (28.801 -98.0 0.002)
2025-10-02 17:24:53,954 - INFO - (28.968 -98.0 0.0)
2025-10-02 17:24:53,965 - INFO - (29.135 -98.0 -0.001)
2025-10-02 17:24:53,974 - INFO - (29.302 -98.0 -0.001)
2025-10-02 17:24:53,984 - INFO - (29.469 -98.0 -0.001)
2025-10-02 17:24:53,995 - INFO - (29.636 -98.0 -0.002)
2025-10-02 17:24:54,004 - INFO - (29.82 -98.0 -0.001)
2025-10-02 17:24:54,014 - INFO - (29.97 -98.0 -0.001)
2025-10-02 17:24:54,025 - INFO - (30.137 -98.0 -0.002)
2025-10-02 17:24:54,034 - INFO - (30.305 -98.0 -0.002)
2025-10-02 17:24:54,044 - INFO - (30.472 -98.0 -0.001)
2025-10-02 17:24:54,054 - INFO - (30.639 -98.0 -0.002)
2025-10-02 17:24:54,064 - INFO - (30.806 -98.0 -0.002)
2025-10-02 17:24:54,074 - INFO - (30.973 -98.0 -0.001)
2025-10-02 17:24:54,084 - INFO - (31.14 -98.0 -0.001)
2025-10-02 17:24:54,094 - INFO - (31.307 -98.0 -0.001)
2025-10-02 17:24:54,105 - INFO - (31.474 -98.0 -0.001)
2025-10-02 17:24:54,115 - INFO - (31.641 -98.0 -0.001)
2025-10-02 17:24:54,125 - INFO - (31.808 -98.0 -0.001)
2025-10-02 17:24:54,135 - INFO - (31.975 -98.0 -0.001)
2025-10-02 17:24:54,145 - INFO - (32.143 -98.0 -0.001)
2025-10-02 17:24:54,154 - INFO - (32.293 -98.0 -0.0)
2025-10-02 17:24:54,164 - INFO - (32.46 -98.0 -0.0)
2025-10-02 17:24:54,175 - INFO - (32.627 -98.0 -0.0)
2025-10-02 17:24:54,184 - INFO - (32.794 -98.0 -0.0)
2025-10-02 17:24:54,194 - INFO - (32.961 -98.0 -0.0)
2025-10-02 17:24:54,204 - INFO - (33.128 -98.0 -0.0)
2025-10-02 17:24:54,214 - INFO - (33.295 -98.0 -0.0)
2025-10-02 17:24:54,224 - INFO - (33.463 -98.0 -0.08)
2025-10-02 17:24:54,234 - INFO - (33.63 -98.0 0.08)
2025-10-02 17:24:54,245 - INFO - (33.797 -98.0 -0.0)
2025-10-02 17:24:54,256 - INFO - (33.964 -98.0 -0.0)
2025-10-02 17:24:54,265 - INFO - (34.148 -98.0 -0.0)
2025-10-02 17:24:54,275 - INFO - (34.298 -98.0 -0.0)
2025-10-02 17:24:54,285 - INFO - (34.465 -98.0 -0.0)
2025-10-02 17:24:54,295 - INFO - (34.632 -98.0 -0.0)
2025-10-02 17:24:54,305 - INFO - (34.799 -98.0 -0.0)
2025-10-02 17:24:54,315 - INFO - (34.966 -98.0 -0.0)
2025-10-02 17:24:54,324 - INFO - (35.133 -98.0 -0.0)
2025-10-02 17:24:54,335 - INFO - (35.301 -98.0 -0.0)
2025-10-02 17:24:54,344 - INFO - (35.468 -98.0 -0.0)
2025-10-02 17:24:54,355 - INFO - (35.635 -98.0 -0.0)
2025-10-02 17:24:54,364 - INFO - (35.802 -98.0 -0.0)
2025-10-02 17:24:54,374 - INFO - (35.969 -98.0 -0.0)
2025-10-02 17:24:54,384 - INFO - (36.136 -98.0 -0.0)
2025-10-02 17:24:54,394 - INFO - (36.303 -98.0 -0.0)
2025-10-02 17:24:54,404 - INFO - (36.47 -98.0 -0.0)
2025-10-02 17:24:54,415 - INFO - (36.637 -98.0 -0.0)
2025-10-02 17:24:54,424 - INFO - (36.804 -98.0 -0.0)
2025-10-02 17:24:54,434 - INFO - (36.971 -98.0 -0.0)
2025-10-02 17:24:54,446 - INFO - (37.139 -98.0 -0.0)
2025-10-02 17:24:54,455 - INFO - (37.322 -98.0 -0.0)
2025-10-02 17:24:54,465 - INFO - (37.473 -98.0 -0.0)
2025-10-02 17:24:54,475 - INFO - (37.64 -98.0 -0.0)
2025-10-02 17:24:54,485 - INFO - (37.807 -98.0 -0.0)
2025-10-02 17:24:54,496 - INFO - (37.974 -98.0 -0.0)
2025-10-02 17:24:54,505 - INFO - (38.058 -98.0 -0.0)
2025-10-02 17:24:54,515 - INFO - (38.208 -98.0 -0.0)
2025-10-02 17:24:54,525 - INFO - (38.392 -98.0 -0.0)
2025-10-02 17:24:54,534 - INFO - (38.559 -98.0 -0.0)
2025-10-02 17:24:54,544 - INFO - (38.676 -98.0 -0.0)
2025-10-02 17:24:54,555 - INFO - (38.86 -98.0 -0.0)
2025-10-02 17:24:54,564 - INFO - (39.043 -98.0 -0.0)
2025-10-02 17:24:54,574 - INFO - (39.21 -98.0 -0.001)
2025-10-02 17:24:54,584 - INFO - (39.394 -98.0 -0.001)
2025-10-02 17:24:54,595 - INFO - (39.561 -98.0 -0.0)
2025-10-02 17:24:54,605 - INFO - (39.745 -98.0 -0.001)
2025-10-02 17:24:54,615 - INFO - (39.912 -98.0 -0.001)
2025-10-02 17:24:54,626 - INFO - (40.096 -98.0 -0.0)
2025-10-02 17:24:54,635 - INFO - (40.263 -98.0 -0.0)
2025-10-02 17:24:54,645 - INFO - (40.43 -98.0 0.0)
2025-10-02 17:24:54,655 - INFO - (40.597 -98.0 0.0)
2025-10-02 17:24:54,665 - INFO - (40.764 -98.0 0.0)
2025-10-02 17:24:54,675 - INFO - (40.931 -98.0 0.001)
2025-10-02 17:24:54,685 - INFO - (41.099 -98.0 0.001)
2025-10-02 17:24:54,694 - INFO - (41.282 -98.0 0.001)
2025-10-02 17:24:54,704 - INFO - (41.449 -98.0 0.001)
2025-10-02 17:24:54,714 - INFO - (41.617 -98.0 0.001)
2025-10-02 17:24:54,724 - INFO - (41.784 -98.0 0.001)
2025-10-02 17:24:54,735 - INFO - (41.967 -98.0 0.001)
2025-10-02 17:24:54,744 - INFO - (42.118 -98.0 0.001)
2025-10-02 17:24:54,754 - INFO - (42.285 -98.0 0.001)
2025-10-02 17:24:54,764 - INFO - (42.452 -98.0 0.001)
2025-10-02 17:24:54,774 - INFO - (42.619 -98.0 0.001)
2025-10-02 17:24:54,784 - INFO - (42.786 -98.0 0.0)
2025-10-02 17:24:54,794 - INFO - (42.953 -98.0 0.0)
2025-10-02 17:24:54,804 - INFO - (43.104 -98.0 0.0)
2025-10-02 17:24:54,814 - INFO - (43.287 -98.0 -0.0)
2025-10-02 17:24:54,824 - INFO - (43.455 -98.0 -0.0)
2025-10-02 17:24:54,834 - INFO - (43.622 -98.0 -0.0)
2025-10-02 17:24:54,845 - INFO - (43.789 -98.0 -0.0)
2025-10-02 17:24:54,855 - INFO - (43.956 -98.0 -0.0)
2025-10-02 17:24:54,865 - INFO - (44.123 -98.0 -0.0)
2025-10-02 17:24:54,875 - INFO - (44.29 -98.0 -0.0)
2025-10-02 17:24:54,885 - INFO - (44.457 -98.0 -0.001)
2025-10-02 17:24:54,895 - INFO - (44.624 -98.0 -0.0)
2025-10-02 17:24:54,904 - INFO - (44.791 -98.0 -0.0)
2025-10-02 17:24:54,914 - INFO - (44.958 -98.0 -0.001)
2025-10-02 17:24:54,925 - INFO - (45.125 -98.0 -0.0)
2025-10-02 17:24:54,934 - INFO - (45.292 -98.0 -0.0)
2025-10-02 17:24:54,944 - INFO - (45.46 -98.0 -0.0)
2025-10-02 17:24:54,955 - INFO - (45.627 -98.0 -0.0)
2025-10-02 17:24:54,964 - INFO - (45.81 -98.0 -0.0)
2025-10-02 17:24:54,974 - INFO - (45.978 -98.0 -0.0)
2025-10-02 17:24:54,984 - INFO - (46.145 -98.0 -0.0)
2025-10-02 17:24:54,995 - INFO - (46.312 -98.0 -0.0)
2025-10-02 17:24:55,004 - INFO - (46.479 -98.0 -0.0)
2025-10-02 17:24:55,014 - INFO - (46.646 -98.0 -0.0)
2025-10-02 17:24:55,024 - INFO - (46.813 -98.0 -0.0)
2025-10-02 17:24:55,034 - INFO - (46.98 -98.0 -0.0)
2025-10-02 17:24:55,044 - INFO - (47.147 -98.0 -0.0)
2025-10-02 17:24:55,054 - INFO - (47.314 -98.0 -0.0)
2025-10-02 17:24:55,064 - INFO - (47.481 -98.0 -0.0)
2025-10-02 17:24:55,075 - INFO - (47.648 -98.0 -0.0)
2025-10-02 17:24:55,084 - INFO - (47.816 -98.0 -0.0)
2025-10-02 17:24:55,094 - INFO - (47.983 -98.0 -0.0)
2025-10-02 17:24:55,105 - INFO - (48.15 -98.0 -0.0)
2025-10-02 17:24:55,115 - INFO - (48.317 -98.0 -0.0)
2025-10-02 17:24:55,124 - INFO - (48.484 -98.0 -0.0)
2025-10-02 17:24:55,134 - INFO - (48.651 -98.0 -0.0)
2025-10-02 17:24:55,144 - INFO - (48.818 -98.0 -0.0)
2025-10-02 17:24:55,154 - INFO - (48.985 -98.0 -0.0)
2025-10-02 17:24:55,164 - INFO - (49.152 -98.0 -0.0)
2025-10-02 17:24:55,175 - INFO - (49.319 -98.0 -0.0)
2025-10-02 17:24:55,185 - INFO - (49.486 -98.0 -0.001)
2025-10-02 17:24:55,195 - INFO - (49.637 -98.0 -0.0)
2025-10-02 17:24:55,205 - INFO - (49.821 -98.0 -0.0)
2025-10-02 17:24:55,215 - INFO - (49.988 -98.0 -0.001)
2025-10-02 17:24:55,224 - INFO - (50.155 -98.0 -0.001)
2025-10-02 17:24:55,234 - INFO - (50.322 -98.0 -0.0)
2025-10-02 17:24:55,244 - INFO - (50.489 -98.0 -0.0)
2025-10-02 17:24:55,254 - INFO - (50.639 -98.0 -0.0)
2025-10-02 17:24:55,264 - INFO - (50.806 -98.0 -0.0)
2025-10-02 17:24:55,274 - INFO - (50.973 -98.0 -0.0)
2025-10-02 17:24:55,284 - INFO - (51.141 -98.0 0.001)
2025-10-02 17:24:55,294 - INFO - (51.308 -98.0 0.001)
2025-10-02 17:24:55,304 - INFO - (51.458 -98.0 0.001)
2025-10-02 17:24:55,314 - INFO - (51.625 -98.0 0.001)
2025-10-02 17:24:55,324 - INFO - (51.792 -98.0 0.003)
2025-10-02 17:24:55,334 - INFO - (51.959 -98.0 0.002)
2025-10-02 17:24:55,344 - INFO - (52.126 -98.0 0.002)
2025-10-02 17:24:55,355 - INFO - (52.293 -98.0 0.001)
2025-10-02 17:24:55,364 - INFO - (52.461 -98.0 0.001)
2025-10-02 17:24:55,374 - INFO - (52.628 -98.0 0.001)
2025-10-02 17:24:55,385 - INFO - (52.795 -98.0 0.0)
2025-10-02 17:24:55,395 - INFO - (52.979 -98.0 0.0)
2025-10-02 17:24:55,405 - INFO - (53.129 -98.0 -0.08)
2025-10-02 17:24:55,415 - INFO - (53.296 -98.0 0.08)
2025-10-02 17:24:55,425 - INFO - (53.463 -98.0 -0.0)
2025-10-02 17:24:55,434 - INFO - (53.63 -98.0 -0.0)
2025-10-02 17:24:55,444 - INFO - (53.797 -98.0 -0.0)
2025-10-02 17:24:55,455 - INFO - (53.964 -98.0 -0.0)
2025-10-02 17:24:55,464 - INFO - (54.148 -98.0 -0.0)
2025-10-02 17:24:55,474 - INFO - (54.315 -98.0 -0.0)
2025-10-02 17:24:55,485 - INFO - (54.482 -98.0 -0.0)
2025-10-02 17:24:55,495 - INFO - (54.649 -98.0 -0.0)
2025-10-02 17:24:55,505 - INFO - (54.817 -98.0 -0.0)
2025-10-02 17:24:55,514 - INFO - (54.984 -98.0 -0.0)
2025-10-02 17:24:55,525 - INFO - (55.151 -98.0 -0.0)
2025-10-02 17:24:55,535 - INFO - (55.318 -98.0 -0.0)
2025-10-02 17:24:55,544 - INFO - (55.485 -98.0 -0.0)
2025-10-02 17:24:55,555 - INFO - (55.652 -98.0 -0.0)
2025-10-02 17:24:55,565 - INFO - (55.836 -98.0 -0.0)
2025-10-02 17:24:55,575 - INFO - (55.986 -98.0 -0.0)
2025-10-02 17:24:55,585 - INFO - (56.137 -98.0 -0.0)
2025-10-02 17:24:55,595 - INFO - (56.304 -98.0 -0.0)
2025-10-02 17:24:55,605 - INFO - (56.471 -98.0 -0.0)
2025-10-02 17:24:55,615 - INFO - (56.638 -98.0 -0.0)
2025-10-02 17:24:55,624 - INFO - (56.805 -98.0 -0.0)
2025-10-02 17:24:55,635 - INFO - (56.972 -98.0 -0.0)
2025-10-02 17:24:55,644 - INFO - (57.156 -98.0 -0.0)
2025-10-02 17:24:55,654 - INFO - (57.306 -98.0 -0.0)
2025-10-02 17:24:55,665 - INFO - (57.473 -98.0 -0.0)
2025-10-02 17:24:55,675 - INFO - (57.64 -98.0 -0.0)
2025-10-02 17:24:55,684 - INFO - (57.807 -98.0 -0.0)
2025-10-02 17:24:55,695 - INFO - (57.975 -98.0 -0.0)
2025-10-02 17:24:55,705 - INFO - (58.142 -98.0 -0.0)
2025-10-02 17:24:55,714 - INFO - (58.309 -98.0 -0.0)
2025-10-02 17:24:55,724 - INFO - (58.476 -98.0 -0.0)
2025-10-02 17:24:55,734 - INFO - (58.643 -98.0 -0.0)
2025-10-02 17:24:55,744 - INFO - (58.81 -98.0 -0.0)
2025-10-02 17:24:55,754 - INFO - (58.977 -98.0 -0.0)
2025-10-02 17:24:55,764 - INFO - (59.144 -98.0 -0.001)
2025-10-02 17:24:55,774 - INFO - (59.311 -98.0 -0.0)
2025-10-02 17:24:55,784 - INFO - (59.478 -98.0 -0.0)
2025-10-02 17:24:55,794 - INFO - (59.645 -98.0 -0.0)
2025-10-02 17:24:55,804 - INFO - (59.812 -98.0 -0.0)
2025-10-02 17:24:55,814 - INFO - (59.98 -98.0 -0.0)
2025-10-02 17:24:55,825 - INFO - (60.147 -98.0 -0.0)
2025-10-02 17:24:55,834 - INFO - (60.314 -98.0 0.001)
2025-10-02 17:24:55,844 - INFO - (60.481 -98.0 0.001)
2025-10-02 17:24:55,855 - INFO - (60.648 -98.0 0.0)
2025-10-02 17:24:55,865 - INFO - (60.815 -98.0 0.001)
2025-10-02 17:24:55,875 - INFO - (60.982 -98.0 0.001)
2025-10-02 17:24:55,885 - INFO - (61.149 -98.0 0.001)
2025-10-02 17:24:55,895 - INFO - (61.316 -98.0 0.001)
2025-10-02 17:24:55,905 - INFO - (61.467 -98.0 0.001)
2025-10-02 17:24:55,915 - INFO - (61.634 -98.0 0.001)
2025-10-02 17:24:55,924 - INFO - (61.801 -98.0 0.001)
2025-10-02 17:24:55,934 - INFO - (61.968 -98.0 0.001)
2025-10-02 17:24:55,944 - INFO - (62.135 -98.0 0.001)
2025-10-02 17:24:55,955 - INFO - (62.302 -98.0 0.0)
2025-10-02 17:24:55,965 - INFO - (62.469 -98.0 0.0)
2025-10-02 17:24:55,974 - INFO - (62.636 -98.0 0.0)
2025-10-02 17:24:55,984 - INFO - (62.82 -98.0 0.0)
2025-10-02 17:24:55,994 - INFO - (62.987 -98.0 0.0)
2025-10-02 17:24:56,004 - INFO - (63.154 -98.0 -0.0)
2025-10-02 17:24:56,014 - INFO - (63.321 -98.0 -0.0)
2025-10-02 17:24:56,024 - INFO - (63.488 -98.0 -0.0)
2025-10-02 17:24:56,034 - INFO - (63.656 -98.0 -0.0)
2025-10-02 17:24:56,044 - INFO - (63.823 -98.0 -0.0)
2025-10-02 17:24:56,054 - INFO - (63.973 -98.0 -0.0)
2025-10-02 17:24:56,064 - INFO - (64.14 -98.0 -0.0)
2025-10-02 17:24:56,074 - INFO - (64.307 -98.0 -0.0)
2025-10-02 17:24:56,084 - INFO - (64.474 -98.0 -0.0)
2025-10-02 17:24:56,094 - INFO - (64.641 -98.0 -0.0)
2025-10-02 17:24:56,105 - INFO - (64.808 -98.0 -0.0)
2025-10-02 17:24:56,115 - INFO - (64.976 -98.0 -0.0)
2025-10-02 17:24:56,125 - INFO - (65.143 -98.0 -0.0)
2025-10-02 17:24:56,135 - INFO - (65.31 -98.0 -0.0)
2025-10-02 17:24:56,145 - INFO - (65.477 -98.0 -0.0)
2025-10-02 17:24:56,155 - INFO - (65.644 -98.0 -0.0)
2025-10-02 17:24:56,164 - INFO - (65.811 -98.0 -0.0)
2025-10-02 17:24:56,175 - INFO - (65.978 -98.0 -0.0)
2025-10-02 17:24:56,184 - INFO - (66.145 -98.0 -0.0)
2025-10-02 17:24:56,194 - INFO - (66.312 -98.0 -0.0)
2025-10-02 17:24:56,204 - INFO - (66.479 -98.0 -0.0)
2025-10-02 17:24:56,215 - INFO - (66.646 -98.0 -0.0)
2025-10-02 17:24:56,226 - INFO - (66.814 -98.0 -0.0)
2025-10-02 17:24:56,235 - INFO - (66.981 -98.0 -0.0)
2025-10-02 17:24:56,245 - INFO - (67.131 -98.0 -0.0)
2025-10-02 17:24:56,255 - INFO - (67.315 -98.0 -0.0)
2025-10-02 17:24:56,264 - INFO - (67.465 -98.0 -0.0)
2025-10-02 17:24:56,275 - INFO - (67.649 -98.0 -0.0)
2025-10-02 17:24:56,285 - INFO - (67.816 -98.0 -0.0)
2025-10-02 17:24:56,295 - INFO - (67.966 -98.0 -0.0)
2025-10-02 17:24:56,305 - INFO - (68.134 -98.0 -0.0)
2025-10-02 17:24:56,315 - INFO - (68.301 -98.0 -0.0)
2025-10-02 17:24:56,325 - INFO - (68.468 -98.0 -0.0)
2025-10-02 17:24:56,334 - INFO - (68.635 -98.0 -0.0)
2025-10-02 17:24:56,344 - INFO - (68.819 -98.0 -0.0)
2025-10-02 17:24:56,354 - INFO - (68.969 -98.0 -0.0)
2025-10-02 17:24:56,364 - INFO - (69.136 -98.0 -0.0)
2025-10-02 17:24:56,374 - INFO - (69.303 -98.0 -0.0)
2025-10-02 17:24:56,384 - INFO - (69.47 -98.0 -0.0)
2025-10-02 17:24:56,394 - INFO - (69.637 -98.0 -0.0)
2025-10-02 17:24:56,404 - INFO - (69.804 -98.0 -0.0)
2025-10-02 17:24:56,414 - INFO - (69.971 -98.0 -0.001)
2025-10-02 17:24:56,424 - INFO - (70.139 -98.0 -0.0)
2025-10-02 17:24:56,434 - INFO - (70.306 -98.0 -0.0)
2025-10-02 17:24:56,444 - INFO - (70.473 -98.0 -0.0)
2025-10-02 17:24:56,454 - INFO - (70.64 -98.0 0.0)
2025-10-02 17:24:56,464 - INFO - (70.807 -98.0 0.0)
2025-10-02 17:24:56,474 - INFO - (70.991 -98.0 0.001)
2025-10-02 17:24:56,485 - INFO - (71.141 -98.0 0.001)
2025-10-02 17:24:56,495 - INFO - (71.325 -98.0 0.001)
2025-10-02 17:24:56,504 - INFO - (71.492 -98.0 0.001)
2025-10-02 17:24:56,514 - INFO - (71.659 -98.0 0.002)
2025-10-02 17:24:56,524 - INFO - (71.826 -98.0 0.001)
2025-10-02 17:24:56,534 - INFO - (71.993 -98.0 0.001)
2025-10-02 17:24:56,544 - INFO - (72.16 -98.0 0.001)
2025-10-02 17:24:56,554 - INFO - (72.327 -98.0 0.001)
2025-10-02 17:24:56,564 - INFO - (72.495 -98.0 0.001)
2025-10-02 17:24:56,574 - INFO - (72.662 -98.0 0.001)
2025-10-02 17:24:56,584 - INFO - (72.812 -98.0 0.001)
2025-10-02 17:24:56,595 - INFO - (72.979 -98.0 0.0)
2025-10-02 17:24:56,604 - INFO - (73.163 -98.0 0.0)
2025-10-02 17:24:56,614 - INFO - (73.313 -98.0 0.0)
2025-10-02 17:24:56,625 - INFO - (73.48 -98.0 0.0)
2025-10-02 17:24:56,634 - INFO - (73.664 -98.0 0.0)
2025-10-02 17:24:56,644 - INFO - (73.815 -98.0 -0.0)
2025-10-02 17:24:56,655 - INFO - (73.982 -98.0 -0.0)
2025-10-02 17:24:56,664 - INFO - (74.149 -98.0 -0.0)
2025-10-02 17:24:56,675 - INFO - (74.316 -98.0 -0.0)
2025-10-02 17:24:56,685 - INFO - (74.483 -98.0 -0.001)
2025-10-02 17:24:56,696 - INFO - (74.65 -98.0 -0.001)
2025-10-02 17:24:56,705 - INFO - (74.817 -98.0 -0.0)
2025-10-02 17:24:56,715 - INFO - (74.984 -98.0 -0.001)
2025-10-02 17:24:56,725 - INFO - (75.151 -98.0 -0.001)
2025-10-02 17:24:56,734 - INFO - (75.318 -98.0 -0.0)
2025-10-02 17:24:56,744 - INFO - (75.485 -98.0 -0.0)
2025-10-02 17:24:56,754 - INFO - (75.653 -98.0 -0.0)
2025-10-02 17:24:56,764 - INFO - (75.82 -98.0 -0.0)
2025-10-02 17:24:56,774 - INFO - (75.97 -98.0 -0.0)
2025-10-02 17:24:56,784 - INFO - (76.137 -98.0 -0.0)
2025-10-02 17:24:56,794 - INFO - (76.304 -98.0 -0.0)
2025-10-02 17:24:56,804 - INFO - (76.471 -98.0 -0.0)
2025-10-02 17:24:56,814 - INFO - (76.638 -98.0 -0.0)
2025-10-02 17:24:56,824 - INFO - (76.805 -98.0 -0.0)
2025-10-02 17:24:56,834 - INFO - (76.973 -98.0 -0.0)
2025-10-02 17:24:56,844 - INFO - (77.14 -98.0 -0.0)
2025-10-02 17:24:56,854 - INFO - (77.307 -98.0 -0.0)
2025-10-02 17:24:56,864 - INFO - (77.474 -98.0 -0.0)
2025-10-02 17:24:56,874 - INFO - (77.641 -98.0 -0.0)
2025-10-02 17:24:56,884 - INFO - (77.808 -98.0 -0.0)
2025-10-02 17:24:56,894 - INFO - (77.975 -98.0 -0.0)
2025-10-02 17:24:56,905 - INFO - (78.142 -98.0 -0.0)
2025-10-02 17:24:56,914 - INFO - (78.309 -98.0 -0.0)
2025-10-02 17:24:56,925 - INFO - (78.476 -98.0 -0.0)
2025-10-02 17:24:56,934 - INFO - (78.643 -98.0 -0.0)
2025-10-02 17:24:56,944 - INFO - (78.81 -98.0 -0.0)
2025-10-02 17:24:56,954 - INFO - (78.978 -98.0 -0.001)
2025-10-02 17:24:56,964 - INFO - (79.145 -98.0 -0.001)
2025-10-02 17:24:56,975 - INFO - (79.328 -98.0 -0.0)
2025-10-02 17:24:56,985 - INFO - (79.496 -98.0 -0.0)
2025-10-02 17:24:56,994 - INFO - (79.663 -98.0 -0.0)
2025-10-02 17:24:57,004 - INFO - (79.83 -98.0 -0.0)
2025-10-02 17:24:57,014 - INFO - (79.997 -98.0 -0.0)
2025-10-02 17:24:57,025 - INFO - (80.164 -98.0 0.001)
2025-10-02 17:24:57,034 - INFO - (80.331 -98.0 0.001)
2025-10-02 17:24:57,044 - INFO - (80.498 -98.0 0.001)
2025-10-02 17:24:57,054 - INFO - (80.665 -98.0 0.001)
2025-10-02 17:24:57,064 - INFO - (80.832 -98.0 0.001)
2025-10-02 17:24:57,074 - INFO - (80.983 -98.0 0.001)
2025-10-02 17:24:57,084 - INFO - (81.166 -98.0 0.001)
2025-10-02 17:24:57,095 - INFO - (81.317 -98.0 0.001)
2025-10-02 17:24:57,105 - INFO - (81.484 -98.0 0.001)
2025-10-02 17:24:57,115 - INFO - (81.651 -98.0 0.001)
2025-10-02 17:24:57,125 - INFO - (81.818 -98.0 0.0)
2025-10-02 17:24:57,135 - INFO - (81.985 -98.0 0.0)
2025-10-02 17:24:57,144 - INFO - (82.136 -98.0 0.0)
2025-10-02 17:24:57,155 - INFO - (82.303 -98.0 0.0)
2025-10-02 17:24:57,165 - INFO - (82.47 -98.0 0.0)
2025-10-02 17:24:57,175 - INFO - (82.637 -98.0 0.0)
2025-10-02 17:24:57,185 - INFO - (82.804 -98.0 0.0)
2025-10-02 17:24:57,195 - INFO - (82.971 -98.0 -0.0)
2025-10-02 17:24:57,204 - INFO - (83.138 -98.0 -0.0)
2025-10-02 17:24:57,215 - INFO - (83.305 -98.0 -0.0)
2025-10-02 17:24:57,225 - INFO - (83.472 -98.0 -0.0)
2025-10-02 17:24:57,235 - INFO - (83.639 -98.0 -0.0)
2025-10-02 17:24:57,244 - INFO - (83.806 -98.0 -0.0)
2025-10-02 17:24:57,255 - INFO - (83.974 -98.0 -0.0)
2025-10-02 17:24:57,265 - INFO - (84.157 -98.0 -0.0)
2025-10-02 17:24:57,275 - INFO - (84.308 -98.0 -0.0)
2025-10-02 17:24:57,285 - INFO - (84.475 -98.0 -0.0)
2025-10-02 17:24:57,295 - INFO - (84.642 -98.0 -0.0)
2025-10-02 17:24:57,304 - INFO - (84.809 -98.0 -0.0)
2025-10-02 17:24:57,314 - INFO - (84.976 -98.0 -0.0)
2025-10-02 17:24:57,325 - INFO - (85.143 -98.0 -0.0)
2025-10-02 17:24:57,334 - INFO - (85.31 -98.0 -0.0)
2025-10-02 17:24:57,344 - INFO - (85.494 -98.0 -0.0)
2025-10-02 17:24:57,354 - INFO - (85.644 -98.0 -0.0)
2025-10-02 17:24:57,364 - INFO - (85.812 -98.0 -0.0)
2025-10-02 17:24:57,374 - INFO - (85.995 -98.0 -0.0)
2025-10-02 17:24:57,384 - INFO - (86.146 -98.0 -0.0)
2025-10-02 17:24:57,394 - INFO - (86.313 -98.0 -0.0)
2025-10-02 17:24:57,405 - INFO - (86.48 -98.0 -0.0)
2025-10-02 17:24:57,415 - INFO - (86.664 -98.0 -0.0)
2025-10-02 17:24:57,425 - INFO - (86.814 -98.0 -0.0)
2025-10-02 17:24:57,435 - INFO - (86.998 -98.0 -0.0)
2025-10-02 17:24:57,444 - INFO - (87.165 -98.0 -0.0)
2025-10-02 17:24:57,455 - INFO - (87.332 -98.0 -0.0)
2025-10-02 17:24:57,464 - INFO - (87.499 -98.0 -0.0)
2025-10-02 17:24:57,475 - INFO - (87.666 -98.0 -0.0)
2025-10-02 17:24:57,485 - INFO - (87.833 -98.0 -0.0)
2025-10-02 17:24:57,495 - INFO - (88.0 -98.0 -0.0)
2025-10-02 17:24:57,504 - INFO - (88.167 -98.0 -0.0)
2025-10-02 17:24:57,514 - INFO - (88.335 -98.0 -0.0)
2025-10-02 17:24:57,525 - INFO - (88.502 -98.0 -0.0)
2025-10-02 17:24:57,534 - INFO - (88.669 -98.0 -0.0)
2025-10-02 17:24:57,545 - INFO - (88.836 -98.0 -0.0)
2025-10-02 17:24:57,555 - INFO - (89.003 -98.0 -0.0)
2025-10-02 17:24:57,565 - INFO - (89.17 -98.0 -0.0)
2025-10-02 17:24:57,575 - INFO - (89.337 -98.0 -0.0)
2025-10-02 17:24:57,585 - INFO - (89.504 -98.0 -0.0)
2025-10-02 17:24:57,595 - INFO - (89.671 -98.0 -0.0)
2025-10-02 17:24:57,604 - INFO - (89.838 -98.0 0.001)
2025-10-02 17:24:57,615 - INFO - (90.005 -98.0 0.0)
2025-10-02 17:24:57,624 - INFO - (90.156 -98.0 0.0)
2025-10-02 17:24:57,634 - INFO - (90.323 -98.0 0.001)
2025-10-02 17:24:57,644 - INFO - (90.49 -98.0 0.001)
2025-10-02 17:24:57,654 - INFO - (90.657 -98.0 0.001)
2025-10-02 17:24:57,664 - INFO - (90.824 -98.0 0.001)
2025-10-02 17:24:57,674 - INFO - (90.991 -98.0 0.001)
2025-10-02 17:24:57,685 - INFO - (91.158 -98.0 0.001)
2025-10-02 17:24:57,695 - INFO - (91.325 -98.0 0.001)
2025-10-02 17:24:57,705 - INFO - (91.493 -98.0 0.001)
2025-10-02 17:24:57,715 - INFO - (91.66 -98.0 0.001)
2025-10-02 17:24:57,725 - INFO - (91.827 -98.0 0.0)
2025-10-02 17:24:57,735 - INFO - (91.994 -98.0 0.0)
2025-10-02 17:24:57,744 - INFO - (92.161 -98.0 0.0)
2025-10-02 17:24:57,754 - INFO - (92.328 -98.0 0.0)
2025-10-02 17:24:57,764 - INFO - (92.495 -98.0 0.0)
2025-10-02 17:24:57,775 - INFO - (92.662 -98.0 -0.0)
2025-10-02 17:24:57,784 - INFO - (92.829 -98.0 -0.0)
2025-10-02 17:24:57,795 - INFO - (92.98 -98.0 -0.0)
2025-10-02 17:24:57,805 - INFO - (93.163 -98.0 -0.0)
2025-10-02 17:24:57,815 - INFO - (93.33 -98.0 -0.0)
2025-10-02 17:24:57,825 - INFO - (93.498 -98.0 -0.0)
2025-10-02 17:24:57,835 - INFO - (93.648 -98.0 -0.0)
2025-10-02 17:24:57,845 - INFO - (93.815 -98.0 -0.0)
2025-10-02 17:24:57,855 - INFO - (93.982 -98.0 -0.0)
2025-10-02 17:24:57,864 - INFO - (94.149 -98.0 -0.0)
2025-10-02 17:24:57,874 - INFO - (94.316 -98.0 -0.0)
2025-10-02 17:24:57,884 - INFO - (94.467 -98.0 -0.0)
2025-10-02 17:24:57,894 - INFO - (94.634 -98.0 -0.0)
2025-10-02 17:24:57,904 - INFO - (94.801 -98.0 -0.0)
2025-10-02 17:24:57,914 - INFO - (94.968 -98.0 -0.0)
2025-10-02 17:24:57,924 - INFO - (95.135 -98.0 -0.0)
2025-10-02 17:24:57,934 - INFO - (95.302 -98.0 -0.0)
2025-10-02 17:24:57,944 - INFO - (95.469 -98.0 -0.0)
2025-10-02 17:24:57,954 - INFO - (95.636 -98.0 -0.0)
2025-10-02 17:24:57,964 - INFO - (95.803 -98.0 -0.0)
2025-10-02 17:24:57,974 - INFO - (95.971 -98.0 -0.0)
2025-10-02 17:24:57,984 - INFO - (96.138 -98.0 -0.0)
2025-10-02 17:24:57,995 - INFO - (96.321 -98.0 -0.0)
2025-10-02 17:24:58,004 - INFO - (96.472 -98.0 -0.0)
2025-10-02 17:24:58,014 - INFO - (96.639 -98.0 -0.0)
2025-10-02 17:24:58,024 - INFO - (96.823 -98.0 -0.0)
2025-10-02 17:24:58,034 - INFO - (96.99 -98.0 -0.0)
2025-10-02 17:24:58,044 - INFO - (97.157 -98.0 -0.0)
2025-10-02 17:24:58,055 - INFO - (97.307 -98.0 -0.0)
2025-10-02 17:24:58,064 - INFO - (97.491 -98.0 -0.0)
2025-10-02 17:24:58,075 - INFO - (97.658 -98.0 -0.0)
2025-10-02 17:24:58,085 - INFO - (97.825 -98.0 -0.0)
2025-10-02 17:24:58,095 - INFO - (97.992 -98.0 -0.0)
2025-10-02 17:24:58,108 - INFO - (98.159 -98.0 -0.0)
2025-10-02 17:24:58,115 - INFO - (98.326 -98.0 -0.0)
2025-10-02 17:24:58,125 - INFO - (98.477 -98.0 -0.0)
2025-10-02 17:24:58,135 - INFO - (98.644 -98.0 -0.0)
2025-10-02 17:24:58,144 - INFO - (98.828 -98.0 -0.0)
2025-10-02 17:24:58,155 - INFO - (98.995 -98.0 -0.0)
2025-10-02 17:24:58,164 - INFO - (99.162 -98.0 -0.0)
2025-10-02 17:24:58,174 - INFO - (99.329 -98.0 -0.0)
2025-10-02 17:24:58,184 - INFO - (99.479 -98.0 -0.0)
2025-10-02 17:24:58,194 - INFO - (99.646 -98.0 -0.0)
2025-10-02 17:24:58,204 - INFO - (99.814 -98.0 -0.0)
2025-10-02 17:24:58,214 - INFO - (99.981 -98.0 -0.0)
2025-10-02 17:24:58,224 - INFO - (100.148 -98.0 -0.001)
2025-10-02 17:24:58,235 - INFO - (100.315 -98.0 -0.0)
2025-10-02 17:24:58,244 - INFO - (100.482 -98.0 -0.0)
2025-10-02 17:24:58,254 - INFO - (100.649 -98.0 -0.0)
2025-10-02 17:24:58,264 - INFO - (100.816 -98.0 -0.0)
2025-10-02 17:24:58,274 - INFO - (100.983 -98.0 -0.0)
2025-10-02 17:24:58,284 - INFO - (101.15 -98.0 0.001)
2025-10-02 17:24:58,294 - INFO - (101.301 -98.0 0.001)
2025-10-02 17:24:58,304 - INFO - (101.468 -98.0 0.001)
2025-10-02 17:24:58,314 - INFO - (101.635 -98.0 0.001)
2025-10-02 17:24:58,324 - INFO - (101.802 -98.0 0.002)
2025-10-02 17:24:58,334 - INFO - (101.986 -98.0 0.001)
2025-10-02 17:24:58,344 - INFO - (102.153 -98.0 0.001)
2025-10-02 17:24:58,354 - INFO - (102.303 -98.0 0.002)
2025-10-02 17:24:58,364 - INFO - (102.47 -98.0 0.001)
2025-10-02 17:24:58,374 - INFO - (102.637 -98.0 0.001)
2025-10-02 17:24:58,384 - INFO - (102.804 -98.0 0.001)
2025-10-02 17:24:58,394 - INFO - (102.972 -98.0 0.001)
2025-10-02 17:24:58,404 - INFO - (103.139 -98.0 0.001)
2025-10-02 17:24:58,414 - INFO - (103.306 -98.0 0.0)
2025-10-02 17:24:58,424 - INFO - (103.473 -98.0 -0.0)
2025-10-02 17:24:58,434 - INFO - (103.64 -98.0 -0.0)
2025-10-02 17:24:58,444 - INFO - (103.824 -98.0 -0.0)
2025-10-02 17:24:58,454 - INFO - (103.991 -98.0 -0.001)
2025-10-02 17:24:58,464 - INFO - (104.159 -98.0 17.769)
2025-10-02 17:24:58,474 - INFO - (104.311 -98.0 -3.433)
2025-10-02 17:24:58,485 - INFO - (104.479 -98.0 -3.739)
2025-10-02 17:24:58,495 - INFO - (104.664 -98.0 -3.881)
2025-10-02 17:24:58,505 - INFO - (104.831 -98.0 -3.083)
2025-10-02 17:24:58,515 - INFO - (104.999 -98.0 -2.715)
2025-10-02 17:24:58,525 - INFO - (105.166 -98.0 -2.448)
2025-10-02 17:24:58,535 - INFO - (105.333 -98.0 -2.144)
2025-10-02 17:24:58,544 - INFO - (105.499 -98.0 -1.873)
2025-10-02 17:24:58,555 - INFO - (105.666 -98.0 -1.642)
2025-10-02 17:24:58,565 - INFO - (105.831 -98.0 -41.429)
2025-10-02 17:24:58,574 - INFO - (105.993 -98.0 -0.005)
2025-10-02 17:24:58,585 - INFO - (106.139 -98.0 -0.004)
2025-10-02 17:24:58,595 - INFO - (106.302 -98.0 -0.003)
2025-10-02 17:24:58,605 - INFO - (106.464 -98.0 -0.002)
2025-10-02 17:24:58,615 - INFO - (106.626 -98.0 -0.001)
2025-10-02 17:24:58,624 - INFO - (106.788 -98.0 -0.0)
2025-10-02 17:24:58,634 - INFO - (106.951 -98.0 0.001)
2025-10-02 17:24:58,644 - INFO - (107.129 -98.0 0.002)
2025-10-02 17:24:58,654 - INFO - (107.291 -98.0 0.003)
2025-10-02 17:24:58,664 - INFO - (107.454 -98.0 0.004)
2025-10-02 17:24:58,674 - INFO - (107.6 -98.0 0.004)
2025-10-02 17:24:58,684 - INFO - (107.778 -98.0 0.006)
2025-10-02 17:24:58,694 - INFO - (107.924 -98.0 0.006)
2025-10-02 17:24:58,705 - INFO - (108.087 -98.0 23.346)
2025-10-02 17:24:58,714 - INFO - (108.269 -98.0 12.967)
2025-10-02 17:24:58,724 - INFO - (108.435 -98.0 4.587)
2025-10-02 17:24:58,734 - INFO - (108.602 -98.0 4.22)
2025-10-02 17:24:58,745 - INFO - (108.769 -98.0 3.611)
2025-10-02 17:24:58,755 - INFO - (108.936 -98.0 3.009)
2025-10-02 17:24:58,765 - INFO - (109.087 -98.0 2.193)
2025-10-02 17:24:58,775 - INFO - (109.254 -98.0 2.026)
2025-10-02 17:24:58,784 - INFO - (109.422 -98.0 1.649)
2025-10-02 17:24:58,795 - INFO - (109.574 -98.0 1.135)
2025-10-02 17:24:58,804 - INFO - (109.759 -98.0 1.05)
2025-10-02 17:24:58,814 - INFO - (109.927 -98.0 0.715)
2025-10-02 17:24:58,825 - INFO - (110.095 -98.0 0.498)
2025-10-02 17:24:58,835 - INFO - (110.263 -98.0 -9.231)
2025-10-02 17:24:58,845 - INFO - (110.429 -98.0 -16.51)
2025-10-02 17:24:58,854 - INFO - (110.595 -98.0 2.776)
2025-10-02 17:24:58,864 - INFO - (110.761 -98.0 2.333)
2025-10-02 17:24:58,875 - INFO - (110.928 -98.0 1.47)
2025-10-02 17:24:58,885 - INFO - (111.111 -98.0 1.12)
2025-10-02 17:24:58,895 - INFO - (111.261 -98.0 0.618)
2025-10-02 17:24:58,905 - INFO - (111.428 -98.0 0.436)
2025-10-02 17:24:58,915 - INFO - (111.594 -98.0 0.231)
2025-10-02 17:24:58,925 - INFO - (111.761 -98.0 0.084)
2025-10-02 17:24:58,934 - INFO - (111.928 -98.0 0.161)
2025-10-02 17:24:58,944 - INFO - (112.094 -98.0 -0.358)
2025-10-02 17:24:58,954 - INFO - (112.261 -98.0 -0.011)
2025-10-02 17:24:58,964 - INFO - (112.428 -98.0 0.109)
2025-10-02 17:24:58,974 - INFO - (112.594 -98.0 0.12)
2025-10-02 17:24:58,985 - INFO - (112.761 -98.0 0.094)
2025-10-02 17:24:58,996 - INFO - (112.928 -98.0 0.11)
2025-10-02 17:24:59,005 - INFO - (113.094 -98.0 0.155)
2025-10-02 17:24:59,015 - INFO - (113.261 -98.0 0.122)
2025-10-02 17:24:59,025 - INFO - (113.428 -98.0 0.095)
2025-10-02 17:24:59,034 - INFO - (113.594 -98.0 0.162)
2025-10-02 17:24:59,044 - INFO - (113.761 -98.0 0.134)
2025-10-02 17:24:59,054 - INFO - (113.928 -98.0 0.105)
2025-10-02 17:24:59,064 - INFO - (114.095 -98.0 0.15)
2025-10-02 17:24:59,074 - INFO - (114.261 -98.0 0.174)
2025-10-02 17:24:59,084 - INFO - (114.428 -98.0 0.137)
2025-10-02 17:24:59,094 - INFO - (114.595 -98.0 0.118)
2025-10-02 17:24:59,104 - INFO - (114.762 -98.0 0.178)
2025-10-02 17:24:59,114 - INFO - (114.929 -98.0 0.139)
2025-10-02 17:24:59,124 - INFO - (115.079 -98.0 0.099)
2025-10-02 17:24:59,134 - INFO - (115.262 -98.0 0.166)
2025-10-02 17:24:59,144 - INFO - (115.429 -98.0 0.148)
2025-10-02 17:24:59,154 - INFO - (115.58 -98.0 0.106)
2025-10-02 17:24:59,164 - INFO - (115.746 -98.0 0.131)
2025-10-02 17:24:59,174 - INFO - (115.913 -98.0 0.232)
2025-10-02 17:24:59,184 - INFO - (116.064 -98.0 0.099)
2025-10-02 17:24:59,195 - INFO - (116.231 -98.0 0.143)
2025-10-02 17:24:59,204 - INFO - (116.414 -98.0 0.19)
2025-10-02 17:24:59,215 - INFO - (116.581 -98.0 0.085)
2025-10-02 17:24:59,225 - INFO - (116.748 -98.0 0.066)
2025-10-02 17:24:59,234 - INFO - (116.915 -98.0 0.013)
2025-10-02 17:24:59,244 - INFO - (117.082 -98.0 -0.038)
2025-10-02 17:24:59,254 - INFO - (117.249 -98.0 -0.03)
2025-10-02 17:24:59,264 - INFO - (117.416 -98.0 -0.023)
2025-10-02 17:24:59,274 - INFO - (117.583 -98.0 -0.089)
2025-10-02 17:24:59,284 - INFO - (117.75 -98.0 -0.069)
2025-10-02 17:24:59,294 - INFO - (117.917 -98.0 -0.054)
2025-10-02 17:24:59,305 - INFO - (118.084 -98.0 -0.071)
2025-10-02 17:24:59,314 - INFO - (118.251 -98.0 -0.071)
2025-10-02 17:24:59,325 - INFO - (118.418 -98.0 -0.056)
2025-10-02 17:24:59,334 - INFO - (118.585 -98.0 -0.053)
2025-10-02 17:24:59,344 - INFO - (118.752 -98.0 -0.071)
2025-10-02 17:24:59,354 - INFO - (118.919 -98.0 -0.055)
2025-10-02 17:24:59,364 - INFO - (119.086 -98.0 -0.043)
2025-10-02 17:24:59,374 - INFO - (119.253 -98.0 -0.072)
2025-10-02 17:24:59,384 - INFO - (119.42 -98.0 -0.064)
2025-10-02 17:24:59,394 - INFO - (119.587 -98.0 -0.05)
2025-10-02 17:24:59,404 - INFO - (119.753 -98.0 -0.052)
2025-10-02 17:24:59,415 - INFO - (119.92 -98.0 -0.058)
2025-10-02 17:24:59,425 - INFO - (120.104 -98.0 -0.049)
2025-10-02 17:24:59,435 - INFO - (120.254 -98.0 -0.031)
2025-10-02 17:24:59,445 - INFO - (120.421 -98.0 -0.009)
2025-10-02 17:24:59,454 - INFO - (120.588 -98.0 -0.007)
2025-10-02 17:24:59,464 - INFO - (120.755 -98.0 -0.006)
2025-10-02 17:24:59,474 - INFO - (120.922 -98.0 0.033)
2025-10-02 17:24:59,484 - INFO - (121.089 -98.0 0.046)
2025-10-02 17:24:59,494 - INFO - (121.255 -98.0 0.036)
2025-10-02 17:24:59,504 - INFO - (121.422 -98.0 0.042)
2025-10-02 17:24:59,514 - INFO - (121.589 -98.0 0.081)
2025-10-02 17:24:59,524 - INFO - (121.756 -98.0 0.063)
2025-10-02 17:24:59,535 - INFO - (121.923 -98.0 0.05)
2025-10-02 17:24:59,544 - INFO - (122.09 -98.0 0.082)
2025-10-02 17:24:59,554 - INFO - (122.257 -98.0 0.073)
2025-10-02 17:24:59,564 - INFO - (122.424 -98.0 0.057)
2025-10-02 17:24:59,574 - INFO - (122.591 -98.0 0.075)
2025-10-02 17:24:59,584 - INFO - (122.758 -98.0 0.096)
2025-10-02 17:24:59,595 - INFO - (122.925 -98.0 1.688)
2025-10-02 17:24:59,604 - INFO - (123.092 -98.0 -0.448)
2025-10-02 17:24:59,614 - INFO - (123.259 -98.0 -0.382)
2025-10-02 17:24:59,624 - INFO - (123.426 -98.0 0.133)
2025-10-02 17:24:59,634 - INFO - (123.593 -98.0 -0.14)
2025-10-02 17:24:59,644 - INFO - (123.76 -98.0 0.068)
2025-10-02 17:24:59,654 - INFO - (123.927 -98.0 1.048)
2025-10-02 17:24:59,665 - INFO - (124.094 -98.0 -0.333)
2025-10-02 17:24:59,674 - INFO - (124.262 -98.0 -0.442)
2025-10-02 17:24:59,684 - INFO - (124.429 -98.0 -1.132)
2025-10-02 17:24:59,695 - INFO - (124.595 -98.0 -2.262)
2025-10-02 17:24:59,704 - INFO - (124.762 -98.0 0.319)
2025-10-02 17:24:59,715 - INFO - (124.929 -98.0 1.181)
2025-10-02 17:24:59,724 - INFO - (125.096 -98.0 1.05)
2025-10-02 17:24:59,734 - INFO - (125.246 -98.0 0.73)
2025-10-02 17:24:59,744 - INFO - (125.43 -98.0 -0.177)
2025-10-02 17:24:59,754 - INFO - (125.58 -98.0 -1.218)
2025-10-02 17:24:59,764 - INFO - (125.747 -98.0 -0.679)
2025-10-02 17:24:59,774 - INFO - (125.914 -98.0 -0.417)
2025-10-02 17:24:59,784 - INFO - (126.081 -98.0 -0.38)
2025-10-02 17:24:59,795 - INFO - (126.248 -98.0 -0.298)
2025-10-02 17:24:59,805 - INFO - (126.414 -98.0 -0.234)
2025-10-02 17:24:59,814 - INFO - (126.581 -98.0 0.051)
2025-10-02 17:24:59,825 - INFO - (126.748 -98.0 0.235)
2025-10-02 17:24:59,834 - INFO - (126.915 -98.0 0.185)
2025-10-02 17:24:59,844 - INFO - (127.081 -98.0 0.169)
2025-10-02 17:24:59,854 - INFO - (127.248 -98.0 0.314)
2025-10-02 17:24:59,865 - INFO - (127.415 -98.0 0.244)
2025-10-02 17:24:59,875 - INFO - (127.582 -98.0 0.192)
2025-10-02 17:24:59,885 - INFO - (127.749 -98.0 -0.025)
2025-10-02 17:24:59,895 - INFO - (127.916 -98.0 -0.08)
2025-10-02 17:24:59,906 - INFO - (128.066 -98.0 -0.058)
2025-10-02 17:24:59,915 - INFO - (128.249 -98.0 -0.064)
2025-10-02 17:24:59,924 - INFO - (128.416 -98.0 -0.062)
2025-10-02 17:24:59,934 - INFO - (128.583 -98.0 -0.049)
2025-10-02 17:24:59,944 - INFO - (128.75 -98.0 -0.038)
2025-10-02 17:24:59,954 - INFO - (128.9 -98.0 -0.229)
2025-10-02 17:24:59,964 - INFO - (129.067 -98.0 -0.222)
2025-10-02 17:24:59,974 - INFO - (129.25 -98.0 -0.19)
2025-10-02 17:24:59,984 - INFO - (129.4 -98.0 -0.131)
2025-10-02 17:24:59,995 - INFO - (129.567 -98.0 -0.127)
2025-10-02 17:25:00,005 - INFO - (129.734 -98.0 -0.099)
2025-10-02 17:25:00,016 - INFO - (129.901 -98.0 -0.078)
2025-10-02 17:25:00,025 - INFO - (130.051 -98.0 0.081)
2025-10-02 17:25:00,035 - INFO - (130.184 -98.0 0.056)
2025-10-02 17:25:00,049 - INFO - (130.351 -98.0 0.057)
2025-10-02 17:25:00,055 - INFO - (130.584 -98.0 0.145)
2025-10-02 17:25:00,065 - INFO - (130.668 -98.0 0.068)
2025-10-02 17:25:00,075 - INFO - (130.834 -98.0 0.114)
2025-10-02 17:25:00,085 - INFO - (131.018 -98.0 0.097)
2025-10-02 17:25:00,094 - INFO - (131.185 -98.0 0.178)
2025-10-02 17:25:00,104 - INFO - (131.368 -98.0 0.161)
2025-10-02 17:25:00,114 - INFO - (131.535 -98.0 0.114)
2025-10-02 17:25:00,124 - INFO - (131.702 -98.0 0.144)
2025-10-02 17:25:00,134 - INFO - (131.852 -98.0 0.13)
2025-10-02 17:25:00,144 - INFO - (132.035 -98.0 0.125)
2025-10-02 17:25:00,155 - INFO - (132.186 -98.0 0.089)
2025-10-02 17:25:00,164 - INFO - (132.352 -98.0 0.142)
2025-10-02 17:25:00,174 - INFO - (132.519 -98.0 0.111)
2025-10-02 17:25:00,184 - INFO - (132.686 -98.0 0.087)
2025-10-02 17:25:00,194 - INFO - (132.87 -98.0 0.113)
2025-10-02 17:25:00,204 - INFO - (133.037 -98.0 0.09)
2025-10-02 17:25:00,215 - INFO - (133.204 -98.0 0.071)
2025-10-02 17:25:00,225 - INFO - (133.387 -98.0 0.084)
2025-10-02 17:25:00,235 - INFO - (133.554 -98.0 0.08)
2025-10-02 17:25:00,245 - INFO - (133.721 -98.0 0.877)
2025-10-02 17:25:00,255 - INFO - (133.888 -98.0 0.724)
2025-10-02 17:25:00,264 - INFO - (134.055 -98.0 -0.484)
2025-10-02 17:25:00,274 - INFO - (134.223 -98.0 -0.184)
2025-10-02 17:25:00,284 - INFO - (134.39 -98.0 -0.128)
2025-10-02 17:25:00,294 - INFO - (134.557 -98.0 -0.388)
2025-10-02 17:25:00,304 - INFO - (134.724 -98.0 0.191)
2025-10-02 17:25:00,315 - INFO - (134.891 -98.0 -0.351)
2025-10-02 17:25:00,324 - INFO - (135.057 -98.0 -0.7)
2025-10-02 17:25:00,335 - INFO - (135.224 -98.0 -0.332)
2025-10-02 17:25:00,344 - INFO - (135.408 -98.0 -0.27)
2025-10-02 17:25:00,354 - INFO - (135.558 -98.0 -1.711)
2025-10-02 17:25:00,365 - INFO - (135.741 -98.0 1.391)
2025-10-02 17:25:00,374 - INFO - (135.908 -98.0 1.456)
2025-10-02 17:25:00,384 - INFO - (136.075 -98.0 1.378)
2025-10-02 17:25:00,395 - INFO - (136.226 -98.0 0.279)
2025-10-02 17:25:00,404 - INFO - (136.393 -98.0 -0.343)
2025-10-02 17:25:00,415 - INFO - (136.577 -98.0 -1.578)
2025-10-02 17:25:00,425 - INFO - (136.744 -98.0 -0.344)
2025-10-02 17:25:00,435 - INFO - (136.91 -98.0 -0.13)
2025-10-02 17:25:00,445 - INFO - (137.061 -98.0 -0.092)
2025-10-02 17:25:00,454 - INFO - (137.228 -98.0 -0.079)
2025-10-02 17:25:00,465 - INFO - (137.394 -98.0 -0.252)
2025-10-02 17:25:00,474 - INFO - (137.561 -98.0 -0.264)
2025-10-02 17:25:00,484 - INFO - (137.728 -98.0 -0.208)
2025-10-02 17:25:00,494 - INFO - (137.895 -98.0 -0.036)
2025-10-02 17:25:00,505 - INFO - (138.062 -98.0 0.221)
2025-10-02 17:25:00,515 - INFO - (138.228 -98.0 0.173)
2025-10-02 17:25:00,525 - INFO - (138.395 -98.0 0.136)
2025-10-02 17:25:00,534 - INFO - (138.562 -98.0 0.257)
2025-10-02 17:25:00,544 - INFO - (138.729 -98.0 0.214)
2025-10-02 17:25:00,554 - INFO - (138.896 -98.0 0.168)
2025-10-02 17:25:00,564 - INFO - (139.063 -98.0 0.1)
2025-10-02 17:25:00,574 - INFO - (139.23 -98.0 0.052)
2025-10-02 17:25:00,584 - INFO - (139.397 -98.0 0.04)
2025-10-02 17:25:00,594 - INFO - (139.564 -98.0 0.039)
2025-10-02 17:25:00,604 - INFO - (139.731 -98.0 0.083)
2025-10-02 17:25:00,615 - INFO - (139.898 -98.0 0.065)
2025-10-02 17:25:00,624 - INFO - (140.065 -98.0 0.051)
2025-10-02 17:25:00,634 - INFO - (140.231 -98.0 0.077)
2025-10-02 17:25:00,644 - INFO - (140.398 -98.0 0.074)
2025-10-02 17:25:00,654 - INFO - (140.565 -98.0 0.058)
2025-10-02 17:25:00,664 - INFO - (140.732 -98.0 0.097)
2025-10-02 17:25:00,674 - INFO - (140.899 -98.0 0.176)
2025-10-02 17:25:00,684 - INFO - (141.066 -98.0 0.138)
2025-10-02 17:25:00,695 - INFO - (141.217 -98.0 0.098)
2025-10-02 17:25:00,704 - INFO - (141.384 -98.0 0.015)
2025-10-02 17:25:00,714 - INFO - (141.551 -98.0 -0.002)
2025-10-02 17:25:00,724 - INFO - (141.735 -98.0 -0.002)
2025-10-02 17:25:00,734 - INFO - (141.902 -98.0 -0.011)
2025-10-02 17:25:00,744 - INFO - (142.069 -98.0 -0.016)
2025-10-02 17:25:00,755 - INFO - (142.219 -98.0 -0.011)
2025-10-02 17:25:00,764 - INFO - (142.403 -98.0 -0.009)
2025-10-02 17:25:00,774 - INFO - (142.57 -98.0 0.011)
2025-10-02 17:25:00,784 - INFO - (142.737 -98.0 0.009)
2025-10-02 17:25:00,794 - INFO - (142.904 -98.0 0.007)
2025-10-02 17:25:00,804 - INFO - (143.054 -98.0 0.02)
2025-10-02 17:25:00,814 - INFO - (143.221 -98.0 0.025)
2025-10-02 17:25:00,824 - INFO - (143.388 -98.0 0.02)
2025-10-02 17:25:00,834 - INFO - (143.555 -98.0 0.022)
2025-10-02 17:25:00,844 - INFO - (143.722 -98.0 0.038)
2025-10-02 17:25:00,854 - INFO - (143.889 -98.0 0.03)
2025-10-02 17:25:00,864 - INFO - (144.056 -98.0 0.024)
2025-10-02 17:25:00,874 - INFO - (144.223 -98.0 0.047)
2025-10-02 17:25:00,884 - INFO - (144.39 -98.0 0.043)
2025-10-02 17:25:00,894 - INFO - (144.557 -98.0 0.034)
2025-10-02 17:25:00,904 - INFO - (144.725 -98.0 0.041)
2025-10-02 17:25:00,914 - INFO - (144.892 -98.0 0.05)
2025-10-02 17:25:00,924 - INFO - (145.075 -98.0 0.042)
2025-10-02 17:25:00,935 - INFO - (145.226 -98.0 0.027)
2025-10-02 17:25:00,944 - INFO - (145.41 -98.0 0.014)
2025-10-02 17:25:00,954 - INFO - (145.577 -98.0 0.01)
2025-10-02 17:25:00,964 - INFO - (145.744 -98.0 0.008)
2025-10-02 17:25:00,974 - INFO - (145.911 -98.0 -0.001)
2025-10-02 17:25:00,984 - INFO - (146.078 -98.0 -0.003)
2025-10-02 17:25:00,994 - INFO - (146.228 -98.0 -0.003)
2025-10-02 17:25:01,004 - INFO - (146.412 -98.0 -0.005)
2025-10-02 17:25:01,014 - INFO - (146.579 -98.0 -0.008)
2025-10-02 17:25:01,024 - INFO - (146.746 -98.0 -0.006)
2025-10-02 17:25:01,034 - INFO - (146.913 -98.0 -0.005)
2025-10-02 17:25:01,044 - INFO - (147.08 -98.0 -0.011)
2025-10-02 17:25:01,054 - INFO - (147.247 -98.0 -0.009)
2025-10-02 17:25:01,064 - INFO - (147.414 -98.0 -0.007)
2025-10-02 17:25:01,074 - INFO - (147.581 -98.0 -0.013)
2025-10-02 17:25:01,084 - INFO - (147.749 -98.0 -0.016)
2025-10-02 17:25:01,094 - INFO - (147.916 -98.0 -0.013)
2025-10-02 17:25:01,105 - INFO - (148.083 -98.0 -0.011)
2025-10-02 17:25:01,115 - INFO - (148.25 -98.0 -0.018)
2025-10-02 17:25:01,124 - INFO - (148.417 -98.0 -0.014)
2025-10-02 17:25:01,134 - INFO - (148.584 -98.0 -0.011)
2025-10-02 17:25:01,144 - INFO - (148.751 -98.0 -0.016)
2025-10-02 17:25:01,155 - INFO - (148.918 -98.0 -0.015)
2025-10-02 17:25:01,164 - INFO - (149.085 -98.0 -0.012)
2025-10-02 17:25:01,174 - INFO - (149.252 -98.0 -0.014)
2025-10-02 17:25:01,185 - INFO - (149.419 -98.0 -0.02)
2025-10-02 17:25:01,195 - INFO - (149.57 -98.0 -0.014)
2025-10-02 17:25:01,204 - INFO - (149.737 -98.0 -0.013)
2025-10-02 17:25:01,214 - INFO - (149.904 -98.0 -0.018)
2025-10-02 17:25:01,224 - INFO - (150.071 -98.0 -0.016)
2025-10-02 17:25:01,234 - INFO - (150.238 -98.0 -0.012)
2025-10-02 17:25:01,244 - INFO - (150.421 -98.0 -0.008)
2025-10-02 17:25:01,254 - INFO - (150.572 -98.0 -0.003)
2025-10-02 17:25:01,264 - INFO - (150.739 -98.0 -0.003)
2025-10-02 17:25:01,274 - INFO - (150.906 -98.0 -0.002)
2025-10-02 17:25:01,284 - INFO - (151.073 -98.0 0.046)
2025-10-02 17:25:01,294 - INFO - (151.24 -98.0 0.036)
2025-10-02 17:25:01,304 - INFO - (151.407 -98.0 0.028)
2025-10-02 17:25:01,315 - INFO - (151.574 -98.0 0.034)
2025-10-02 17:25:01,324 - INFO - (151.741 -98.0 0.033)
2025-10-02 17:25:01,335 - INFO - (151.908 -98.0 0.026)
2025-10-02 17:25:01,344 - INFO - (152.075 -98.0 0.013)
2025-10-02 17:25:01,355 - INFO - (152.242 -98.0 -0.016)
2025-10-02 17:25:01,365 - INFO - (152.409 -98.0 -0.012)
2025-10-02 17:25:01,375 - INFO - (152.577 -98.0 -0.01)
2025-10-02 17:25:01,385 - INFO - (152.744 -98.0 -0.012)
2025-10-02 17:25:01,394 - INFO - (152.911 -98.0 -0.01)
2025-10-02 17:25:01,404 - INFO - (153.078 -98.0 -0.008)
2025-10-02 17:25:01,414 - INFO - (153.245 -98.0 -0.004)
2025-10-02 17:25:01,424 - INFO - (153.412 -98.0 0.0)
2025-10-02 17:25:01,434 - INFO - (153.579 -98.0 0.0)
2025-10-02 17:25:01,444 - INFO - (153.746 -98.0 0.0)
2025-10-02 17:25:01,454 - INFO - (153.913 -98.0 0.016)
2025-10-02 17:25:01,464 - INFO - (154.08 -98.0 0.012)
2025-10-02 17:25:01,474 - INFO - (154.247 -98.0 0.01)
2025-10-02 17:25:01,484 - INFO - (154.414 -98.0 0.017)
2025-10-02 17:25:01,494 - INFO - (154.565 -98.0 0.016)
2025-10-02 17:25:01,504 - INFO - (154.748 -98.0 0.016)
2025-10-02 17:25:01,514 - INFO - (154.915 -98.0 0.008)
2025-10-02 17:25:01,525 - INFO - (155.082 -98.0 -0.003)
2025-10-02 17:25:01,535 - INFO - (155.25 -98.0 -0.002)
2025-10-02 17:25:01,544 - INFO - (155.417 -98.0 -0.082)
2025-10-02 17:25:01,554 - INFO - (155.584 -98.0 0.08)
2025-10-02 17:25:01,564 - INFO - (155.751 -98.0 0.0)
2025-10-02 17:25:01,574 - INFO - (155.918 -98.0 0.0)
2025-10-02 17:25:01,584 - INFO - (156.102 -98.0 0.0)
2025-10-02 17:25:01,594 - INFO - (156.252 -98.0 0.0)
2025-10-02 17:25:01,604 - INFO - (156.419 -98.0 0.0)
2025-10-02 17:25:01,614 - INFO - (156.586 -98.0 0.0)
2025-10-02 17:25:01,624 - INFO - (156.753 -98.0 -0.003)
2025-10-02 17:25:01,634 - INFO - (156.92 -98.0 -0.002)
2025-10-02 17:25:01,644 - INFO - (157.104 -98.0 -0.002)
2025-10-02 17:25:01,654 - INFO - (157.254 -98.0 -0.004)
2025-10-02 17:25:01,664 - INFO - (157.421 -98.0 -0.005)
2025-10-02 17:25:01,674 - INFO - (157.589 -98.0 -0.004)
2025-10-02 17:25:01,684 - INFO - (157.756 -98.0 -0.004)
2025-10-02 17:25:01,695 - INFO - (157.923 -98.0 -0.007)
2025-10-02 17:25:01,708 - INFO - (158.09 -98.0 -0.005)
2025-10-02 17:25:01,715 - INFO - (158.273 -98.0 -0.004)
2025-10-02 17:25:01,725 - INFO - (158.424 -98.0 -0.006)
2025-10-02 17:25:01,735 - INFO - (158.591 -98.0 -0.006)
2025-10-02 17:25:01,744 - INFO - (158.758 -98.0 -0.005)
2025-10-02 17:25:01,754 - INFO - (158.925 -98.0 -0.006)
2025-10-02 17:25:01,764 - INFO - (159.092 -98.0 -0.009)
2025-10-02 17:25:01,774 - INFO - (159.259 -98.0 -0.007)
2025-10-02 17:25:01,784 - INFO - (159.426 -98.0 -0.005)
2025-10-02 17:25:01,794 - INFO - (159.593 -98.0 -0.005)
2025-10-02 17:25:01,804 - INFO - (159.76 -98.0 -0.004)
2025-10-02 17:25:01,814 - INFO - (159.927 -98.0 -0.003)
2025-10-02 17:25:01,824 - INFO - (160.094 -98.0 0.012)
2025-10-02 17:25:01,835 - INFO - (160.245 -98.0 0.015)
2025-10-02 17:25:01,844 - INFO - (160.429 -98.0 0.015)
2025-10-02 17:25:01,854 - INFO - (160.596 -98.0 0.017)
2025-10-02 17:25:01,864 - INFO - (160.746 -98.0 0.033)
2025-10-02 17:25:01,874 - INFO - (160.913 -98.0 0.029)
2025-10-02 17:25:01,884 - INFO - (161.08 -98.0 0.022)
2025-10-02 17:25:01,894 - INFO - (161.247 -98.0 0.015)
2025-10-02 17:25:01,904 - INFO - (161.414 -98.0 0.011)
2025-10-02 17:25:01,914 - INFO - (161.581 -98.0 0.008)
2025-10-02 17:25:01,924 - INFO - (161.748 -98.0 0.005)
2025-10-02 17:25:01,934 - INFO - (161.916 -98.0 0.001)
2025-10-02 17:25:01,945 - INFO - (162.099 -98.0 0.001)
2025-10-02 17:25:01,954 - INFO - (162.266 -98.0 0.001)
2025-10-02 17:25:01,965 - INFO - (162.417 -98.0 0.006)
2025-10-02 17:25:01,974 - INFO - (162.601 -98.0 0.005)
2025-10-02 17:25:01,984 - INFO - (162.768 -98.0 0.004)
2025-10-02 17:25:01,994 - INFO - (162.918 -98.0 0.007)
2025-10-02 17:25:02,004 - INFO - (163.085 -98.0 0.01)
2025-10-02 17:25:02,015 - INFO - (163.252 -98.0 0.008)
2025-10-02 17:25:02,025 - INFO - (163.419 -98.0 0.008)
2025-10-02 17:25:02,035 - INFO - (163.586 -98.0 0.019)
2025-10-02 17:25:02,045 - INFO - (163.753 -98.0 0.015)
2025-10-02 17:25:02,055 - INFO - (163.921 -98.0 0.011)
2025-10-02 17:25:02,065 - INFO - (164.088 -98.0 0.0)
2025-10-02 17:25:02,074 - INFO - (164.271 -98.0 -0.003)
2025-10-02 17:25:02,084 - INFO - (164.422 -98.0 -0.002)
2025-10-02 17:25:02,094 - INFO - (164.589 -98.0 -0.004)
2025-10-02 17:25:02,104 - INFO - (164.756 -98.0 -0.008)
2025-10-02 17:25:02,114 - INFO - (164.923 -98.0 -0.007)
2025-10-02 17:25:02,125 - INFO - (165.09 -98.0 -0.005)
2025-10-02 17:25:02,135 - INFO - (165.257 -98.0 -0.007)
2025-10-02 17:25:02,145 - INFO - (165.424 -98.0 -0.086)
2025-10-02 17:25:02,155 - INFO - (165.591 -98.0 0.076)
2025-10-02 17:25:02,165 - INFO - (165.758 -98.0 -0.005)
2025-10-02 17:25:02,175 - INFO - (165.926 -98.0 -0.005)
2025-10-02 17:25:02,185 - INFO - (166.093 -98.0 -0.004)
2025-10-02 17:25:02,195 - INFO - (166.243 -98.0 -0.003)
2025-10-02 17:25:02,205 - INFO - (166.41 -98.0 -0.006)
2025-10-02 17:25:02,215 - INFO - (166.577 -98.0 -0.005)
2025-10-02 17:25:02,224 - INFO - (166.744 -98.0 -0.004)
2025-10-02 17:25:02,234 - INFO - (166.911 -98.0 -0.004)
2025-10-02 17:25:02,244 - INFO - (167.078 -98.0 -0.004)
2025-10-02 17:25:02,254 - INFO - (167.245 -98.0 -0.003)
2025-10-02 17:25:02,264 - INFO - (167.413 -98.0 -0.003)
2025-10-02 17:25:02,275 - INFO - (167.58 -98.0 -0.005)
2025-10-02 17:25:02,285 - INFO - (167.747 -98.0 -0.004)
2025-10-02 17:25:02,295 - INFO - (167.914 -98.0 -0.003)
2025-10-02 17:25:02,306 - INFO - (168.081 -98.0 -0.005)
2025-10-02 17:25:02,315 - INFO - (168.248 -98.0 -0.004)
2025-10-02 17:25:02,324 - INFO - (168.398 -98.0 -0.003)
2025-10-02 17:25:02,334 - INFO - (168.565 -98.0 -0.003)
2025-10-02 17:25:02,344 - INFO - (168.749 -98.0 -0.005)
2025-10-02 17:25:02,354 - INFO - (168.9 -98.0 -0.003)
2025-10-02 17:25:02,364 - INFO - (169.067 -98.0 -0.003)
2025-10-02 17:25:02,375 - INFO - (169.234 -98.0 -0.005)
2025-10-02 17:25:02,384 - INFO - (169.401 -98.0 -0.004)
2025-10-02 17:25:02,394 - INFO - (169.568 -98.0 -0.003)
2025-10-02 17:25:02,404 - INFO - (169.735 -98.0 -0.004)
2025-10-02 17:25:02,414 - INFO - (169.902 -98.0 -0.004)
2025-10-02 17:25:02,424 - INFO - (170.069 -98.0 -0.003)
2025-10-02 17:25:02,434 - INFO - (170.236 -98.0 -0.002)
2025-10-02 17:25:02,444 - INFO - (170.403 -98.0 0.004)
2025-10-02 17:25:02,455 - INFO - (170.554 -98.0 0.003)
2025-10-02 17:25:02,465 - INFO - (170.737 -98.0 0.003)
2025-10-02 17:25:02,475 - INFO - (170.904 -98.0 0.019)
2025-10-02 17:25:02,485 - INFO - (171.071 -98.0 0.02)
2025-10-02 17:25:02,494 - INFO - (171.222 -98.0 0.015)
2025-10-02 17:25:02,504 - INFO - (171.389 -98.0 0.013)
2025-10-02 17:25:02,514 - INFO - (171.573 -98.0 0.013)
2025-10-02 17:25:02,524 - INFO - (171.74 -98.0 0.009)
2025-10-02 17:25:02,534 - INFO - (171.907 -98.0 0.007)
2025-10-02 17:25:02,544 - INFO - (172.074 -98.0 -0.003)
2025-10-02 17:25:02,554 - INFO - (172.241 -98.0 -0.003)
2025-10-02 17:25:02,564 - INFO - (172.408 -98.0 -0.002)
2025-10-02 17:25:02,574 - INFO - (172.575 -98.0 -0.001)
2025-10-02 17:25:02,584 - INFO - (172.759 -98.0 -0.001)
2025-10-02 17:25:02,594 - INFO - (172.909 -98.0 -0.001)
2025-10-02 17:25:02,604 - INFO - (173.076 -98.0 0.0)
2025-10-02 17:25:02,614 - INFO - (173.244 -98.0 0.004)
2025-10-02 17:25:02,624 - INFO - (173.411 -98.0 0.003)
2025-10-02 17:25:02,634 - INFO - (173.578 -98.0 0.002)
2025-10-02 17:25:02,644 - INFO - (173.745 -98.0 0.007)
2025-10-02 17:25:02,654 - INFO - (173.912 -98.0 0.008)
2025-10-02 17:25:02,665 - INFO - (174.079 -98.0 0.006)
2025-10-02 17:25:02,675 - INFO - (174.246 -98.0 0.006)
2025-10-02 17:25:02,684 - INFO - (174.413 -98.0 0.008)
2025-10-02 17:25:02,694 - INFO - (174.58 -98.0 0.007)
2025-10-02 17:25:02,704 - INFO - (174.747 -98.0 0.005)
2025-10-02 17:25:02,714 - INFO - (174.914 -98.0 -0.002)
2025-10-02 17:25:02,724 - INFO - (175.081 -98.0 -0.002)
2025-10-02 17:25:02,735 - INFO - (175.249 -98.0 -0.002)
2025-10-02 17:25:02,744 - INFO - (175.416 -98.0 -0.003)
2025-10-02 17:25:02,755 - INFO - (175.583 -98.0 -0.004)
2025-10-02 17:25:02,765 - INFO - (175.75 -98.0 -0.003)
2025-10-02 17:25:02,774 - INFO - (175.917 -98.0 -0.002)
2025-10-02 17:25:02,784 - INFO - (176.084 -98.0 -0.003)
2025-10-02 17:25:02,794 - INFO - (176.234 -98.0 -0.002)
2025-10-02 17:25:02,804 - INFO - (176.401 -98.0 -0.002)
2025-10-02 17:25:02,814 - INFO - (176.585 -98.0 -0.002)
2025-10-02 17:25:02,824 - INFO - (176.752 -98.0 -0.001)
2025-10-02 17:25:02,834 - INFO - (176.919 -98.0 -0.001)
2025-10-02 17:25:02,844 - INFO - (177.086 -98.0 -0.001)
2025-10-02 17:25:02,854 - INFO - (177.254 -98.0 -0.001)
2025-10-02 17:25:02,864 - INFO - (177.404 -98.0 -0.0)
2025-10-02 17:25:02,874 - INFO - (177.571 -98.0 -0.0)
2025-10-02 17:25:02,884 - INFO - (177.738 -98.0 -0.001)
2025-10-02 17:25:02,894 - INFO - (177.905 -98.0 -0.001)
2025-10-02 17:25:02,905 - INFO - (178.056 -98.0 -0.001)
2025-10-02 17:25:02,914 - INFO - (178.239 -98.0 -0.001)
2025-10-02 17:25:02,924 - INFO - (178.406 -98.0 -0.001)
2025-10-02 17:25:02,934 - INFO - (178.573 -98.0 -0.001)
2025-10-02 17:25:02,944 - INFO - (178.741 -98.0 -0.001)
2025-10-02 17:25:02,954 - INFO - (178.908 -98.0 -0.002)
2025-10-02 17:25:02,964 - INFO - (179.075 -98.0 -0.002)
2025-10-02 17:25:02,974 - INFO - (179.242 -98.0 -0.001)
2025-10-02 17:25:02,984 - INFO - (179.409 -98.0 -0.004)
2025-10-02 17:25:02,994 - INFO - (179.576 -98.0 -0.005)
2025-10-02 17:25:03,004 - INFO - (179.743 -98.0 -0.004)
2025-10-02 17:25:03,014 - INFO - (179.91 -98.0 -0.003)
2025-10-02 17:25:03,024 - INFO - (180.094 -98.0 -0.003)
2025-10-02 17:25:03,034 - INFO - (180.261 -98.0 -0.002)
2025-10-02 17:25:03,044 - INFO - (180.428 -98.0 -0.001)
2025-10-02 17:25:03,054 - INFO - (180.595 -98.0 0.012)
2025-10-02 17:25:03,065 - INFO - (180.762 -98.0 0.01)
2025-10-02 17:25:03,074 - INFO - (180.929 -98.0 0.008)
2025-10-02 17:25:03,084 - INFO - (181.096 -98.0 0.012)
2025-10-02 17:25:03,094 - INFO - (181.264 -98.0 0.014)
2025-10-02 17:25:03,104 - INFO - (181.431 -98.0 0.011)
2025-10-02 17:25:03,114 - INFO - (181.598 -98.0 0.008)
2025-10-02 17:25:03,124 - INFO - (181.765 -98.0 0.002)
2025-10-02 17:25:03,134 - INFO - (181.932 -98.0 0.001)
2025-10-02 17:25:03,144 - INFO - (182.099 -98.0 0.001)
2025-10-02 17:25:03,154 - INFO - (182.266 -98.0 -0.0)
2025-10-02 17:25:03,164 - INFO - (182.433 -98.0 -0.001)
2025-10-02 17:25:03,174 - INFO - (182.6 -98.0 -0.0)
2025-10-02 17:25:03,184 - INFO - (182.767 -98.0 -0.0)
2025-10-02 17:25:03,194 - INFO - (182.934 -98.0 -0.0)
2025-10-02 17:25:03,204 - INFO - (183.085 -98.0 -0.0)
2025-10-02 17:25:03,214 - INFO - (183.252 -98.0 -0.0)
2025-10-02 17:25:03,224 - INFO - (183.419 -98.0 0.001)
2025-10-02 17:25:03,234 - INFO - (183.586 -98.0 0.001)
2025-10-02 17:25:03,244 - INFO - (183.753 -98.0 0.0)
2025-10-02 17:25:03,254 - INFO - (183.92 -98.0 0.001)
2025-10-02 17:25:03,264 - INFO - (184.087 -98.0 0.002)
2025-10-02 17:25:03,274 - INFO - (184.254 -98.0 0.001)
2025-10-02 17:25:03,284 - INFO - (184.421 -98.0 0.001)
2025-10-02 17:25:03,294 - INFO - (184.589 -98.0 0.002)
2025-10-02 17:25:03,304 - INFO - (184.756 -98.0 0.002)
2025-10-02 17:25:03,314 - INFO - (184.923 -98.0 0.001)
2025-10-02 17:25:03,325 - INFO - (185.09 -98.0 0.002)
2025-10-02 17:25:03,335 - INFO - (185.257 -98.0 0.002)
2025-10-02 17:25:03,345 - INFO - (185.424 -98.0 0.002)
2025-10-02 17:25:03,355 - INFO - (185.574 -98.0 0.001)
2025-10-02 17:25:03,364 - INFO - (185.741 -98.0 0.003)
2025-10-02 17:25:03,374 - INFO - (185.909 -98.0 0.002)
2025-10-02 17:25:03,384 - INFO - (186.076 -98.0 0.002)
2025-10-02 17:25:03,394 - INFO - (186.243 -98.0 0.002)
2025-10-02 17:25:03,404 - INFO - (186.41 -98.0 0.002)
2025-10-02 17:25:03,414 - INFO - (186.577 -98.0 0.002)
2025-10-02 17:25:03,424 - INFO - (186.744 -98.0 0.0)
2025-10-02 17:25:03,435 - INFO - (186.911 -98.0 -0.001)
2025-10-02 17:25:03,444 - INFO - (187.078 -98.0 -0.001)
2025-10-02 17:25:03,454 - INFO - (187.245 -98.0 -0.001)
2025-10-02 17:25:03,464 - INFO - (187.412 -98.0 -0.003)
2025-10-02 17:25:03,474 - INFO - (187.579 -98.0 -0.002)
2025-10-02 17:25:03,484 - INFO - (187.747 -98.0 -0.002)
2025-10-02 17:25:03,494 - INFO - (187.914 -98.0 -0.002)
2025-10-02 17:25:03,508 - INFO - (188.064 -98.0 -0.002)
2025-10-02 17:25:03,515 - INFO - (188.248 -98.0 -0.002)
2025-10-02 17:25:03,525 - INFO - (188.398 -98.0 -0.001)
2025-10-02 17:25:03,535 - INFO - (188.565 -98.0 -0.002)
2025-10-02 17:25:03,545 - INFO - (188.732 -98.0 -0.002)
2025-10-02 17:25:03,554 - INFO - (188.916 -98.0 -0.002)
2025-10-02 17:25:03,565 - INFO - (189.083 -98.0 -0.002)
2025-10-02 17:25:03,574 - INFO - (189.25 -98.0 -0.002)
2025-10-02 17:25:03,584 - INFO - (189.417 -98.0 -0.001)
2025-10-02 17:25:03,594 - INFO - (189.585 -98.0 -0.002)
2025-10-02 17:25:03,604 - INFO - (189.752 -98.0 -0.002)
2025-10-02 17:25:03,614 - INFO - (189.919 -98.0 -0.002)
2025-10-02 17:25:03,624 - INFO - (190.086 -98.0 -0.001)
2025-10-02 17:25:03,635 - INFO - (190.253 -98.0 0.003)
2025-10-02 17:25:03,644 - INFO - (190.42 -98.0 0.003)
2025-10-02 17:25:03,654 - INFO - (190.587 -98.0 0.002)
2025-10-02 17:25:03,665 - INFO - (190.754 -98.0 0.002)
2025-10-02 17:25:03,674 - INFO - (190.921 -98.0 0.002)
2025-10-02 17:25:03,684 - INFO - (191.088 -98.0 0.002)
2025-10-02 17:25:03,694 - INFO - (191.255 -98.0 0.001)
2025-10-02 17:25:03,704 - INFO - (191.423 -98.0 -0.002)
2025-10-02 17:25:03,714 - INFO - (191.59 -98.0 -0.002)
2025-10-02 17:25:03,724 - INFO - (191.757 -98.0 -0.001)
2025-10-02 17:25:03,735 - INFO - (191.924 -98.0 -0.002)
2025-10-02 17:25:03,744 - INFO - (192.091 -98.0 -0.001)
2025-10-02 17:25:03,754 - INFO - (192.258 -98.0 -0.001)
2025-10-02 17:25:03,764 - INFO - (192.425 -98.0 -0.001)
2025-10-02 17:25:03,774 - INFO - (192.592 -98.0 -0.0)
2025-10-02 17:25:03,784 - INFO - (192.759 -98.0 -0.0)
2025-10-02 17:25:03,794 - INFO - (192.926 -98.0 -0.0)
2025-10-02 17:25:03,804 - INFO - (193.093 -98.0 0.001)
2025-10-02 17:25:03,814 - INFO - (193.26 -98.0 0.001)
2025-10-02 17:25:03,824 - INFO - (193.428 -98.0 0.001)
2025-10-02 17:25:03,834 - INFO - (193.595 -98.0 0.001)
2025-10-02 17:25:03,844 - INFO - (193.778 -98.0 0.001)
2025-10-02 17:25:03,854 - INFO - (193.929 -98.0 0.001)
2025-10-02 17:25:03,864 - INFO - (194.113 -98.0 0.001)
2025-10-02 17:25:03,874 - INFO - (194.28 -98.0 0.002)
2025-10-02 17:25:03,884 - INFO - (194.447 -98.0 0.001)
2025-10-02 17:25:03,894 - INFO - (194.614 -98.0 0.001)
2025-10-02 17:25:03,904 - INFO - (194.781 -98.0 0.001)
2025-10-02 17:25:03,915 - INFO - (194.948 -98.0 0.001)
2025-10-02 17:25:03,924 - INFO - (195.115 -98.0 0.001)
2025-10-02 17:25:03,935 - INFO - (195.282 -98.0 0.001)
2025-10-02 17:25:03,944 - INFO - (195.449 -98.0 0.001)
2025-10-02 17:25:03,954 - INFO - (195.616 -98.0 0.001)
2025-10-02 17:25:03,964 - INFO - (195.784 -98.0 0.001)
2025-10-02 17:25:03,975 - INFO - (195.934 -98.0 0.001)
2025-10-02 17:25:03,984 - INFO - (196.101 -98.0 0.001)
2025-10-02 17:25:03,994 - INFO - (196.268 -98.0 0.001)
2025-10-02 17:25:04,004 - INFO - (196.435 -98.0 0.001)
2025-10-02 17:25:04,014 - INFO - (196.602 -98.0 0.001)
2025-10-02 17:25:04,024 - INFO - (196.769 -98.0 0.001)
2025-10-02 17:25:04,035 - INFO - (196.936 -98.0 0.0)
2025-10-02 17:25:04,044 - INFO - (197.12 -98.0 0.001)
2025-10-02 17:25:04,054 - INFO - (197.271 -98.0 0.001)
2025-10-02 17:25:04,064 - INFO - (197.454 -98.0 0.0)
2025-10-02 17:25:04,075 - INFO - (197.605 -98.0 0.001)
2025-10-02 17:25:04,085 - INFO - (197.722 -98.0 0.001)
2025-10-02 17:25:04,095 - INFO - (197.839 -98.0 0.001)
2025-10-02 17:25:04,105 - INFO - (198.023 -98.0 0.001)
2025-10-02 17:25:04,115 - INFO - (198.206 -98.0 0.001)
2025-10-02 17:25:04,124 - INFO - (198.39 -98.0 0.001)
2025-10-02 17:25:04,134 - INFO - (198.557 -98.0 0.001)
2025-10-02 17:25:04,144 - INFO - (198.724 -98.0 0.001)
2025-10-02 17:25:04,154 - INFO - (198.891 -98.0 0.001)
2025-10-02 17:25:04,164 - INFO - (199.059 -98.0 0.001)
2025-10-02 17:25:04,175 - INFO - (199.226 -98.0 -1.978)
2025-10-02 17:25:04,185 - INFO - (199.408 -98.0 -10.813)
2025-10-02 17:25:04,195 - INFO - (199.574 -98.0 -9.812)
2025-10-02 17:25:04,205 - INFO - (199.738 -98.0 -9.801)
2025-10-02 17:25:04,215 - INFO - (199.917 -98.0 -10.784)
2025-10-02 17:25:04,225 - INFO - (200.08 -98.0 -9.793)
2025-10-02 17:25:04,235 - INFO - (200.241 -98.0 -9.613)
2025-10-02 17:25:04,244 - INFO - (200.401 -98.0 -9.501)
2025-10-02 17:25:04,254 - INFO - (200.561 -98.0 -9.407)
2025-10-02 17:25:04,264 - INFO - (200.719 -98.0 -8.626)
2025-10-02 17:25:04,274 - INFO - (200.877 -98.0 -7.021)
2025-10-02 17:25:04,285 - INFO - (201.049 -98.0 -5.981)
2025-10-02 17:25:04,295 - INFO - (201.19 -98.0 -3.83)
2025-10-02 17:25:04,305 - INFO - (201.347 -98.0 -3.375)
2025-10-02 17:25:04,315 - INFO - (201.487 -98.0 -2.408)
2025-10-02 17:25:04,325 - INFO - (201.643 -98.0 -2.122)
2025-10-02 17:25:04,334 - INFO - (201.798 -98.0 -1.662)
2025-10-02 17:25:04,344 - INFO - (201.953 -98.0 -1.302)
2025-10-02 17:25:04,354 - INFO - (202.109 -98.0 -1.02)
2025-10-02 17:25:04,364 - INFO - (202.279 -98.0 -0.868)
2025-10-02 17:25:04,374 - INFO - (202.434 -98.0 -0.611)
2025-10-02 17:25:04,384 - INFO - (202.589 -98.0 -0.478)
2025-10-02 17:25:04,394 - INFO - (202.744 -98.0 -0.375)
2025-10-02 17:25:04,404 - INFO - (202.899 -98.0 -0.293)
2025-10-02 17:25:04,414 - INFO - (203.054 -98.0 -0.23)
2025-10-02 17:25:04,424 - INFO - (203.209 -98.0 -0.18)
2025-10-02 17:25:04,434 - INFO - (203.364 -98.0 -0.141)
2025-10-02 17:25:04,444 - INFO - (203.519 -98.0 -0.11)
2025-10-02 17:25:04,454 - INFO - (203.674 -98.0 -0.087)
2025-10-02 17:25:04,465 - INFO - (203.829 -98.0 -0.068)
2025-10-02 17:25:04,476 - INFO - (203.984 -98.0 -0.053)
2025-10-02 17:25:04,485 - INFO - (204.139 -98.0 15.894)
2025-10-02 17:25:04,495 - INFO - (204.296 -98.0 -3.402)
2025-10-02 17:25:04,504 - INFO - (204.452 -98.0 -3.817)
2025-10-02 17:25:04,515 - INFO - (204.592 -98.0 -2.957)
2025-10-02 17:25:04,524 - INFO - (204.762 -98.0 -3.185)
2025-10-02 17:25:04,535 - INFO - (204.902 -98.0 -2.292)
2025-10-02 17:25:04,545 - INFO - (205.056 -98.0 -2.25)
2025-10-02 17:25:04,555 - INFO - (205.226 -98.0 -2.153)
2025-10-02 17:25:04,564 - INFO - (205.381 -98.0 -1.698)
2025-10-02 17:25:04,575 - INFO - (205.535 -98.0 -1.478)
2025-10-02 17:25:04,584 - INFO - (205.689 -98.0 -1.283)
2025-10-02 17:25:04,594 - INFO - (205.842 -98.0 -39.976)
2025-10-02 17:25:04,604 - INFO - (205.992 -98.0 -0.005)
2025-10-02 17:25:04,614 - INFO - (206.142 -98.0 -0.003)
2025-10-02 17:25:04,624 - INFO - (206.292 -98.0 -0.002)
2025-10-02 17:25:04,634 - INFO - (206.442 -98.0 -0.0)
2025-10-02 17:25:04,644 - INFO - (206.592 -98.0 0.001)
2025-10-02 17:25:04,655 - INFO - (206.742 -98.0 0.003)
2025-10-02 17:25:04,664 - INFO - (206.892 -98.0 0.005)
2025-10-02 17:25:04,675 - INFO - (207.042 -98.0 0.006)
2025-10-02 17:25:04,685 - INFO - (207.207 -98.0 0.009)
2025-10-02 17:25:04,695 - INFO - (207.343 -98.0 23.136)
2025-10-02 17:25:04,705 - INFO - (207.48 -98.0 9.263)
2025-10-02 17:25:04,715 - INFO - (207.634 -98.0 5.152)
2025-10-02 17:25:04,725 - INFO - (207.788 -98.0 4.73)
2025-10-02 17:25:04,734 - INFO - (207.942 -98.0 4.066)
2025-10-02 17:25:04,745 - INFO - (208.097 -98.0 3.437)
2025-10-02 17:25:04,754 - INFO - (208.252 -98.0 2.883)
2025-10-02 17:25:04,764 - INFO - (208.408 -98.0 2.395)
2025-10-02 17:25:04,774 - INFO - (208.563 -98.0 1.966)
2025-10-02 17:25:04,785 - INFO - (208.719 -98.0 1.222)
2025-10-02 17:25:04,794 - INFO - (208.875 -98.0 -1.586)
2025-10-02 17:25:04,804 - INFO - (209.031 -97.999 -1.055)
2025-10-02 17:25:04,815 - INFO - (209.186 -97.998 -1.187)
2025-10-02 17:25:04,824 - INFO - (209.342 -97.996 4.765)
2025-10-02 17:25:04,834 - INFO - (209.498 -97.995 0.079)
2025-10-02 17:25:04,845 - INFO - (209.654 -97.993 3.501)
2025-10-02 17:25:04,854 - INFO - (209.826 -97.99 0.021)
2025-10-02 17:25:04,864 - INFO - (209.965 -97.987 -28.981)
2025-10-02 17:25:04,874 - INFO - (210.118 -97.983 -4.011)
2025-10-02 17:25:04,884 - INFO - (210.271 -97.98 -2.322)
2025-10-02 17:25:04,894 - INFO - (210.423 -97.976 -3.731)
2025-10-02 17:25:04,904 - INFO - (210.575 -97.972 -3.513)
2025-10-02 17:25:04,914 - INFO - (210.727 -97.968 2.588)
2025-10-02 17:25:04,924 - INFO - (210.88 -97.963 1.539)
2025-10-02 17:25:04,935 - INFO - (211.032 -97.957 -9.635)
2025-10-02 17:25:04,945 - INFO - (211.183 -97.95 1.813)
2025-10-02 17:25:04,954 - INFO - (211.335 -97.943 1.378)
2025-10-02 17:25:04,964 - INFO - (211.486 -97.935 3.656)
2025-10-02 17:25:04,975 - INFO - (211.639 -97.927 3.079)
2025-10-02 17:25:04,984 - INFO - (211.791 -97.919 2.571)
2025-10-02 17:25:04,994 - INFO - (211.944 -97.909 2.625)
2025-10-02 17:25:05,005 - INFO - (212.096 -97.899 -2.864)
2025-10-02 17:25:05,014 - INFO - (212.248 -97.887 -0.611)
2025-10-02 17:25:05,024 - INFO - (212.401 -97.875 2.477)
2025-10-02 17:25:05,035 - INFO - (212.553 -97.863 0.507)
2025-10-02 17:25:05,045 - INFO - (212.706 -97.849 2.467)
2025-10-02 17:25:05,055 - INFO - (212.858 -97.835 2.265)
2025-10-02 17:25:05,064 - INFO - (213.011 -97.82 3.465)
2025-10-02 17:25:05,074 - INFO - (213.164 -97.805 3.091)
2025-10-02 17:25:05,084 - INFO - (213.318 -97.79 4.422)
2025-10-02 17:25:05,094 - INFO - (213.472 -97.774 -1.291)
2025-10-02 17:25:05,104 - INFO - (213.625 -97.759 0.515)
2025-10-02 17:25:05,114 - INFO - (213.779 -97.743 1.543)
2025-10-02 17:25:05,124 - INFO - (213.933 -97.727 2.84)
2025-10-02 17:25:05,134 - INFO - (214.086 -97.711 -3.909)
2025-10-02 17:25:05,144 - INFO - (214.24 -97.695 2.984)
2025-10-02 17:25:05,154 - INFO - (214.394 -97.678 2.463)
2025-10-02 17:25:05,164 - INFO - (214.549 -97.662 4.022)
2025-10-02 17:25:05,174 - INFO - (214.703 -97.645 2.468)
2025-10-02 17:25:05,184 - INFO - (214.858 -97.627 1.096)
2025-10-02 17:25:05,194 - INFO - (215.013 -97.61 -0.042)
2025-10-02 17:25:05,204 - INFO - (215.153 -97.594 3.349)
2025-10-02 17:25:05,214 - INFO - (215.323 -97.575 4.397)
2025-10-02 17:25:05,224 - INFO - (215.479 -97.557 -0.339)
2025-10-02 17:25:05,235 - INFO - (215.619 -97.541 1.375)
2025-10-02 17:25:05,244 - INFO - (215.79 -97.521 1.542)
2025-10-02 17:25:05,254 - INFO - (215.93 -97.505 0.853)
2025-10-02 17:25:05,264 - INFO - (216.086 -97.487 1.397)
2025-10-02 17:25:05,275 - INFO - (216.258 -97.466 1.302)
2025-10-02 17:25:05,284 - INFO - (216.414 -97.448 1.871)
2025-10-02 17:25:05,294 - INFO - (216.555 -97.431 -1.586)
2025-10-02 17:25:05,304 - INFO - (216.711 -97.413 1.143)
2025-10-02 17:25:05,314 - INFO - (216.867 -97.394 1.105)
2025-10-02 17:25:05,324 - INFO - (217.024 -97.375 0.637)
2025-10-02 17:25:05,335 - INFO - (217.18 -97.356 -1.722)
2025-10-02 17:25:05,345 - INFO - (217.336 -97.337 2.587)
2025-10-02 17:25:05,355 - INFO - (217.492 -97.318 -0.015)
2025-10-02 17:25:05,365 - INFO - (217.649 -97.299 1.8)
2025-10-02 17:25:05,375 - INFO - (217.806 -97.28 0.81)
2025-10-02 17:25:05,384 - INFO - (217.962 -97.261 0.418)
2025-10-02 17:25:05,396 - INFO - (218.119 -97.242 -3.445)
2025-10-02 17:25:05,405 - INFO - (218.275 -97.222 2.624)
2025-10-02 17:25:05,415 - INFO - (218.432 -97.203 2.934)
2025-10-02 17:25:05,424 - INFO - (218.589 -97.183 -0.822)
2025-10-02 17:25:05,434 - INFO - (218.746 -97.164 0.652)
2025-10-02 17:25:05,444 - INFO - (218.918 -97.142 -6.465)
2025-10-02 17:25:05,454 - INFO - (219.074 -97.122 -5.802)
2025-10-02 17:25:05,464 - INFO - (219.213 -97.104 -4.983)
2025-10-02 17:25:05,474 - INFO - (219.368 -97.083 0.562)
2025-10-02 17:25:05,484 - INFO - (219.538 -97.059 -5.679)
2025-10-02 17:25:05,494 - INFO - (219.692 -97.038 -5.112)
2025-10-02 17:25:05,504 - INFO - (219.831 -97.018 -4.299)
2025-10-02 17:25:05,514 - INFO - (219.999 -96.994 -1.896)
2025-10-02 17:25:05,525 - INFO - (220.152 -96.972 -4.658)
2025-10-02 17:25:05,535 - INFO - (220.304 -96.948 0.863)
2025-10-02 17:25:05,545 - INFO - (220.457 -96.925 0.235)
2025-10-02 17:25:05,555 - INFO - (220.594 -96.902 -1.005)
2025-10-02 17:25:05,565 - INFO - (220.746 -96.877 -1.186)
2025-10-02 17:25:05,575 - INFO - (220.898 -96.851 -0.495)
2025-10-02 17:25:05,584 - INFO - (221.065 -96.821 -3.103)
2025-10-02 17:25:05,594 - INFO - (221.201 -96.797 1.558)
2025-10-02 17:25:05,604 - INFO - (221.352 -96.769 2.338)
2025-10-02 17:25:05,614 - INFO - (221.504 -96.741 -0.658)
2025-10-02 17:25:05,624 - INFO - (221.656 -96.713 -0.053)
2025-10-02 17:25:05,634 - INFO - (221.807 -96.684 0.903)
2025-10-02 17:25:05,644 - INFO - (221.959 -96.655 1.715)
2025-10-02 17:25:05,654 - INFO - (222.11 -96.626 1.225)
2025-10-02 17:25:05,664 - INFO - (222.262 -96.597 0.754)
2025-10-02 17:25:05,674 - INFO - (222.414 -96.567 4.954)
2025-10-02 17:25:05,684 - INFO - (222.566 -96.537 -1.644)
2025-10-02 17:25:05,694 - INFO - (222.718 -96.507 -1.637)
2025-10-02 17:25:05,704 - INFO - (222.854 -96.48 -1.363)
2025-10-02 17:25:05,714 - INFO - (223.006 -96.45 0.194)
2025-10-02 17:25:05,724 - INFO - (223.172 -96.417 -1.467)
2025-10-02 17:25:05,734 - INFO - (223.324 -96.387 3.574)
2025-10-02 17:25:05,744 - INFO - (223.461 -96.359 4.012)
2025-10-02 17:25:05,754 - INFO - (223.628 -96.326 3.501)
2025-10-02 17:25:05,764 - INFO - (223.766 -96.298 1.623)
2025-10-02 17:25:05,774 - INFO - (223.918 -96.267 1.938)
2025-10-02 17:25:05,784 - INFO - (224.071 -96.236 -0.053)
2025-10-02 17:25:05,794 - INFO - (224.224 -96.205 3.139)
2025-10-02 17:25:05,805 - INFO - (224.377 -96.173 3.645)
2025-10-02 17:25:05,814 - INFO - (224.531 -96.142 -1.193)
2025-10-02 17:25:05,824 - INFO - (224.684 -96.111 2.187)
2025-10-02 17:25:05,834 - INFO - (224.838 -96.079 -0.146)
2025-10-02 17:25:05,844 - INFO - (224.991 -96.047 1.149)
2025-10-02 17:25:05,854 - INFO - (225.16 -96.013 1.007)
2025-10-02 17:25:05,864 - INFO - (225.314 -95.981 3.667)
2025-10-02 17:25:05,874 - INFO - (225.452 -95.952 -1.72)
2025-10-02 17:25:05,884 - INFO - (225.621 -95.917 -1.487)
2025-10-02 17:25:05,894 - INFO - (225.775 -95.885 1.113)
2025-10-02 17:25:05,904 - INFO - (225.914 -95.857 0.609)
2025-10-02 17:25:05,914 - INFO - (226.083 -95.822 -4.36)
2025-10-02 17:25:05,924 - INFO - (226.236 -95.79 2.662)
2025-10-02 17:25:05,934 - INFO - (226.39 -95.758 1.83)
2025-10-02 17:25:05,944 - INFO - (226.528 -95.729 0.822)
2025-10-02 17:25:05,954 - INFO - (226.698 -95.693 1.712)
2025-10-02 17:25:05,964 - INFO - (226.836 -95.665 0.057)
2025-10-02 17:25:05,974 - INFO - (226.99 -95.632 0.517)
2025-10-02 17:25:05,984 - INFO - (227.16 -95.597 -0.177)
2025-10-02 17:25:05,994 - INFO - (227.299 -95.568 0.886)
2025-10-02 17:25:06,005 - INFO - (227.453 -95.536 0.761)
2025-10-02 17:25:06,014 - INFO - (227.607 -95.504 -0.399)
2025-10-02 17:25:06,024 - INFO - (227.761 -95.471 0.93)
2025-10-02 17:25:06,034 - INFO - (227.916 -95.439 -0.531)
2025-10-02 17:25:06,048 - INFO - (228.07 -95.407 0.318)
2025-10-02 17:25:06,055 - INFO - (228.224 -95.374 0.109)
2025-10-02 17:25:06,065 - INFO - (228.394 -95.339 0.5)
2025-10-02 17:25:06,075 - INFO - (228.533 -95.31 -0.84)
2025-10-02 17:25:06,085 - INFO - (228.702 -95.274 -0.035)
2025-10-02 17:25:06,094 - INFO - (228.841 -95.245 -0.183)
2025-10-02 17:25:06,104 - INFO - (228.995 -95.212 -0.361)
2025-10-02 17:25:06,115 - INFO - (229.149 -95.18 -2.682)
2025-10-02 17:25:06,125 - INFO - (229.318 -95.144 -5.349)
2025-10-02 17:25:06,134 - INFO - (229.471 -95.11 -6.812)
2025-10-02 17:25:06,145 - INFO - (229.623 -95.076 -4.404)
2025-10-02 17:25:06,154 - INFO - (229.774 -95.042 -6.014)
2025-10-02 17:25:06,164 - INFO - (229.91 -95.011 -5.609)
2025-10-02 17:25:06,174 - INFO - (230.075 -94.972 -9.71)
2025-10-02 17:25:06,184 - INFO - (230.209 -94.94 -1.504)
2025-10-02 17:25:06,194 - INFO - (230.358 -94.905 3.074)
2025-10-02 17:25:06,205 - INFO - (230.508 -94.869 -0.059)
2025-10-02 17:25:06,214 - INFO - (230.657 -94.832 -5.641)
2025-10-02 17:25:06,224 - INFO - (230.805 -94.795 -3.587)
2025-10-02 17:25:06,235 - INFO - (230.952 -94.757 -3.716)
2025-10-02 17:25:06,244 - INFO - (231.1 -94.718 -3.964)
2025-10-02 17:25:06,254 - INFO - (231.261 -94.674 -1.97)
2025-10-02 17:25:06,264 - INFO - (231.392 -94.638 -1.706)
2025-10-02 17:25:06,274 - INFO - (231.538 -94.598 -2.051)
2025-10-02 17:25:06,285 - INFO - (231.684 -94.558 -1.041)
2025-10-02 17:25:06,295 - INFO - (231.83 -94.517 -0.471)
2025-10-02 17:25:06,304 - INFO - (231.975 -94.476 -6.014)
2025-10-02 17:25:06,314 - INFO - (232.12 -94.436 2.475)
2025-10-02 17:25:06,324 - INFO - (232.266 -94.394 2.344)
2025-10-02 17:25:06,335 - INFO - (232.411 -94.353 2.574)
2025-10-02 17:25:06,345 - INFO - (232.557 -94.311 -0.392)
2025-10-02 17:25:06,354 - INFO - (232.702 -94.269 0.614)
2025-10-02 17:25:06,364 - INFO - (232.847 -94.226 1.287)
2025-10-02 17:25:06,375 - INFO - (232.992 -94.183 -2.631)
2025-10-02 17:25:06,384 - INFO - (233.138 -94.141 2.472)
2025-10-02 17:25:06,394 - INFO - (233.283 -94.098 4.068)
2025-10-02 17:25:06,404 - INFO - (233.429 -94.055 -1.874)
2025-10-02 17:25:06,414 - INFO - (233.574 -94.011 2.07)
2025-10-02 17:25:06,425 - INFO - (233.719 -93.967 -1.253)
2025-10-02 17:25:06,435 - INFO - (233.865 -93.923 1.614)
2025-10-02 17:25:06,444 - INFO - (234.01 -93.879 1.789)
2025-10-02 17:25:06,455 - INFO - (234.156 -93.835 1.387)
2025-10-02 17:25:06,464 - INFO - (234.302 -93.791 1.037)
2025-10-02 17:25:06,475 - INFO - (234.447 -93.746 0.821)
2025-10-02 17:25:06,484 - INFO - (234.593 -93.702 0.66)
2025-10-02 17:25:06,494 - INFO - (234.739 -93.657 0.643)
2025-10-02 17:25:06,504 - INFO - (234.885 -93.612 -3.023)
2025-10-02 17:25:06,515 - INFO - (235.031 -93.567 2.436)
2025-10-02 17:25:06,524 - INFO - (235.177 -93.522 1.657)
2025-10-02 17:25:06,535 - INFO - (235.322 -93.477 -1.372)
2025-10-02 17:25:06,545 - INFO - (235.468 -93.432 1.874)
2025-10-02 17:25:06,554 - INFO - (235.614 -93.387 0.555)
2025-10-02 17:25:06,564 - INFO - (235.745 -93.346 0.683)
2025-10-02 17:25:06,575 - INFO - (235.891 -93.301 -2.352)
2025-10-02 17:25:06,585 - INFO - (236.052 -93.251 2.291)
2025-10-02 17:25:06,594 - INFO - (236.198 -93.206 3.195)
2025-10-02 17:25:06,605 - INFO - (236.344 -93.16 -1.489)
2025-10-02 17:25:06,614 - INFO - (236.49 -93.115 -0.749)
2025-10-02 17:25:06,624 - INFO - (236.636 -93.069 -0.087)
2025-10-02 17:25:06,635 - INFO - (236.782 -93.023 1.978)
2025-10-02 17:25:06,644 - INFO - (236.928 -92.978 1.054)
2025-10-02 17:25:06,654 - INFO - (237.075 -92.932 1.439)
2025-10-02 17:25:06,664 - INFO - (237.221 -92.886 -0.473)
2025-10-02 17:25:06,675 - INFO - (237.367 -92.84 0.163)
2025-10-02 17:25:06,684 - INFO - (237.513 -92.794 0.016)
2025-10-02 17:25:06,694 - INFO - (237.66 -92.747 -0.113)
2025-10-02 17:25:06,705 - INFO - (237.806 -92.701 -3.484)
2025-10-02 17:25:06,715 - INFO - (237.952 -92.655 2.056)
2025-10-02 17:25:06,725 - INFO - (238.098 -92.609 -2.508)
2025-10-02 17:25:06,735 - INFO - (238.244 -92.563 2.26)
2025-10-02 17:25:06,744 - INFO - (238.39 -92.517 2.077)
2025-10-02 17:25:06,754 - INFO - (238.536 -92.47 -0.21)
2025-10-02 17:25:06,764 - INFO - (238.682 -92.424 -2.817)
2025-10-02 17:25:06,774 - INFO - (238.828 -92.377 -5.131)
2025-10-02 17:25:06,784 - INFO - (238.972 -92.329 -0.986)
2025-10-02 17:25:06,794 - INFO - (239.117 -92.281 -0.709)
2025-10-02 17:25:06,804 - INFO - (239.261 -92.232 -1.796)
2025-10-02 17:25:06,815 - INFO - (239.405 -92.183 -0.836)
2025-10-02 17:25:06,824 - INFO - (239.549 -92.133 -1.071)
2025-10-02 17:25:06,835 - INFO - (239.678 -92.088 -0.431)
2025-10-02 17:25:06,844 - INFO - (239.821 -92.037 -0.692)
2025-10-02 17:25:06,854 - INFO - (239.964 -91.986 -1.918)
2025-10-02 17:25:06,864 - INFO - (240.121 -91.929 1.015)
2025-10-02 17:25:06,875 - INFO - (240.249 -91.881 -2.699)
2025-10-02 17:25:06,884 - INFO - (240.391 -91.829 -2.647)
2025-10-02 17:25:06,894 - INFO - (240.533 -91.775 -0.391)
2025-10-02 17:25:06,904 - INFO - (240.674 -91.721 -4.71)
2025-10-02 17:25:06,914 - INFO - (240.815 -91.668 2.449)
2025-10-02 17:25:06,925 - INFO - (240.955 -91.612 1.021)
2025-10-02 17:25:06,935 - INFO - (241.096 -91.556 0.19)
2025-10-02 17:25:06,944 - INFO - (241.236 -91.499 -0.016)
2025-10-02 17:25:06,954 - INFO - (241.376 -91.442 -0.248)
2025-10-02 17:25:06,964 - INFO - (241.515 -91.383 -0.002)
2025-10-02 17:25:06,975 - INFO - (241.654 -91.324 -1.386)
2025-10-02 17:25:06,984 - INFO - (241.806 -91.257 2.375)
2025-10-02 17:25:06,994 - INFO - (241.931 -91.203 2.088)
2025-10-02 17:25:07,005 - INFO - (242.083 -91.135 0.16)
2025-10-02 17:25:07,014 - INFO - (242.222 -91.073 2.349)
2025-10-02 17:25:07,024 - INFO - (242.36 -91.01 0.033)
2025-10-02 17:25:07,034 - INFO - (242.497 -90.946 1.143)
2025-10-02 17:25:07,044 - INFO - (242.635 -90.882 3.458)
2025-10-02 17:25:07,054 - INFO - (242.772 -90.817 2.558)
2025-10-02 17:25:07,064 - INFO - (242.91 -90.751 2.944)
2025-10-02 17:25:07,075 - INFO - (243.034 -90.691 0.655)
2025-10-02 17:25:07,085 - INFO - (243.185 -90.617 3.201)
2025-10-02 17:25:07,094 - INFO - (243.322 -90.549 2.79)
2025-10-02 17:25:07,104 - INFO - (243.459 -90.481 -5.476)
2025-10-02 17:25:07,115 - INFO - (243.596 -90.412 4.852)
2025-10-02 17:25:07,124 - INFO - (243.733 -90.343 3.696)
2025-10-02 17:25:07,134 - INFO - (243.871 -90.274 5.477)
2025-10-02 17:25:07,144 - INFO - (244.008 -90.204 5.496)
2025-10-02 17:25:07,154 - INFO - (244.147 -90.134 4.713)
2025-10-02 17:25:07,164 - INFO - (244.285 -90.063 -0.922)
2025-10-02 17:25:07,174 - INFO - (244.408 -89.998 0.892)
2025-10-02 17:25:07,184 - INFO - (244.56 -89.918 6.61)
2025-10-02 17:25:07,194 - INFO - (244.698 -89.846 3.833)
2025-10-02 17:25:07,204 - INFO - (244.823 -89.78 2.488)
2025-10-02 17:25:07,215 - INFO - (244.975 -89.7 6.647)
2025-10-02 17:25:07,225 - INFO - (245.114 -89.626 0.166)
2025-10-02 17:25:07,234 - INFO - (245.253 -89.553 1.468)
2025-10-02 17:25:07,245 - INFO - (245.393 -89.479 4.006)
2025-10-02 17:25:07,254 - INFO - (245.532 -89.405 5.127)
2025-10-02 17:25:07,264 - INFO - (245.658 -89.339 0.121)
2025-10-02 17:25:07,274 - INFO - (245.798 -89.264 -0.721)
2025-10-02 17:25:07,285 - INFO - (245.938 -89.19 2.268)
2025-10-02 17:25:07,294 - INFO - (246.078 -89.116 2.698)
2025-10-02 17:25:07,304 - INFO - (246.218 -89.041 -2.932)
2025-10-02 17:25:07,314 - INFO - (246.358 -88.967 2.801)
2025-10-02 17:25:07,324 - INFO - (246.498 -88.892 2.934)
2025-10-02 17:25:07,334 - INFO - (246.638 -88.817 2.63)
2025-10-02 17:25:07,344 - INFO - (246.792 -88.734 1.815)
2025-10-02 17:25:07,355 - INFO - (246.933 -88.659 1.754)
2025-10-02 17:25:07,364 - INFO - (247.074 -88.583 0.124)
2025-10-02 17:25:07,374 - INFO - (247.2 -88.515 -0.543)
2025-10-02 17:25:07,384 - INFO - (247.341 -88.44 2.75)
2025-10-02 17:25:07,394 - INFO - (247.482 -88.364 1.12)
2025-10-02 17:25:07,405 - INFO - (247.623 -88.288 0.766)
2025-10-02 17:25:07,414 - INFO - (247.764 -88.212 2.207)
2025-10-02 17:25:07,425 - INFO - (247.905 -88.136 -0.973)
2025-10-02 17:25:07,435 - INFO - (248.046 -88.06 0.617)
2025-10-02 17:25:07,445 - INFO - (248.173 -87.992 0.506)
2025-10-02 17:25:07,454 - INFO - (248.328 -87.908 2.479)
2025-10-02 17:25:07,464 - INFO - (248.469 -87.832 -2.156)
2025-10-02 17:25:07,475 - INFO - (248.596 -87.764 0.283)
2025-10-02 17:25:07,484 - INFO - (248.737 -87.687 0.818)
2025-10-02 17:25:07,494 - INFO - (248.878 -87.611 0.32)
2025-10-02 17:25:07,504 - INFO - (249.02 -87.535 -0.517)
2025-10-02 17:25:07,515 - INFO - (249.16 -87.458 -3.815)
2025-10-02 17:25:07,524 - INFO - (249.3 -87.382 -7.53)
2025-10-02 17:25:07,534 - INFO - (249.439 -87.304 -0.123)
2025-10-02 17:25:07,544 - INFO - (249.578 -87.226 -3.455)
2025-10-02 17:25:07,555 - INFO - (249.716 -87.148 -3.723)
2025-10-02 17:25:07,564 - INFO - (249.867 -87.062 -4.938)
2025-10-02 17:25:07,574 - INFO - (249.991 -86.992 0.475)
2025-10-02 17:25:07,584 - INFO - (250.142 -86.906 1.071)
2025-10-02 17:25:07,594 - INFO - (250.279 -86.827 -2.664)
2025-10-02 17:25:07,604 - INFO - (250.416 -86.748 -3.826)
2025-10-02 17:25:07,614 - INFO - (250.552 -86.669 -2.458)
2025-10-02 17:25:07,624 - INFO - (250.687 -86.59 -1.228)
2025-10-02 17:25:07,634 - INFO - (250.823 -86.51 -1.166)
2025-10-02 17:25:07,644 - INFO - (250.958 -86.431 0.846)
2025-10-02 17:25:07,654 - INFO - (251.094 -86.351 -1.794)
2025-10-02 17:25:07,664 - INFO - (251.229 -86.271 -0.099)
2025-10-02 17:25:07,675 - INFO - (251.35 -86.199 -0.156)
2025-10-02 17:25:07,684 - INFO - (251.499 -86.111 0.495)
2025-10-02 17:25:07,694 - INFO - (251.62 -86.039 -2.713)
2025-10-02 17:25:07,704 - INFO - (251.755 -85.96 2.295)
2025-10-02 17:25:07,714 - INFO - (251.89 -85.879 1.984)
2025-10-02 17:25:07,724 - INFO - (252.025 -85.799 -0.064)
2025-10-02 17:25:07,734 - INFO - (252.16 -85.718 2.25)
2025-10-02 17:25:07,744 - INFO - (252.296 -85.638 1.098)
2025-10-02 17:25:07,754 - INFO - (252.431 -85.557 -3.756)
2025-10-02 17:25:07,764 - INFO - (252.566 -85.477 2.4)
2025-10-02 17:25:07,774 - INFO - (252.701 -85.396 2.404)
2025-10-02 17:25:07,784 - INFO - (252.837 -85.316 3.931)
2025-10-02 17:25:07,795 - INFO - (252.973 -85.235 -1.994)
2025-10-02 17:25:07,804 - INFO - (253.108 -85.154 0.079)
2025-10-02 17:25:07,815 - INFO - (253.244 -85.074 -0.016)
2025-10-02 17:25:07,824 - INFO - (253.379 -84.993 2.176)
2025-10-02 17:25:07,834 - INFO - (253.515 -84.911 1.461)
2025-10-02 17:25:07,844 - INFO - (253.651 -84.83 1.787)
2025-10-02 17:25:07,854 - INFO - (253.786 -84.749 -0.704)
2025-10-02 17:25:07,864 - INFO - (253.922 -84.667 1.18)
2025-10-02 17:25:07,874 - INFO - (254.058 -84.586 0.788)
2025-10-02 17:25:07,884 - INFO - (254.194 -84.504 0.465)
2025-10-02 17:25:07,894 - INFO - (254.33 -84.423 -0.533)
2025-10-02 17:25:07,904 - INFO - (254.452 -84.349 1.058)
2025-10-02 17:25:07,914 - INFO - (254.601 -84.259 -2.632)
2025-10-02 17:25:07,924 - INFO - (254.737 -84.178 2.212)
2025-10-02 17:25:07,934 - INFO - (254.873 -84.096 1.097)
2025-10-02 17:25:07,944 - INFO - (255.009 -84.015 0.221)
2025-10-02 17:25:07,955 - INFO - (255.144 -83.933 -4.131)
2025-10-02 17:25:07,964 - INFO - (255.28 -83.851 2.476)
2025-10-02 17:25:07,974 - INFO - (255.416 -83.77 4.531)
2025-10-02 17:25:07,984 - INFO - (255.566 -83.68 -1.343)
2025-10-02 17:25:07,994 - INFO - (255.702 -83.598 2.245)
2025-10-02 17:25:08,004 - INFO - (255.824 -83.524 -2.411)
2025-10-02 17:25:08,015 - INFO - (255.96 -83.442 -0.108)
2025-10-02 17:25:08,024 - INFO - (256.096 -83.36 1.01)
2025-10-02 17:25:08,034 - INFO - (256.246 -83.269 1.6)
2025-10-02 17:25:08,045 - INFO - (256.368 -83.196 -1.181)
2025-10-02 17:25:08,055 - INFO - (256.518 -83.105 0.451)
2025-10-02 17:25:08,064 - INFO - (256.641 -83.031 0.224)
2025-10-02 17:25:08,074 - INFO - (256.777 -82.949 -0.005)
2025-10-02 17:25:08,084 - INFO - (256.913 -82.867 -4.015)
2025-10-02 17:25:08,095 - INFO - (257.049 -82.785 2.129)
2025-10-02 17:25:08,104 - INFO - (257.239 -82.67 0.974)
2025-10-02 17:25:08,115 - INFO - (257.266 -82.654 0.489)
2025-10-02 17:25:08,125 - INFO - (257.307 -82.629 0.61)
2025-10-02 17:25:08,135 - INFO - (257.402 -82.572 0.577)
2025-10-02 17:25:08,144 - INFO - (257.566 -82.473 -0.304)
2025-10-02 17:25:08,154 - INFO - (257.715 -82.383 -2.668)
2025-10-02 17:25:08,164 - INFO - (257.865 -82.292 2.068)
2025-10-02 17:25:08,175 - INFO - (258.028 -82.194 2.942)
2025-10-02 17:25:08,185 - INFO - (258.178 -82.103 -2.191)
2025-10-02 17:25:08,195 - INFO - (258.328 -82.013 0.592)
2025-10-02 17:25:08,204 - INFO - (258.464 -81.931 -0.185)
2025-10-02 17:25:08,215 - INFO - (258.6 -81.848 0.242)
2025-10-02 17:25:08,224 - INFO - (258.75 -81.758 1.614)
2025-10-02 17:25:08,234 - INFO - (258.886 -81.676 -3.232)
2025-10-02 17:25:08,244 - INFO - (259.022 -81.594 -8.616)
2025-10-02 17:25:08,254 - INFO - (259.17 -81.504 -9.639)
2025-10-02 17:25:08,264 - INFO - (259.304 -81.423 -7.963)
2025-10-02 17:25:08,274 - INFO - (259.437 -81.341 -5.847)
2025-10-02 17:25:08,284 - INFO - (259.582 -81.252 -8.853)
2025-10-02 17:25:08,294 - INFO - (259.713 -81.169 -1.41)
2025-10-02 17:25:08,304 - INFO - (259.844 -81.087 -1.776)
2025-10-02 17:25:08,314 - INFO - (259.974 -81.004 -7.341)
2025-10-02 17:25:08,324 - INFO - (260.115 -80.913 -8.082)
2025-10-02 17:25:08,334 - INFO - (260.243 -80.829 -7.199)
2025-10-02 17:25:08,344 - INFO - (260.37 -80.746 -5.291)
2025-10-02 17:25:08,355 - INFO - (260.497 -80.662 -3.282)
2025-10-02 17:25:08,364 - INFO - (260.623 -80.579 0.348)
2025-10-02 17:25:08,374 - INFO - (260.748 -80.494 -3.949)
2025-10-02 17:25:08,384 - INFO - (260.874 -80.41 -3.179)
2025-10-02 17:25:08,394 - INFO - (260.998 -80.326 -3.209)
2025-10-02 17:25:08,404 - INFO - (261.123 -80.242 -1.794)
2025-10-02 17:25:08,414 - INFO - (261.247 -80.158 -1.637)
2025-10-02 17:25:08,424 - INFO - (261.383 -80.065 0.618)
2025-10-02 17:25:08,434 - INFO - (261.507 -79.98 -2.641)
2025-10-02 17:25:08,445 - INFO - (261.631 -79.895 -0.678)
2025-10-02 17:25:08,454 - INFO - (261.766 -79.802 -0.533)
2025-10-02 17:25:08,464 - INFO - (261.89 -79.717 -0.205)
2025-10-02 17:25:08,474 - INFO - (262.001 -79.64 -5.109)
2025-10-02 17:25:08,484 - INFO - (262.124 -79.556 2.716)
2025-10-02 17:25:08,494 - INFO - (262.247 -79.471 2.019)
2025-10-02 17:25:08,504 - INFO - (262.37 -79.385 1.14)
2025-10-02 17:25:08,514 - INFO - (262.493 -79.3 1.317)
2025-10-02 17:25:08,524 - INFO - (262.616 -79.214 0.03)
2025-10-02 17:25:08,535 - INFO - (262.739 -79.129 0.632)
2025-10-02 17:25:08,545 - INFO - (262.862 -79.043 -1.544)
2025-10-02 17:25:08,555 - INFO - (262.997 -78.948 2.022)
2025-10-02 17:25:08,565 - INFO - (263.12 -78.863 2.813)
2025-10-02 17:25:08,575 - INFO - (263.243 -78.776 -1.43)
2025-10-02 17:25:08,584 - INFO - (263.366 -78.69 -0.425)
2025-10-02 17:25:08,594 - INFO - (263.489 -78.604 0.813)
2025-10-02 17:25:08,604 - INFO - (263.6 -78.526 1.158)
2025-10-02 17:25:08,614 - INFO - (263.735 -78.431 0.913)
2025-10-02 17:25:08,624 - INFO - (263.858 -78.345 1.621)
2025-10-02 17:25:08,634 - INFO - (263.982 -78.258 -0.39)
2025-10-02 17:25:08,644 - INFO - (264.105 -78.172 -0.614)
2025-10-02 17:25:08,654 - INFO - (264.228 -78.085 0.474)
2025-10-02 17:25:08,664 - INFO - (264.351 -77.998 0.198)
2025-10-02 17:25:08,674 - INFO - (264.474 -77.912 0.119)
2025-10-02 17:25:08,684 - INFO - (264.597 -77.825 -1.183)
2025-10-02 17:25:08,694 - INFO - (264.72 -77.739 1.378)
2025-10-02 17:25:08,704 - INFO - (264.843 -77.652 -0.999)
2025-10-02 17:25:08,715 - INFO - (264.966 -77.565 1.575)
2025-10-02 17:25:08,724 - INFO - (265.089 -77.478 0.326)
2025-10-02 17:25:08,734 - INFO - (265.212 -77.391 0.064)
2025-10-02 17:25:08,745 - INFO - (265.335 -77.304 -4.24)
2025-10-02 17:25:08,754 - INFO - (265.458 -77.218 2.205)
2025-10-02 17:25:08,764 - INFO - (265.581 -77.131 3.488)
2025-10-02 17:25:08,774 - INFO - (265.692 -77.053 -1.082)
2025-10-02 17:25:08,784 - INFO - (265.815 -76.965 2.025)
2025-10-02 17:25:08,795 - INFO - (265.938 -76.878 -2.213)
2025-10-02 17:25:08,805 - INFO - (266.061 -76.791 0.592)
2025-10-02 17:25:08,815 - INFO - (266.184 -76.704 0.646)
2025-10-02 17:25:08,825 - INFO - (266.307 -76.617 0.298)
2025-10-02 17:25:08,835 - INFO - (266.43 -76.53 1.898)
2025-10-02 17:25:08,844 - INFO - (266.553 -76.443 -2.005)
2025-10-02 17:25:08,854 - INFO - (266.676 -76.355 0.188)
2025-10-02 17:25:08,864 - INFO - (266.8 -76.268 0.176)
2025-10-02 17:25:08,874 - INFO - (266.923 -76.181 -0.043)
2025-10-02 17:25:08,884 - INFO - (267.046 -76.094 -1.403)
2025-10-02 17:25:08,894 - INFO - (267.169 -76.007 1.422)
2025-10-02 17:25:08,904 - INFO - (267.292 -75.92 -0.137)
2025-10-02 17:25:08,914 - INFO - (267.403 -75.841 0.217)
2025-10-02 17:25:08,924 - INFO - (267.538 -75.745 -0.218)
2025-10-02 17:25:08,934 - INFO - (267.661 -75.658 -0.361)
2025-10-02 17:25:08,944 - INFO - (267.784 -75.571 -2.124)
2025-10-02 17:25:08,954 - INFO - (267.907 -75.484 -0.514)
2025-10-02 17:25:08,965 - INFO - (268.03 -75.397 4.351)
2025-10-02 17:25:08,974 - INFO - (268.153 -75.31 -1.541)
2025-10-02 17:25:08,984 - INFO - (268.276 -75.223 0.991)
2025-10-02 17:25:08,994 - INFO - (268.399 -75.135 -1.904)
2025-10-02 17:25:09,005 - INFO - (268.522 -75.048 0.304)
2025-10-02 17:25:09,014 - INFO - (268.645 -74.961 -0.287)
2025-10-02 17:25:09,024 - INFO - (268.767 -74.872 -1.169)
2025-10-02 17:25:09,034 - INFO - (268.901 -74.775 -1.304)
2025-10-02 17:25:09,044 - INFO - (269.01 -74.694 -1.898)
2025-10-02 17:25:09,055 - INFO - (269.142 -74.595 -2.356)
2025-10-02 17:25:09,065 - INFO - (269.25 -74.514 -1.866)
2025-10-02 17:25:09,075 - INFO - (269.369 -74.423 -1.665)
2025-10-02 17:25:09,085 - INFO - (269.487 -74.331 -4.791)
2025-10-02 17:25:09,095 - INFO - (269.604 -74.239 0.889)
2025-10-02 17:25:09,105 - INFO - (269.721 -74.146 -0.465)
2025-10-02 17:25:09,115 - INFO - (269.837 -74.053 -1.037)
2025-10-02 17:25:09,125 - INFO - (269.93 -73.977 -0.821)
2025-10-02 17:25:09,134 - INFO - (270.044 -73.882 -0.954)
2025-10-02 17:25:09,144 - INFO - (270.169 -73.776 -0.87)
2025-10-02 17:25:09,155 - INFO - (270.282 -73.679 -3.939)
2025-10-02 17:25:09,164 - INFO - (270.395 -73.582 4.465)
2025-10-02 17:25:09,175 - INFO - (270.507 -73.484 -0.065)
2025-10-02 17:25:09,184 - INFO - (270.63 -73.376 -3.258)
2025-10-02 17:25:09,194 - INFO - (270.729 -73.287 -0.742)
2025-10-02 17:25:09,204 - INFO - (270.839 -73.187 -0.408)
2025-10-02 17:25:09,214 - INFO - (270.959 -73.076 -0.313)
2025-10-02 17:25:09,224 - INFO - (271.067 -72.974 -0.206)
2025-10-02 17:25:09,234 - INFO - (271.175 -72.872 -0.178)
2025-10-02 17:25:09,244 - INFO - (271.281 -72.768 3.306)
2025-10-02 17:25:09,254 - INFO - (271.387 -72.664 -1.437)
2025-10-02 17:25:09,264 - INFO - (271.493 -72.559 -0.492)
2025-10-02 17:25:09,274 - INFO - (271.598 -72.454 0.832)
2025-10-02 17:25:09,284 - INFO - (271.703 -72.35 -8.53)
2025-10-02 17:25:09,294 - INFO - (271.807 -72.244 5.964)
2025-10-02 17:25:09,304 - INFO - (271.911 -72.138 3.343)
2025-10-02 17:25:09,314 - INFO - (272.015 -72.032 3.293)
2025-10-02 17:25:09,324 - INFO - (272.118 -71.924 3.776)
2025-10-02 17:25:09,334 - INFO - (272.222 -71.816 -1.398)
2025-10-02 17:25:09,345 - INFO - (272.323 -71.707 0.828)
2025-10-02 17:25:09,354 - INFO - (272.425 -71.597 -0.568)
2025-10-02 17:25:09,364 - INFO - (272.526 -71.487 4.503)
2025-10-02 17:25:09,374 - INFO - (272.627 -71.376 3.571)
2025-10-02 17:25:09,384 - INFO - (272.728 -71.265 0.597)
2025-10-02 17:25:09,394 - INFO - (272.829 -71.153 7.193)
2025-10-02 17:25:09,404 - INFO - (272.93 -71.04 4.298)
2025-10-02 17:25:09,414 - INFO - (273.021 -70.939 6.256)
2025-10-02 17:25:09,424 - INFO - (273.122 -70.825 7.086)
2025-10-02 17:25:09,435 - INFO - (273.224 -70.711 5.813)
2025-10-02 17:25:09,445 - INFO - (273.327 -70.597 6.279)
2025-10-02 17:25:09,455 - INFO - (273.429 -70.482 0.669)
2025-10-02 17:25:09,465 - INFO - (273.532 -70.367 -0.245)
2025-10-02 17:25:09,475 - INFO - (273.634 -70.252 1.322)
2025-10-02 17:25:09,485 - INFO - (273.737 -70.137 0.852)
2025-10-02 17:25:09,494 - INFO - (273.84 -70.022 3.43)
2025-10-02 17:25:09,504 - INFO - (273.942 -69.906 4.275)
2025-10-02 17:25:09,515 - INFO - (274.045 -69.79 -0.902)
2025-10-02 17:25:09,524 - INFO - (274.148 -69.674 2.819)
2025-10-02 17:25:09,534 - INFO - (274.251 -69.558 3.069)
2025-10-02 17:25:09,544 - INFO - (274.354 -69.442 2.22)
2025-10-02 17:25:09,554 - INFO - (274.457 -69.325 1.171)
2025-10-02 17:25:09,564 - INFO - (274.56 -69.208 1.017)
2025-10-02 17:25:09,575 - INFO - (274.664 -69.091 2.335)
2025-10-02 17:25:09,584 - INFO - (274.767 -68.974 0.167)
2025-10-02 17:25:09,594 - INFO - (274.87 -68.857 0.899)
2025-10-02 17:25:09,604 - INFO - (274.974 -68.74 1.0)
2025-10-02 17:25:09,614 - INFO - (275.077 -68.623 -0.527)
2025-10-02 17:25:09,624 - INFO - (275.18 -68.505 0.756)
2025-10-02 17:25:09,634 - INFO - (275.284 -68.388 0.448)
2025-10-02 17:25:29,601 - INFO - (281.532 -59.851 0.004)
2025-10-02 17:25:29,611 - INFO - (281.532 -59.851 0.0)
2025-10-02 17:25:29,621 - INFO - (281.532 -59.851 4.077)
2025-10-02 17:25:29,631 - INFO - (281.533 -59.85 12.931)
2025-10-02 17:25:29,641 - INFO - (281.535 -59.848 11.771)
2025-10-02 17:25:29,651 - INFO - (281.538 -59.846 13.182)
2025-10-02 17:25:29,661 - INFO - (281.541 -59.842 13.185)
2025-10-02 17:25:29,671 - INFO - (281.546 -59.838 13.184)
2025-10-02 17:25:29,681 - INFO - (281.552 -59.833 13.184)
2025-10-02 17:25:29,691 - INFO - (281.559 -59.826 14.503)
2025-10-02 17:25:29,701 - INFO - (281.567 -59.819 13.184)
2025-10-02 17:25:29,711 - INFO - (281.575 -59.812 13.184)
2025-10-02 17:25:29,721 - INFO - (281.585 -59.803 13.184)
2025-10-02 17:25:29,731 - INFO - (281.596 -59.793 13.184)
2025-10-02 17:25:29,741 - INFO - (281.608 -59.783 13.184)
2025-10-02 17:25:29,751 - INFO - (281.62 -59.771 13.184)
2025-10-02 17:25:29,761 - INFO - (281.634 -59.759 13.184)
2025-10-02 17:25:29,771 - INFO - (281.648 -59.746 13.184)
2025-10-02 17:25:29,781 - INFO - (281.664 -59.732 13.184)
2025-10-02 17:25:29,791 - INFO - (281.681 -59.716 29.399)
2025-10-02 17:25:29,801 - INFO - (281.699 -59.699 15.714)
2025-10-02 17:25:29,811 - INFO - (281.718 -59.681 5.287)
2025-10-02 17:25:29,821 - INFO - (281.738 -59.662 6.524)
2025-10-02 17:25:29,831 - INFO - (281.759 -59.644 7.004)
2025-10-02 17:25:29,841 - INFO - (281.778 -59.627 6.334)
2025-10-02 17:25:29,851 - INFO - (281.8 -59.608 18.824)
2025-10-02 17:25:29,861 - INFO - (281.823 -59.587 14.918)
2025-10-02 17:25:29,871 - INFO - (281.847 -59.565 11.973)
2025-10-02 17:25:29,881 - INFO - (281.873 -59.543 13.236)
2025-10-02 17:25:29,891 - INFO - (281.899 -59.519 31.12)
2025-10-02 17:25:29,901 - INFO - (281.929 -59.494 17.86)
2025-10-02 17:25:29,911 - INFO - (281.959 -59.468 7.026)
2025-10-02 17:25:29,921 - INFO - (281.989 -59.441 6.84)
2025-10-02 17:25:29,931 - INFO - (282.02 -59.414 6.891)
2025-10-02 17:25:29,941 - INFO - (282.052 -59.387 10.846)
2025-10-02 17:25:29,951 - INFO - (282.083 -59.358 6.805)
2025-10-02 17:25:29,961 - INFO - (282.115 -59.328 7.794)
2025-10-02 17:25:29,971 - INFO - (282.148 -59.298 7.991)
2025-10-02 17:25:29,981 - INFO - (282.181 -59.267 31.731)
2025-10-02 17:25:29,991 - INFO - (282.217 -59.234 11.442)
2025-10-02 17:25:30,001 - INFO - (282.258 -59.197 19.274)
2025-10-02 17:25:30,011 - INFO - (282.296 -59.161 9.095)
2025-10-02 17:25:30,021 - INFO - (282.334 -59.126 5.665)
2025-10-02 17:25:30,031 - INFO - (282.373 -59.09 5.879)
2025-10-02 17:25:30,041 - INFO - (282.412 -59.054 7.641)
2025-10-02 17:25:30,051 - INFO - (282.452 -59.016 22.819)
2025-10-02 17:25:30,061 - INFO - (282.494 -58.978 13.429)
2025-10-02 17:25:30,071 - INFO - (282.537 -58.938 13.103)
2025-10-02 17:25:30,081 - INFO - (282.58 -58.898 13.178)
2025-10-02 17:25:30,091 - INFO - (282.625 -58.857 13.183)
2025-10-02 17:25:30,101 - INFO - (282.671 -58.815 13.183)
2025-10-02 17:25:30,111 - INFO - (282.717 -58.771 11.908)
2025-10-02 17:25:30,121 - INFO - (282.764 -58.727 9.959)
2025-10-02 17:25:30,131 - INFO - (282.812 -58.683 13.207)
2025-10-02 17:25:30,141 - INFO - (282.861 -58.637 13.06)
2025-10-02 17:25:30,152 - INFO - (282.911 -58.591 12.306)
2025-10-02 17:25:30,162 - INFO - (282.961 -58.543 16.503)
2025-10-02 17:25:30,171 - INFO - (283.014 -58.494 17.367)
2025-10-02 17:25:30,181 - INFO - (283.067 -58.445 5.699)
2025-10-02 17:25:30,191 - INFO - (283.12 -58.394 6.49)
2025-10-02 17:25:30,201 - INFO - (283.174 -58.344 11.048)
2025-10-02 17:25:30,211 - INFO - (283.228 -58.292 13.195)
2025-10-02 17:25:30,221 - INFO - (283.283 -58.239 10.61)
2025-10-02 17:25:30,231 - INFO - (283.334 -58.191 9.568)
2025-10-02 17:25:30,241 - INFO - (283.396 -58.131 11.704)
2025-10-02 17:25:30,251 - INFO - (283.447 -58.081 9.572)
2025-10-02 17:25:30,261 - INFO - (283.505 -58.025 8.529)
2025-10-02 17:25:30,271 - INFO - (283.564 -57.97 10.003)
2025-10-02 17:25:30,281 - INFO - (283.624 -57.913 3.792)
2025-10-02 17:25:30,291 - INFO - (283.683 -57.856 6.456)
2025-10-02 17:25:30,301 - INFO - (283.743 -57.799 6.368)
2025-10-02 17:25:30,311 - INFO - (283.803 -57.74 6.28)
2025-10-02 17:25:30,321 - INFO - (283.864 -57.682 6.246)
2025-10-02 17:25:30,331 - INFO - (283.925 -57.622 6.212)
2025-10-02 17:25:30,341 - INFO - (283.986 -57.562 6.165)
2025-10-02 17:25:30,351 - INFO - (284.047 -57.501 18.421)
2025-10-02 17:25:30,361 - INFO - (284.11 -57.439 11.891)
2025-10-02 17:25:30,372 - INFO - (284.173 -57.375 9.221)
2025-10-02 17:25:30,381 - INFO - (284.236 -57.311 3.608)
2025-10-02 17:25:30,391 - INFO - (284.299 -57.246 6.063)
2025-10-02 17:25:30,401 - INFO - (284.362 -57.179 15.348)
2025-10-02 17:25:30,411 - INFO - (284.425 -57.111 4.436)
2025-10-02 17:25:30,421 - INFO - (284.489 -57.043 4.126)
2025-10-02 17:25:30,431 - INFO - (284.552 -56.975 2.865)
2025-10-02 17:25:30,441 - INFO - (284.615 -56.906 5.977)
2025-10-02 17:25:30,451 - INFO - (284.672 -56.842 5.268)
2025-10-02 17:25:30,461 - INFO - (284.735 -56.771 4.879)
2025-10-02 17:25:30,471 - INFO - (284.797 -56.699 4.91)
2025-10-02 17:25:30,481 - INFO - (284.859 -56.626 4.685)
2025-10-02 17:25:30,491 - INFO - (284.927 -56.545 1.452)
2025-10-02 17:25:30,501 - INFO - (284.987 -56.469 3.498)
2025-10-02 17:25:30,511 - INFO - (285.041 -56.401 -1.475)
2025-10-02 17:25:30,521 - INFO - (285.1 -56.325 0.289)
2025-10-02 17:25:30,531 - INFO - (285.163 -56.24 1.208)
2025-10-02 17:25:30,541 - INFO - (285.214 -56.169 1.203)
2025-10-02 17:25:30,551 - INFO - (285.27 -56.09 -2.358)
2025-10-02 17:25:30,561 - INFO - (285.328 -56.001 2.687)
2025-10-02 17:25:30,571 - INFO - (285.376 -55.928 3.055)
2025-10-02 17:25:30,582 - INFO - (285.428 -55.846 3.297)
2025-10-02 17:25:30,592 - INFO - (285.485 -55.756 3.684)
2025-10-02 17:25:30,602 - INFO - (285.536 -55.672 2.302)
2025-10-02 17:25:30,611 - INFO - (285.581 -55.596 2.404)
2025-10-02 17:25:30,621 - INFO - (285.63 -55.511 2.449)
2025-10-02 17:25:30,631 - INFO - (285.683 -55.416 3.212)
2025-10-02 17:25:30,641 - INFO - (285.726 -55.338 2.786)
2025-10-02 17:25:30,651 - INFO - (285.771 -55.25 2.101)
2025-10-02 17:25:30,661 - INFO - (285.821 -55.152 4.187)
2025-10-02 17:25:30,671 - INFO - (285.861 -55.072 3.758)
2025-10-02 17:25:30,681 - INFO - (285.908 -54.972 4.357)
2025-10-02 17:25:30,691 - INFO - (285.95 -54.881 3.905)
2025-10-02 17:25:30,701 - INFO - (285.992 -54.789 4.048)
2025-10-02 17:25:30,711 - INFO - (286.032 -54.695 4.782)
2025-10-02 17:25:30,721 - INFO - (286.071 -54.601 0.912)
2025-10-02 17:25:30,731 - INFO - (286.109 -54.506 3.266)
2025-10-02 17:25:30,741 - INFO - (286.146 -54.411 3.081)
2025-10-02 17:25:30,751 - INFO - (286.182 -54.315 2.158)
2025-10-02 17:25:30,761 - INFO - (286.217 -54.218 2.209)
2025-10-02 17:25:30,771 - INFO - (286.248 -54.131 2.007)
2025-10-02 17:25:30,781 - INFO - (286.281 -54.033 2.584)
2025-10-02 17:25:30,791 - INFO - (286.314 -53.935 -2.849)
2025-10-02 17:25:30,801 - INFO - (286.344 -53.837 -3.435)
2025-10-02 17:25:30,811 - INFO - (286.374 -53.739 -3.039)
2025-10-02 17:25:30,821 - INFO - (286.401 -53.651 0.458)
2025-10-02 17:25:30,831 - INFO - (286.432 -53.543 -5.17)
2025-10-02 17:25:30,842 - INFO - (286.46 -53.445 -8.49)
2025-10-02 17:25:30,852 - INFO - (286.486 -53.348 -11.016)
2025-10-02 17:25:30,861 - INFO - (286.509 -53.261 -10.15)
2025-10-02 17:25:30,871 - INFO - (286.536 -53.157 -12.49)
2025-10-02 17:25:30,881 - INFO - (286.554 -53.082 -15.658)
2025-10-02 17:25:30,891 - INFO - (286.577 -52.989 -5.47)
2025-10-02 17:25:30,901 - INFO - (286.601 -52.887 -10.135)
2025-10-02 17:25:30,911 - INFO - (286.621 -52.795 -14.699)
2025-10-02 17:25:30,921 - INFO - (286.64 -52.705 -10.581)
2025-10-02 17:25:30,931 - INFO - (286.658 -52.615 -10.182)
2025-10-02 17:25:30,941 - INFO - (286.676 -52.526 -9.93)
2025-10-02 17:25:30,951 - INFO - (286.692 -52.438 -9.687)
2025-10-02 17:25:30,961 - INFO - (286.708 -52.351 -9.48)
2025-10-02 17:25:30,971 - INFO - (286.724 -52.256 -10.639)
2025-10-02 17:25:30,981 - INFO - (286.738 -52.171 -8.865)
2025-10-02 17:25:30,991 - INFO - (286.75 -52.086 -8.606)
2025-10-02 17:25:31,001 - INFO - (286.762 -52.002 -8.323)
2025-10-02 17:25:31,011 - INFO - (286.773 -51.919 -7.998)
2025-10-02 17:25:31,021 - INFO - (286.783 -51.845 -6.978)
2025-10-02 17:25:31,031 - INFO - (286.792 -51.763 -7.55)
2025-10-02 17:25:31,041 - INFO - (286.801 -51.682 -19.416)
2025-10-02 17:25:31,051 - INFO - (286.807 -51.603 -10.148)
2025-10-02 17:25:31,061 - INFO - (286.813 -51.524 -9.432)
2025-10-02 17:25:31,071 - INFO - (286.819 -51.439 -10.242)
2025-10-02 17:25:31,081 - INFO - (286.823 -51.362 -9.198)
2025-10-02 17:25:31,091 - INFO - (286.825 -51.294 -7.892)
2025-10-02 17:25:31,101 - INFO - (286.827 -51.212 -15.396)
2025-10-02 17:25:31,112 - INFO - (286.828 -51.146 -6.642)
2025-10-02 17:25:31,122 - INFO - (286.828 -51.073 -5.58)
2025-10-02 17:25:31,132 - INFO - (286.827 -51.0 -5.977)
2025-10-02 17:25:31,141 - INFO - (286.825 -50.921 -8.721)
2025-10-02 17:25:31,151 - INFO - (286.823 -50.857 -7.543)
2025-10-02 17:25:31,161 - INFO - (286.819 -50.787 -8.441)
2025-10-02 17:25:31,171 - INFO - (286.814 -50.718 -9.937)
2025-10-02 17:25:31,181 - INFO - (286.809 -50.65 -9.15)
2025-10-02 17:25:31,191 - INFO - (286.802 -50.583 -9.198)
2025-10-02 17:25:31,201 - INFO - (286.794 -50.517 -5.562)
2025-10-02 17:25:31,211 - INFO - (286.784 -50.445 -6.544)
2025-10-02 17:25:31,221 - INFO - (286.775 -50.38 -7.419)
2025-10-02 17:25:31,231 - INFO - (286.764 -50.316 -8.42)
2025-10-02 17:25:31,241 - INFO - (286.752 -50.254 -6.815)
2025-10-02 17:25:31,251 - INFO - (286.741 -50.198 -6.052)
2025-10-02 17:25:31,261 - INFO - (286.726 -50.131 -11.459)
2025-10-02 17:25:31,271 - INFO - (286.713 -50.077 -5.342)
2025-10-02 17:25:31,281 - INFO - (286.699 -50.018 -7.278)
2025-10-02 17:25:31,291 - INFO - (286.685 -49.96 -7.592)
2025-10-02 17:25:31,301 - INFO - (286.669 -49.897 -8.374)
2025-10-02 17:25:31,311 - INFO - (286.656 -49.846 -6.79)
2025-10-02 17:25:31,321 - INFO - (286.64 -49.79 -7.656)
2025-10-02 17:25:31,331 - INFO - (286.625 -49.735 -6.629)
2025-10-02 17:25:31,341 - INFO - (286.608 -49.681 -5.726)
2025-10-02 17:25:31,351 - INFO - (286.591 -49.628 -5.417)
2025-10-02 17:25:31,361 - INFO - (286.573 -49.576 -8.226)
2025-10-02 17:25:31,371 - INFO - (286.553 -49.52 -11.07)
2025-10-02 17:25:31,381 - INFO - (286.534 -49.47 -9.744)
2025-10-02 17:25:31,391 - INFO - (286.517 -49.421 -9.493)
2025-10-02 17:25:31,401 - INFO - (286.499 -49.373 -9.333)
2025-10-02 17:25:31,411 - INFO - (286.481 -49.325 -9.176)
2025-10-02 17:25:31,421 - INFO - (286.464 -49.279 -9.605)
2025-10-02 17:25:31,431 - INFO - (286.447 -49.234 -8.981)
2025-10-02 17:25:31,441 - INFO - (286.43 -49.19 -8.666)
2025-10-02 17:25:31,451 - INFO - (286.415 -49.151 -7.681)
2025-10-02 17:25:31,461 - INFO - (286.396 -49.104 -9.277)
2025-10-02 17:25:31,471 - INFO - (286.38 -49.062 -8.334)
2025-10-02 17:25:31,481 - INFO - (286.363 -49.021 -3.692)
2025-10-02 17:25:31,491 - INFO - (286.346 -48.98 -1.334)
2025-10-02 17:25:31,501 - INFO - (286.331 -48.943 -1.463)
2025-10-02 17:25:31,511 - INFO - (286.313 -48.903 -1.749)
2025-10-02 17:25:31,521 - INFO - (286.294 -48.863 -1.823)
2025-10-02 17:25:31,531 - INFO - (286.275 -48.824 -1.909)
2025-10-02 17:25:31,541 - INFO - (286.256 -48.785 -1.998)
2025-10-02 17:25:31,551 - INFO - (286.236 -48.747 -2.084)
2025-10-02 17:25:31,561 - INFO - (286.216 -48.709 -2.167)
2025-10-02 17:25:31,571 - INFO - (286.197 -48.667 -15.872)
2025-10-02 17:25:31,581 - INFO - (286.194 -48.627 -23.56)
2025-10-02 17:25:31,591 - INFO - (286.199 -48.594 -3.567)
2025-10-02 17:25:31,601 - INFO - (286.212 -48.553 1.618)
2025-10-02 17:25:31,611 - INFO - (286.227 -48.518 2.207)
2025-10-02 17:25:31,621 - INFO - (286.245 -48.484 1.906)
2025-10-02 17:25:31,631 - INFO - (286.264 -48.454 1.219)
2025-10-02 17:25:31,641 - INFO - (286.286 -48.422 -0.084)
2025-10-02 17:25:31,651 - INFO - (286.309 -48.391 -0.694)
2025-10-02 17:25:31,661 - INFO - (286.333 -48.36 -1.821)
2025-10-02 17:25:31,671 - INFO - (286.358 -48.331 -2.886)
2025-10-02 17:25:31,681 - INFO - (286.383 -48.302 -3.795)
2025-10-02 17:25:31,691 - INFO - (286.409 -48.274 -4.527)
2025-10-02 17:25:31,701 - INFO - (286.434 -48.246 -5.201)
2025-10-02 17:25:31,711 - INFO - (286.46 -48.22 -5.666)
2025-10-02 17:25:31,721 - INFO - (286.485 -48.194 -6.011)
2025-10-02 17:25:31,731 - INFO - (286.511 -48.168 -6.352)
2025-10-02 17:25:31,741 - INFO - (286.536 -48.144 -4.818)
2025-10-02 17:25:31,751 - INFO - (286.56 -48.12 -3.958)
2025-10-02 17:25:31,761 - INFO - (286.586 -48.095 -31.808)
2025-10-02 17:25:31,771 - INFO - (286.608 -48.074 -22.305)
2025-10-02 17:25:31,781 - INFO - (286.629 -48.054 -0.508)
2025-10-02 17:25:31,791 - INFO - (286.648 -48.036 1.479)
2025-10-02 17:25:31,801 - INFO - (286.67 -48.016 -2.951)
2025-10-02 17:25:31,811 - INFO - (286.691 -47.997 -3.687)
2025-10-02 17:25:31,821 - INFO - (286.712 -47.977 -3.584)
2025-10-02 17:25:31,831 - INFO - (286.733 -47.958 -3.455)
2025-10-02 17:25:31,841 - INFO - (286.751 -47.942 -3.403)
2025-10-02 17:25:31,851 - INFO - (286.772 -47.923 -3.409)
2025-10-02 17:25:31,861 - INFO - (286.792 -47.905 -3.169)
2025-10-02 17:25:31,871 - INFO - (286.812 -47.888 -3.147)
2025-10-02 17:25:31,881 - INFO - (286.832 -47.87 -2.975)
2025-10-02 17:25:31,892 - INFO - (286.852 -47.853 -2.742)
2025-10-02 17:25:31,902 - INFO - (286.872 -47.836 -2.598)
2025-10-02 17:25:31,911 - INFO - (286.892 -47.82 -4.012)
2025-10-02 17:25:31,921 - INFO - (286.911 -47.804 -3.229)
2025-10-02 17:25:31,931 - INFO - (286.93 -47.788 -25.433)
2025-10-02 17:25:31,941 - INFO - (286.947 -47.775 -13.765)
2025-10-02 17:25:31,951 - INFO - (286.963 -47.762 -3.055)
2025-10-02 17:25:31,961 - INFO - (286.98 -47.749 -3.144)
2025-10-02 17:25:31,971 - INFO - (286.996 -47.737 -4.917)
2025-10-02 17:25:31,981 - INFO - (287.012 -47.726 -5.773)
2025-10-02 17:25:31,991 - INFO - (287.027 -47.717 -80.715)
2025-10-02 17:25:32,001 - INFO - (287.037 -47.717 -7.919)
2025-10-02 17:25:32,011 - INFO - (287.044 -47.717 -37.502)
2025-10-02 17:25:32,021 - INFO - (287.051 -47.717 0.218)
2025-10-02 17:25:32,031 - INFO - (287.058 -47.718 0.177)
2025-10-02 17:25:32,041 - INFO - (287.065 -47.718 0.201)
2025-10-02 17:25:32,051 - INFO - (287.072 -47.718 0.204)
2025-10-02 17:25:32,061 - INFO - (287.079 -47.719 0.203)
2025-10-02 17:25:32,071 - INFO - (287.086 -47.719 0.203)
2025-10-02 17:25:32,081 - INFO - (287.093 -47.719 0.202)
2025-10-02 17:25:32,091 - INFO - (287.1 -47.72 0.202)
2025-10-02 17:25:32,101 - INFO - (287.106 -47.722 -20.558)
2025-10-02 17:25:32,111 - INFO - (287.109 -47.725 -0.111)
2025-10-02 17:25:32,121 - INFO - (287.112 -47.73 12.926)
2025-10-02 17:25:32,131 - INFO - (287.114 -47.736 5.069)
2025-10-02 17:25:32,141 - INFO - (287.116 -47.744 5.003)
2025-10-02 17:25:32,151 - INFO - (287.118 -47.751 4.418)
2025-10-02 17:25:32,161 - INFO - (287.119 -47.759 5.642)
2025-10-02 17:25:32,171 - INFO - (287.12 -47.767 4.761)
2025-10-02 17:25:32,181 - INFO - (287.121 -47.776 5.418)
2025-10-02 17:25:32,191 - INFO - (287.122 -47.786 5.535)
2025-10-02 17:25:32,201 - INFO - (287.122 -47.796 5.639)
2025-10-02 17:25:32,211 - INFO - (287.122 -47.807 5.732)
2025-10-02 17:25:32,221 - INFO - (287.122 -47.818 5.817)
2025-10-02 17:25:32,231 - INFO - (287.121 -47.831 6.492)
2025-10-02 17:25:32,241 - INFO - (287.121 -47.843 6.03)
2025-10-02 17:25:32,251 - INFO - (287.119 -47.856 6.638)
2025-10-02 17:25:32,261 - INFO - (287.118 -47.87 6.126)
2025-10-02 17:25:32,271 - INFO - (287.116 -47.884 6.191)
2025-10-02 17:25:32,282 - INFO - (287.114 -47.899 6.315)
2025-10-02 17:25:32,292 - INFO - (287.112 -47.915 6.4)
2025-10-02 17:25:32,301 - INFO - (287.11 -47.931 6.49)
2025-10-02 17:25:32,311 - INFO - (287.107 -47.946 5.928)
2025-10-02 17:25:32,321 - INFO - (287.104 -47.964 6.69)
2025-10-02 17:25:32,331 - INFO - (287.1 -47.982 10.432)
2025-10-02 17:25:32,341 - INFO - (287.094 -48.001 22.369)
2025-10-02 17:25:32,351 - INFO - (287.088 -48.022 5.813)
2025-10-02 17:25:32,361 - INFO - (287.081 -48.043 4.789)
2025-10-02 17:25:32,371 - INFO - (287.074 -48.065 9.191)
2025-10-02 17:25:32,381 - INFO - (287.066 -48.087 10.488)
2025-10-02 17:25:32,391 - INFO - (287.05 -48.108 107.07)
2025-10-02 17:25:32,401 - INFO - (287.02 -48.13 26.086)
2025-10-02 17:25:32,411 - INFO - (286.986 -48.156 22.542)
2025-10-02 17:25:32,421 - INFO - (286.952 -48.18 23.197)
2025-10-02 17:25:32,431 - INFO - (286.916 -48.204 23.839)
2025-10-02 17:25:32,441 - INFO - (286.878 -48.23 24.292)
2025-10-02 17:25:32,451 - INFO - (286.841 -48.254 22.207)
2025-10-02 17:25:32,461 - INFO - (286.797 -48.281 58.672)
2025-10-02 17:25:32,471 - INFO - (286.748 -48.31 20.238)
2025-10-02 17:25:32,481 - INFO - (286.698 -48.34 15.575)
2025-10-02 17:25:32,491 - INFO - (286.647 -48.369 15.744)
2025-10-02 17:25:32,501 - INFO - (286.588 -48.403 17.575)
2025-10-02 17:25:32,511 - INFO - (286.534 -48.433 16.217)
2025-10-02 17:25:32,521 - INFO - (286.477 -48.464 16.443)
2025-10-02 17:25:32,531 - INFO - (286.419 -48.496 16.661)
2025-10-02 17:25:32,541 - INFO - (286.359 -48.528 16.848)
2025-10-02 17:25:32,551 - INFO - (286.298 -48.561 15.564)
2025-10-02 17:25:32,561 - INFO - (286.235 -48.594 20.01)
2025-10-02 17:25:32,571 - INFO - (286.17 -48.628 14.217)
2025-10-02 17:25:32,581 - INFO - (286.103 -48.662 32.877)
2025-10-02 17:25:32,591 - INFO - (286.032 -48.695 28.399)
2025-10-02 17:25:32,601 - INFO - (285.959 -48.73 26.316)
2025-10-02 17:25:32,611 - INFO - (285.882 -48.764 24.713)
2025-10-02 17:25:32,621 - INFO - (285.804 -48.799 22.427)
2025-10-02 17:25:32,632 - INFO - (285.723 -48.834 20.766)
2025-10-02 17:25:32,642 - INFO - (285.64 -48.87 19.583)
2025-10-02 17:25:32,651 - INFO - (285.555 -48.905 18.101)
2025-10-02 17:25:32,661 - INFO - (285.468 -48.941 16.378)
2025-10-02 17:25:32,671 - INFO - (285.38 -48.977 13.603)
2025-10-02 17:25:32,681 - INFO - (285.29 -49.011 12.451)
2025-10-02 17:25:32,691 - INFO - (285.199 -49.045 0.286)
2025-10-02 17:25:32,701 - INFO - (285.107 -49.077 7.825)
2025-10-02 17:25:32,711 - INFO - (285.014 -49.11 7.343)
2025-10-02 17:25:32,721 - INFO - (284.92 -49.142 6.779)
2025-10-02 17:25:32,737 - INFO - (284.826 -49.173 6.016)
2025-10-02 17:25:32,741 - INFO - (284.692 -49.217 7.594)
2025-10-02 17:25:32,751 - INFO - (284.644 -49.233 2.609)
2025-10-02 17:25:32,761 - INFO - (284.548 -49.263 5.127)
2025-10-02 17:25:32,771 - INFO - (284.451 -49.293 4.615)
2025-10-02 17:25:32,781 - INFO - (284.353 -49.323 4.406)
2025-10-02 17:25:32,791 - INFO - (284.254 -49.354 14.16)
2025-10-02 17:25:32,801 - INFO - (284.145 -49.388 -1.93)
2025-10-02 17:25:32,812 - INFO - (284.057 -49.416 -2.458)
2025-10-02 17:25:32,822 - INFO - (283.958 -49.447 -2.887)
2025-10-02 17:25:32,832 - INFO - (283.86 -49.477 -4.72)
2025-10-02 17:25:32,841 - INFO - (283.772 -49.505 -3.964)
2025-10-02 17:25:32,851 - INFO - (283.675 -49.535 -3.684)
2025-10-02 17:25:32,861 - INFO - (283.578 -49.564 -19.817)
2025-10-02 17:25:32,871 - INFO - (283.482 -49.59 -14.625)
2025-10-02 17:25:32,881 - INFO - (283.387 -49.615 -3.529)
2025-10-02 17:25:32,891 - INFO - (283.293 -49.639 -2.841)
2025-10-02 17:25:32,901 - INFO - (283.198 -49.663 -3.329)
2025-10-02 17:25:32,911 - INFO - (283.104 -49.687 -3.094)
2025-10-02 17:25:32,921 - INFO - (283.01 -49.711 -2.721)
2025-10-02 17:25:32,931 - INFO - (282.915 -49.732 5.49)
2025-10-02 17:25:32,941 - INFO - (282.82 -49.753 10.382)
2025-10-02 17:25:32,951 - INFO - (282.723 -49.773 7.887)
2025-10-02 17:25:32,961 - INFO - (282.625 -49.792 5.779)
2025-10-02 17:25:32,971 - INFO - (282.527 -49.811 3.989)
2025-10-02 17:25:32,981 - INFO - (282.428 -49.829 2.852)
2025-10-02 17:25:32,991 - INFO - (282.339 -49.844 1.844)
2025-10-02 17:25:33,001 - INFO - (282.23 -49.862 1.204)
2025-10-02 17:25:33,011 - INFO - (282.14 -49.876 0.557)
2025-10-02 17:25:33,021 - INFO - (282.04 -49.891 0.279)
2025-10-02 17:25:33,031 - INFO - (281.93 -49.906 -0.064)
2025-10-02 17:25:33,041 - INFO - (281.831 -49.92 -0.302)
2025-10-02 17:25:33,051 - INFO - (281.731 -49.934 -0.481)
2025-10-02 17:25:33,061 - INFO - (281.631 -49.947 -0.573)
2025-10-02 17:25:33,071 - INFO - (281.531 -49.96 -0.358)
2025-10-02 17:25:33,081 - INFO - (281.431 -49.973 -0.057)
2025-10-02 17:25:33,091 - INFO - (281.331 -49.987 -0.162)
2025-10-02 17:25:33,101 - INFO - (281.222 -50.003 0.366)
2025-10-02 17:25:33,111 - INFO - (281.122 -50.017 0.294)
2025-10-02 17:25:33,121 - INFO - (281.023 -50.033 0.115)
2025-10-02 17:25:33,131 - INFO - (280.923 -50.049 0.549)
2025-10-02 17:25:33,141 - INFO - (280.823 -50.064 0.819)
2025-10-02 17:25:33,151 - INFO - (280.724 -50.08 0.565)
2025-10-02 17:25:33,161 - INFO - (280.624 -50.096 0.384)
2025-10-02 17:25:33,171 - INFO - (280.524 -50.112 0.65)
2025-10-02 17:25:33,182 - INFO - (280.424 -50.128 0.494)
2025-10-02 17:25:33,192 - INFO - (280.325 -50.144 0.317)
2025-10-02 17:25:33,202 - INFO - (280.225 -50.161 0.531)
2025-10-02 17:25:33,211 - INFO - (280.125 -50.177 0.497)
2025-10-02 17:25:33,221 - INFO - (280.025 -50.194 0.43)
2025-10-02 17:25:33,231 - INFO - (279.925 -50.211 0.37)
2025-10-02 17:25:33,241 - INFO - (279.826 -50.228 0.46)
2025-10-02 17:25:33,251 - INFO - (279.726 -50.245 0.356)
2025-10-02 17:25:33,261 - INFO - (279.626 -50.262 0.26)
2025-10-02 17:25:33,271 - INFO - (279.526 -50.279 0.508)
2025-10-02 17:25:33,281 - INFO - (279.426 -50.297 0.402)
2025-10-02 17:25:33,291 - INFO - (279.326 -50.314 0.303)
2025-10-02 17:25:33,301 - INFO - (279.236 -50.329 0.299)
2025-10-02 17:25:33,311 - INFO - (279.136 -50.347 0.337)
2025-10-02 17:25:33,321 - INFO - (279.035 -50.364 0.262)
2025-10-02 17:25:33,331 - INFO - (278.935 -50.381 0.22)
2025-10-02 17:25:33,341 - INFO - (278.835 -50.399 0.319)
2025-10-02 17:25:33,351 - INFO - (278.735 -50.416 0.252)
2025-10-02 17:25:33,361 - INFO - (278.635 -50.434 0.195)
2025-10-02 17:25:33,371 - INFO - (278.535 -50.451 0.219)
2025-10-02 17:25:33,381 - INFO - (278.434 -50.469 0.197)
2025-10-02 17:25:33,391 - INFO - (278.334 -50.486 0.154)
2025-10-02 17:25:33,401 - INFO - (278.234 -50.504 0.144)
2025-10-02 17:25:33,411 - INFO - (278.134 -50.521 0.16)
2025-10-02 17:25:33,422 - INFO - (278.043 -50.537 0.115)
2025-10-02 17:25:33,432 - INFO - (277.943 -50.555 0.101)
2025-10-02 17:25:33,441 - INFO - (277.833 -50.574 0.15)
2025-10-02 17:25:33,451 - INFO - (277.742 -50.59 0.107)
2025-10-02 17:25:33,461 - INFO - (277.642 -50.608 0.094)
2025-10-02 17:25:33,471 - INFO - (277.532 -50.627 0.101)
2025-10-02 17:25:33,481 - INFO - (277.431 -50.645 0.091)
2025-10-02 17:25:33,491 - INFO - (277.331 -50.663 0.072)
2025-10-02 17:25:33,501 - INFO - (277.231 -50.68 0.06)
2025-10-02 17:25:33,511 - INFO - (277.13 -50.698 0.074)
2025-10-02 17:25:33,521 - INFO - (277.03 -50.716 0.058)
2025-10-02 17:25:33,531 - INFO - (276.93 -50.734 0.046)
2025-10-02 17:25:33,541 - INFO - (276.829 -50.751 0.058)
2025-10-02 17:25:33,551 - INFO - (276.729 -50.769 0.054)
2025-10-02 17:25:33,561 - INFO - (276.629 -50.787 0.042)
2025-10-02 17:25:33,571 - INFO - (276.528 -50.804 0.039)
2025-10-02 17:25:53,157 - INFO - (245.782 -56.651 0.005)
2025-10-02 17:25:53,167 - INFO - (245.782 -56.651 0.0)
2025-10-02 17:25:53,177 - INFO - (245.782 -56.651 -0.0)
2025-10-02 17:25:53,187 - INFO - (245.782 -56.651 19.669)
2025-10-02 17:25:53,197 - INFO - (245.772 -56.652 129.875)
2025-10-02 17:25:53,207 - INFO - (245.752 -56.654 99.328)
2025-10-02 17:25:53,217 - INFO - (245.722 -56.658 87.304)
2025-10-02 17:25:53,227 - INFO - (245.685 -56.662 76.694)
2025-10-02 17:25:53,237 - INFO - (245.64 -56.668 67.405)
2025-10-02 17:25:53,247 - INFO - (245.589 -56.674 59.229)
2025-10-02 17:25:53,257 - INFO - (245.533 -56.682 52.086)
2025-10-02 17:25:53,267 - INFO - (245.472 -56.69 45.839)
2025-10-02 17:25:53,277 - INFO - (245.406 -56.699 40.318)
2025-10-02 17:25:53,287 - INFO - (245.337 -56.708 35.482)
2025-10-02 17:25:53,297 - INFO - (245.265 -56.719 31.457)
2025-10-02 17:25:53,307 - INFO - (245.19 -56.73 27.749)
2025-10-02 17:25:53,317 - INFO - (245.112 -56.742 24.515)
2025-10-02 17:25:53,327 - INFO - (245.032 -56.754 21.785)
2025-10-02 17:25:53,337 - INFO - (244.95 -56.767 19.384)
2025-10-02 17:25:53,347 - INFO - (244.867 -56.78 17.248)
2025-10-02 17:25:53,357 - INFO - (244.782 -56.794 15.413)
2025-10-02 17:25:53,367 - INFO - (244.695 -56.809 13.887)
2025-10-02 17:25:53,377 - INFO - (244.607 -56.824 12.505)
2025-10-02 17:25:53,387 - INFO - (244.518 -56.84 11.281)
2025-10-02 17:25:53,397 - INFO - (244.428 -56.856 10.241)
2025-10-02 17:25:53,407 - INFO - (244.337 -56.872 18.643)
2025-10-02 17:25:53,417 - INFO - (244.244 -56.89 23.892)
2025-10-02 17:25:53,427 - INFO - (244.148 -56.908 13.862)
2025-10-02 17:25:53,438 - INFO - (244.052 -56.927 11.471)
2025-10-02 17:25:53,447 - INFO - (243.955 -56.946 9.277)
2025-10-02 17:25:53,458 - INFO - (243.857 -56.966 7.704)
2025-10-02 17:25:53,467 - INFO - (243.758 -56.985 6.001)
2025-10-02 17:25:53,477 - INFO - (243.659 -57.005 4.571)
2025-10-02 17:25:53,487 - INFO - (243.569 -57.022 3.255)
2025-10-02 17:25:53,497 - INFO - (243.469 -57.04 2.457)
2025-10-02 17:25:53,507 - INFO - (243.368 -57.059 1.643)
2025-10-02 17:25:53,517 - INFO - (243.268 -57.078 1.367)
2025-10-02 17:25:53,527 - INFO - (243.167 -57.097 0.969)
2025-10-02 17:25:53,537 - INFO - (243.067 -57.116 0.429)
2025-10-02 17:25:53,547 - INFO - (242.966 -57.134 0.327)
2025-10-02 17:25:53,557 - INFO - (242.865 -57.153 0.226)
2025-10-02 17:25:53,567 - INFO - (242.765 -57.171 -0.031)
2025-10-02 17:25:53,577 - INFO - (242.664 -57.19 -0.085)
2025-10-02 17:25:53,587 - INFO - (242.563 -57.208 -0.078)
2025-10-02 17:25:53,597 - INFO - (242.462 -57.226 -0.169)
2025-10-02 17:25:53,607 - INFO - (242.361 -57.245 -0.307)
2025-10-02 17:25:53,617 - INFO - (242.261 -57.263 -0.245)
2025-10-02 17:25:53,627 - INFO - (242.15 -57.283 -0.226)
2025-10-02 17:25:53,637 - INFO - (242.049 -57.301 -0.322)
2025-10-02 17:25:53,647 - INFO - (241.959 -57.317 0.033)
2025-10-02 17:25:53,657 - INFO - (241.858 -57.335 -0.23)
2025-10-02 17:25:53,668 - INFO - (241.757 -57.353 -0.293)
2025-10-02 17:25:53,677 - INFO - (241.656 -57.371 -0.273)
2025-10-02 17:25:53,688 - INFO - (241.556 -57.389 -0.217)
2025-10-02 17:25:53,697 - INFO - (241.465 -57.405 -0.159)
2025-10-02 17:25:53,707 - INFO - (241.365 -57.423 -0.228)
2025-10-02 17:25:53,717 - INFO - (241.264 -57.441 -0.179)
2025-10-02 17:25:53,727 - INFO - (241.163 -57.459 -0.143)
2025-10-02 17:25:53,737 - INFO - (241.053 -57.478 -0.191)
2025-10-02 17:25:53,747 - INFO - (240.952 -57.496 -0.164)
2025-10-02 17:25:53,757 - INFO - (240.852 -57.514 -0.13)
2025-10-02 17:25:53,767 - INFO - (240.751 -57.532 -0.122)
2025-10-02 17:25:53,777 - INFO - (240.651 -57.549 -0.132)
2025-10-02 17:25:53,787 - INFO - (240.55 -57.567 -0.105)
2025-10-02 17:25:53,797 - INFO - (240.45 -57.585 -0.083)
2025-10-02 17:25:53,807 - INFO - (240.349 -57.602 -0.115)
2025-10-02 17:25:53,817 - INFO - (240.248 -57.62 -0.094)
2025-10-02 17:25:53,827 - INFO - (240.158 -57.636 -0.068)
2025-10-02 17:25:53,837 - INFO - (240.058 -57.654 -0.073)
2025-10-02 17:25:53,847 - INFO - (239.957 -57.671 -0.073)
2025-10-02 17:25:53,857 - INFO - (239.857 -57.689 -0.058)
2025-10-02 17:25:53,867 - INFO - (239.756 -57.707 -0.046)
2025-10-02 17:25:53,877 - INFO - (239.656 -57.724 -0.056)
2025-10-02 17:25:53,887 - INFO - (239.555 -57.742 -0.044)
2025-10-02 17:25:53,897 - INFO - (239.455 -57.76 -0.035)
2025-10-02 17:25:53,907 - INFO - (239.354 -57.777 -0.04)
2025-10-02 17:25:53,917 - INFO - (239.254 -57.795 -0.039)
2025-10-02 17:25:53,927 - INFO - (239.153 -57.813 -0.031)
2025-10-02 17:25:53,937 - INFO - (239.053 -57.83 -0.027)
2025-10-02 17:25:53,947 - INFO - (238.952 -57.848 -0.03)
2025-10-02 17:25:53,957 - INFO - (238.852 -57.865 -0.024)
2025-10-02 17:25:53,967 - INFO - (238.752 -57.883 -0.019)
2025-10-02 17:25:53,977 - INFO - (238.651 -57.901 -0.022)
2025-10-02 17:25:53,987 - INFO - (238.551 -57.918 -0.018)
2025-10-02 17:25:53,997 - INFO - (238.45 -57.936 -0.015)
2025-10-02 17:25:54,007 - INFO - (238.35 -57.954 -0.015)
2025-10-02 17:25:54,017 - INFO - (238.249 -57.971 -0.016)
2025-10-02 17:25:54,027 - INFO - (238.149 -57.989 -0.013)
2025-10-02 17:25:54,037 - INFO - (238.049 -58.007 -0.01)
2025-10-02 17:25:54,047 - INFO - (237.948 -58.024 -0.013)
2025-10-02 17:25:54,057 - INFO - (237.848 -58.042 -0.01)
2025-10-02 17:25:54,067 - INFO - (237.747 -58.059 -0.008)
2025-10-02 17:25:54,077 - INFO - (237.647 -58.077 -0.008)
2025-10-02 17:25:54,087 - INFO - (237.546 -58.095 -0.008)
2025-10-02 17:25:54,097 - INFO - (237.446 -58.112 -0.006)
2025-10-02 17:25:54,107 - INFO - (237.346 -58.13 -0.005)
2025-10-02 17:25:54,117 - INFO - (237.245 -58.147 -0.007)
2025-10-02 17:25:54,127 - INFO - (237.145 -58.165 -0.005)
2025-10-02 17:25:54,137 - INFO - (237.044 -58.183 -0.004)
2025-10-02 17:25:54,147 - INFO - (236.944 -58.2 -0.005)
2025-10-02 17:25:54,157 - INFO - (236.853 -58.216 -0.004)
2025-10-02 17:25:54,167 - INFO - (236.743 -58.236 -0.004)
2025-10-02 17:25:54,177 - INFO - (236.643 -58.253 -0.003)
2025-10-02 17:25:54,187 - INFO - (236.542 -58.271 -0.003)
2025-10-02 17:25:54,197 - INFO - (236.442 -58.288 -0.002)
2025-10-02 17:25:54,207 - INFO - (236.341 -58.306 -0.002)
2025-10-02 17:25:54,217 - INFO - (236.241 -58.324 -0.003)
2025-10-02 17:25:54,227 - INFO - (236.14 -58.341 -0.002)
2025-10-02 17:25:54,237 - INFO - (236.04 -58.359 -0.002)
2025-10-02 17:25:54,247 - INFO - (235.94 -58.376 -0.002)
2025-10-02 17:25:54,257 - INFO - (235.849 -58.392 -0.001)
2025-10-02 17:25:54,267 - INFO - (235.739 -58.412 -0.001)
2025-10-02 17:25:54,277 - INFO - (235.638 -58.429 -0.001)
2025-10-02 17:25:54,287 - INFO - (235.538 -58.447 -0.001)
2025-10-02 17:25:54,297 - INFO - (235.438 -58.465 -0.001)
2025-10-02 17:25:54,307 - INFO - (235.337 -58.482 -0.001)
2025-10-02 17:25:54,317 - INFO - (235.237 -58.5 -0.001)
2025-10-02 17:25:54,327 - INFO - (235.136 -58.517 -0.001)
2025-10-02 17:25:54,337 - INFO - (235.036 -58.535 -0.001)
2025-10-02 17:25:54,348 - INFO - (234.935 -58.553 -0.001)
2025-10-02 17:25:54,358 - INFO - (234.835 -58.57 -0.001)
2025-10-02 17:25:54,367 - INFO - (234.735 -58.588 -0.001)
2025-10-02 17:25:54,377 - INFO - (234.634 -58.605 -0.0)
2025-10-02 17:25:54,387 - INFO - (234.534 -58.623 -0.001)
2025-10-02 17:25:54,397 - INFO - (234.433 -58.641 -0.0)
2025-10-02 17:25:54,407 - INFO - (234.333 -58.658 -0.0)
2025-10-02 17:25:54,417 - INFO - (234.232 -58.676 -0.0)
2025-10-02 17:25:54,427 - INFO - (234.132 -58.693 -0.0)
2025-10-02 17:25:54,437 - INFO - (234.032 -58.711 -0.0)
2025-10-02 17:25:54,448 - INFO - (233.931 -58.729 -0.0)
2025-10-02 17:25:54,458 - INFO - (233.831 -58.746 -0.0)
2025-10-02 17:25:54,467 - INFO - (233.73 -58.764 -0.0)
2025-10-02 17:25:54,477 - INFO - (233.63 -58.782 -0.0)
2025-10-02 17:25:54,487 - INFO - (233.54 -58.797 -0.0)
2025-10-02 17:25:54,497 - INFO - (233.439 -58.815 -0.0)
2025-10-02 17:25:54,507 - INFO - (233.339 -58.833 -0.0)
2025-10-02 17:25:54,518 - INFO - (233.238 -58.85 -0.0)
2025-10-02 17:25:54,527 - INFO - (233.128 -58.87 -0.0)
2025-10-02 17:25:54,538 - INFO - (233.037 -58.885 -0.0)
2025-10-02 17:25:54,547 - INFO - (232.937 -58.903 -0.0)
2025-10-02 17:25:54,557 - INFO - (232.837 -58.921 -0.0)
2025-10-02 17:25:54,567 - INFO - (232.736 -58.938 -0.0)
2025-10-02 17:25:54,577 - INFO - (232.636 -58.956 -0.0)
2025-10-02 17:25:54,587 - INFO - (232.535 -58.973 -0.0)
2025-10-02 17:25:54,597 - INFO - (232.435 -58.991 -0.0)
2025-10-02 17:25:54,607 - INFO - (232.324 -59.01 -0.0)
2025-10-02 17:25:54,617 - INFO - (232.234 -59.026 -0.0)
2025-10-02 17:25:54,627 - INFO - (232.134 -59.044 -0.0)
2025-10-02 17:25:54,637 - INFO - (232.023 -59.063 -0.0)
2025-10-02 17:25:54,647 - INFO - (231.933 -59.079 -0.0)
2025-10-02 17:25:54,657 - INFO - (231.832 -59.097 -0.0)
2025-10-02 17:25:54,667 - INFO - (231.722 -59.116 -0.0)
2025-10-02 17:25:54,677 - INFO - (231.622 -59.134 -0.0)
2025-10-02 17:25:54,687 - INFO - (231.531 -59.15 -0.0)
2025-10-02 17:25:54,697 - INFO - (231.431 -59.167 -0.0)
2025-10-02 17:25:54,707 - INFO - (231.33 -59.185 -0.0)
2025-10-02 17:25:54,717 - INFO - (231.23 -59.202 -0.0)
2025-10-02 17:25:54,727 - INFO - (231.129 -59.22 -0.0)
2025-10-02 17:25:54,737 - INFO - (231.029 -59.238 -0.0)
2025-10-02 17:25:54,747 - INFO - (230.929 -59.255 -0.0)
2025-10-02 17:25:54,757 - INFO - (230.828 -59.273 -0.0)
2025-10-02 17:25:54,767 - INFO - (230.728 -59.29 -0.0)
2025-10-02 17:25:54,777 - INFO - (230.617 -59.31 -0.0)
2025-10-02 17:25:54,787 - INFO - (230.517 -59.327 -0.0)
2025-10-02 17:25:54,797 - INFO - (230.416 -59.345 -0.0)
2025-10-02 17:25:54,807 - INFO - (230.316 -59.363 -0.0)
2025-10-02 17:25:54,817 - INFO - (230.226 -59.379 -0.0)
2025-10-02 17:25:54,827 - INFO - (230.125 -59.396 -0.0)
2025-10-02 17:25:54,837 - INFO - (230.025 -59.414 -0.0)
2025-10-02 17:25:54,847 - INFO - (229.924 -59.431 -0.0)
2025-10-02 17:25:54,857 - INFO - (229.824 -59.449 -0.0)
2025-10-02 17:25:54,867 - INFO - (229.724 -59.467 -0.0)
2025-10-02 17:25:54,877 - INFO - (229.623 -59.484 -0.0)
2025-10-02 17:25:54,887 - INFO - (229.533 -59.5 -0.0)
2025-10-02 17:25:54,897 - INFO - (229.432 -59.518 -0.0)
2025-10-02 17:25:54,907 - INFO - (229.332 -59.535 -0.0)
2025-10-02 17:25:54,917 - INFO - (229.232 -59.553 -0.0)
2025-10-02 17:25:54,927 - INFO - (229.131 -59.571 -0.0)
2025-10-02 17:25:54,937 - INFO - (229.031 -59.588 -0.0)
2025-10-02 17:25:54,947 - INFO - (228.93 -59.606 -0.0)
2025-10-02 17:25:54,957 - INFO - (228.83 -59.623 -0.0)
2025-10-02 17:25:54,967 - INFO - (228.729 -59.641 -0.0)
2025-10-02 17:25:54,977 - INFO - (228.629 -59.659 -0.0)
2025-10-02 17:25:54,987 - INFO - (228.529 -59.676 -0.0)
2025-10-02 17:25:54,998 - INFO - (228.428 -59.694 -0.0)
2025-10-02 17:25:55,008 - INFO - (228.318 -59.713 -0.0)
2025-10-02 17:25:55,017 - INFO - (228.217 -59.731 -0.0)
2025-10-02 17:25:55,027 - INFO - (228.117 -59.748 -0.0)
2025-10-02 17:25:55,037 - INFO - (228.016 -59.766 -0.0)
2025-10-02 17:25:55,047 - INFO - (227.916 -59.784 -0.0)
2025-10-02 17:25:55,057 - INFO - (227.816 -59.801 -0.0)
2025-10-02 17:25:55,067 - INFO - (227.715 -59.819 -0.0)
2025-10-02 17:25:55,077 - INFO - (227.615 -59.836 -0.0)
2025-10-02 17:25:55,087 - INFO - (227.514 -59.854 -0.0)
2025-10-02 17:25:55,097 - INFO - (227.414 -59.872 -0.0)
2025-10-02 17:25:55,107 - INFO - (227.313 -59.889 -0.0)
2025-10-02 17:25:55,117 - INFO - (227.213 -59.907 -0.0)
2025-10-02 17:25:55,127 - INFO - (227.113 -59.924 -0.0)
2025-10-02 17:25:55,137 - INFO - (227.012 -59.942 -0.0)
2025-10-02 17:25:55,147 - INFO - (226.912 -59.96 -0.0)
2025-10-02 17:25:55,157 - INFO - (226.811 -59.977 -0.0)
2025-10-02 17:25:55,167 - INFO - (226.711 -59.995 -0.0)
2025-10-02 17:25:55,177 - INFO - (226.611 -60.013 -0.0)
2025-10-02 17:25:55,187 - INFO - (226.51 -60.03 -0.0)
2025-10-02 17:25:55,197 - INFO - (226.41 -60.048 -0.0)
2025-10-02 17:25:55,207 - INFO - (226.309 -60.065 -0.0)
2025-10-02 17:25:55,217 - INFO - (226.209 -60.083 -0.0)
2025-10-02 17:25:55,227 - INFO - (226.108 -60.101 -0.0)
2025-10-02 17:25:55,237 - INFO - (226.008 -60.118 -0.0)
2025-10-02 17:25:55,247 - INFO - (225.908 -60.136 -0.0)
2025-10-02 17:25:55,257 - INFO - (225.807 -60.153 -0.0)
2025-10-02 17:25:55,267 - INFO - (225.717 -60.169 -0.0)
2025-10-02 17:25:55,277 - INFO - (225.606 -60.189 -0.0)
2025-10-02 17:25:55,287 - INFO - (225.506 -60.206 -0.0)
2025-10-02 17:25:55,297 - INFO - (225.405 -60.224 -0.0)
2025-10-02 17:25:55,307 - INFO - (225.305 -60.241 -0.0)
2025-10-02 17:25:55,317 - INFO - (225.205 -60.259 -0.0)
2025-10-02 17:25:55,327 - INFO - (225.104 -60.277 -0.0)
2025-10-02 17:25:55,337 - INFO - (225.004 -60.294 -0.0)
2025-10-02 17:25:55,347 - INFO - (224.913 -60.31 -0.0)
2025-10-02 17:25:55,357 - INFO - (224.803 -60.33 -0.0)
2025-10-02 17:25:55,367 - INFO - (224.703 -60.347 -0.0)
2025-10-02 17:25:55,377 - INFO - (224.602 -60.365 -0.0)
2025-10-02 17:25:55,387 - INFO - (224.502 -60.382 -0.0)
2025-10-02 17:25:55,397 - INFO - (224.411 -60.398 -0.0)
2025-10-02 17:25:55,407 - INFO - (224.311 -60.416 -0.0)
2025-10-02 17:25:55,417 - INFO - (224.21 -60.433 -0.0)
2025-10-02 17:25:55,427 - INFO - (224.11 -60.451 -0.0)
2025-10-02 17:25:55,437 - INFO - (224.01 -60.469 -0.0)
2025-10-02 17:25:55,447 - INFO - (223.909 -60.486 -0.0)
2025-10-02 17:25:55,457 - INFO - (223.809 -60.504 -0.0)
2025-10-02 17:25:55,467 - INFO - (223.708 -60.522 -0.0)
2025-10-02 17:25:55,477 - INFO - (223.608 -60.539 -0.0)
2025-10-02 17:25:55,487 - INFO - (223.508 -60.557 -0.0)
2025-10-02 17:25:55,497 - INFO - (223.407 -60.574 -0.0)
2025-10-02 17:25:55,507 - INFO - (223.307 -60.592 -0.0)
2025-10-02 17:25:55,517 - INFO - (223.206 -60.61 -0.0)
2025-10-02 17:25:55,527 - INFO - (223.106 -60.627 -0.0)
2025-10-02 17:25:55,537 - INFO - (223.005 -60.645 -0.0)
2025-10-02 17:25:55,548 - INFO - (222.905 -60.662 -0.0)
2025-10-02 17:25:55,557 - INFO - (222.805 -60.68 -0.0)
2025-10-02 17:25:55,567 - INFO - (222.704 -60.698 -0.08)
2025-10-02 17:25:55,577 - INFO - (222.604 -60.715 0.08)
2025-10-02 17:25:55,587 - INFO - (222.503 -60.733 -0.0)
2025-10-02 17:25:55,597 - INFO - (222.403 -60.75 -0.0)
2025-10-02 17:25:55,607 - INFO - (222.302 -60.768 -0.0)
2025-10-02 17:25:55,617 - INFO - (222.202 -60.786 -0.0)
2025-10-02 17:25:55,627 - INFO - (222.102 -60.803 -0.0)
2025-10-02 17:25:55,637 - INFO - (222.001 -60.821 -0.0)
2025-10-02 17:25:55,647 - INFO - (221.901 -60.839 -0.0)
2025-10-02 17:25:55,657 - INFO - (221.8 -60.856 -0.0)
2025-10-02 17:25:55,667 - INFO - (221.71 -60.872 -0.0)
2025-10-02 17:25:55,677 - INFO - (221.61 -60.89 -0.0)
2025-10-02 17:25:55,687 - INFO - (221.509 -60.907 -0.0)
2025-10-02 17:25:55,697 - INFO - (221.409 -60.925 -0.0)
2025-10-02 17:25:55,707 - INFO - (221.308 -60.942 -0.0)
2025-10-02 17:25:55,717 - INFO - (221.208 -60.96 -0.0)
2025-10-02 17:25:55,727 - INFO - (221.107 -60.978 -0.0)
2025-10-02 17:25:55,737 - INFO - (221.007 -60.995 -0.0)
2025-10-02 17:25:55,747 - INFO - (220.907 -61.013 -0.0)
2025-10-02 17:25:55,757 - INFO - (220.806 -61.03 -0.0)
2025-10-02 17:25:55,767 - INFO - (220.706 -61.048 -0.0)
2025-10-02 17:25:55,777 - INFO - (220.605 -61.066 -0.0)
2025-10-02 17:25:55,787 - INFO - (220.495 -61.085 -0.0)
2025-10-02 17:25:55,797 - INFO - (220.415 -61.099 -0.0)
2025-10-02 17:25:55,807 - INFO - (220.374 -61.106 -0.0)
2025-10-02 17:25:55,817 - INFO - (220.334 -61.113 -0.0)
2025-10-02 17:25:55,827 - INFO - (220.224 -61.133 -0.0)
2025-10-02 17:25:55,837 - INFO - (220.103 -61.154 -0.0)
2025-10-02 17:25:55,847 - INFO - (219.993 -61.173 -0.0)
2025-10-02 17:25:55,857 - INFO - (219.882 -61.192 -0.0)
2025-10-02 17:25:55,867 - INFO - (219.772 -61.212 -0.0)
2025-10-02 17:25:55,877 - INFO - (219.671 -61.229 -0.0)
2025-10-02 17:25:55,887 - INFO - (219.561 -61.249 -0.0)
2025-10-02 17:25:55,897 - INFO - (219.461 -61.266 -0.0)
2025-10-02 17:25:55,907 - INFO - (219.35 -61.286 -0.0)
2025-10-02 17:25:55,917 - INFO - (219.24 -61.305 -0.0)
2025-10-02 17:25:55,927 - INFO - (219.139 -61.323 -0.0)
2025-10-02 17:25:55,937 - INFO - (219.039 -61.34 -0.0)
2025-10-02 17:25:55,947 - INFO - (218.928 -61.36 -0.0)
2025-10-02 17:25:55,957 - INFO - (218.828 -61.377 -0.0)
2025-10-02 17:25:55,967 - INFO - (218.717 -61.397 -0.0)
2025-10-02 17:25:55,977 - INFO - (218.617 -61.414 -0.0)
2025-10-02 17:25:55,987 - INFO - (218.517 -61.432 -0.0)
2025-10-02 17:25:55,997 - INFO - (218.416 -61.45 -0.0)
2025-10-02 17:25:56,007 - INFO - (218.306 -61.469 -0.0)
2025-10-02 17:25:56,017 - INFO - (218.205 -61.487 -0.0)
2025-10-02 17:25:56,027 - INFO - (218.105 -61.504 -0.0)
2025-10-02 17:25:56,037 - INFO - (218.004 -61.522 -0.0)
2025-10-02 17:25:56,047 - INFO - (217.904 -61.539 -0.0)
2025-10-02 17:25:56,057 - INFO - (217.794 -61.559 -0.0)
2025-10-02 17:25:56,067 - INFO - (217.703 -61.575 -0.0)
2025-10-02 17:25:56,077 - INFO - (217.593 -61.594 -0.0)
2025-10-02 17:25:56,087 - INFO - (217.492 -61.612 -0.0)
2025-10-02 17:25:56,097 - INFO - (217.392 -61.629 -0.0)
2025-10-02 17:25:56,107 - INFO - (217.292 -61.647 -0.0)
2025-10-02 17:25:56,117 - INFO - (217.191 -61.664 -0.0)
2025-10-02 17:25:56,127 - INFO - (217.091 -61.682 -0.0)
2025-10-02 17:25:56,138 - INFO - (216.99 -61.7 -0.0)
2025-10-02 17:25:56,148 - INFO - (216.89 -61.717 -0.0)
2025-10-02 17:25:56,158 - INFO - (216.789 -61.735 -0.0)
2025-10-02 17:25:56,167 - INFO - (216.689 -61.753 0.0)
2025-10-02 17:25:56,177 - INFO - (216.589 -61.77 -0.0)
2025-10-02 17:25:56,187 - INFO - (216.488 -61.788 -0.0)
2025-10-02 17:25:56,197 - INFO - (216.388 -61.805 -0.0)
2025-10-02 17:25:56,207 - INFO - (216.287 -61.823 -0.0)
2025-10-02 17:25:56,217 - INFO - (216.177 -61.842 -0.0)
2025-10-02 17:25:56,227 - INFO - (216.076 -61.86 -0.0)
2025-10-02 17:25:56,237 - INFO - (215.976 -61.878 -0.0)
2025-10-02 17:25:56,247 - INFO - (215.876 -61.895 -0.0)
2025-10-02 17:25:56,257 - INFO - (215.785 -61.911 -0.0)
2025-10-02 17:25:56,267 - INFO - (215.685 -61.929 -0.0)
2025-10-02 17:25:56,277 - INFO - (215.584 -61.946 -0.0)
2025-10-02 17:25:56,287 - INFO - (215.484 -61.964 -0.0)
2025-10-02 17:25:56,297 - INFO - (215.373 -61.983 0.0)
2025-10-02 17:25:56,307 - INFO - (215.273 -62.001 -0.0)
2025-10-02 17:25:56,317 - INFO - (215.173 -62.018 -0.0)
2025-10-02 17:25:56,327 - INFO - (215.072 -62.036 -0.0)
2025-10-02 17:25:56,337 - INFO - (214.982 -62.052 -0.0)
2025-10-02 17:25:56,347 - INFO - (214.881 -62.07 -0.0)
2025-10-02 17:25:56,357 - INFO - (214.781 -62.087 -0.0)
2025-10-02 17:25:56,367 - INFO - (214.681 -62.105 -0.0)
2025-10-02 17:25:56,377 - INFO - (214.58 -62.122 -0.0)
2025-10-02 17:25:56,387 - INFO - (214.48 -62.14 -0.0)
2025-10-02 17:25:56,397 - INFO - (214.389 -62.156 0.0)
2025-10-02 17:25:56,408 - INFO - (214.289 -62.173 -0.0)
2025-10-02 17:25:56,418 - INFO - (214.178 -62.193 -0.0)
2025-10-02 17:25:56,427 - INFO - (214.078 -62.21 0.0)
2025-10-02 17:25:56,437 - INFO - (213.988 -62.226 -0.0)
2025-10-02 17:25:56,447 - INFO - (213.887 -62.244 -0.0)
2025-10-02 17:25:56,457 - INFO - (213.787 -62.261 -0.0)
2025-10-02 17:25:56,467 - INFO - (213.686 -62.279 -0.0)
2025-10-02 17:25:56,477 - INFO - (213.576 -62.298 -0.0)
2025-10-02 17:25:56,488 - INFO - (213.476 -62.316 -0.0)
2025-10-02 17:25:56,498 - INFO - (213.385 -62.332 -0.0)
2025-10-02 17:25:56,507 - INFO - (213.285 -62.35 -0.0)
2025-10-02 17:25:56,517 - INFO - (213.184 -62.367 0.0)
2025-10-02 17:25:56,527 - INFO - (213.094 -62.383 -0.0)
2025-10-02 17:25:56,537 - INFO - (212.983 -62.402 0.0)
2025-10-02 17:25:56,547 - INFO - (212.883 -62.42 -0.0)
2025-10-02 17:25:56,557 - INFO - (212.793 -62.436 -0.0)
2025-10-02 17:25:56,567 - INFO - (212.682 -62.455 -0.0)
2025-10-02 17:25:56,577 - INFO - (212.582 -62.473 -0.0)
2025-10-02 17:25:56,587 - INFO - (212.491 -62.489 -0.0)
2025-10-02 17:25:56,597 - INFO - (212.391 -62.506 -0.0)
2025-10-02 17:25:56,607 - INFO - (212.291 -62.524 0.0)
2025-10-02 17:25:56,617 - INFO - (212.19 -62.541 -0.0)
2025-10-02 17:25:56,627 - INFO - (212.09 -62.559 -0.0)
2025-10-02 17:25:56,637 - INFO - (211.979 -62.578 -0.0)
2025-10-02 17:25:56,647 - INFO - (211.879 -62.596 -0.0)
2025-10-02 17:25:56,657 - INFO - (211.788 -62.612 0.0)
2025-10-02 17:25:56,667 - INFO - (211.688 -62.63 -0.0)
2025-10-02 17:25:56,677 - INFO - (211.588 -62.647 0.0)
2025-10-02 17:25:56,687 - INFO - (211.487 -62.665 -0.0)
2025-10-02 17:25:56,697 - INFO - (211.387 -62.682 0.0)
2025-10-02 17:25:56,707 - INFO - (211.286 -62.7 -0.0)
2025-10-02 17:25:56,717 - INFO - (211.186 -62.718 0.0)
2025-10-02 17:25:56,727 - INFO - (211.086 -62.735 -0.08)
2025-10-02 17:25:56,737 - INFO - (210.975 -62.755 0.08)
2025-10-02 17:25:56,747 - INFO - (210.875 -62.772 -0.0)
2025-10-02 17:25:56,757 - INFO - (210.774 -62.79 0.0)
2025-10-02 17:25:56,767 - INFO - (210.674 -62.807 -0.0)
2025-10-02 17:25:56,777 - INFO - (210.573 -62.825 -0.0)
2025-10-02 17:25:56,787 - INFO - (210.473 -62.843 0.0)
2025-10-02 17:25:56,797 - INFO - (210.362 -62.862 -0.0)
2025-10-02 17:25:56,807 - INFO - (210.262 -62.88 0.0)
2025-10-02 17:25:56,817 - INFO - (210.162 -62.897 -0.0)
2025-10-02 17:25:56,827 - INFO - (210.061 -62.915 0.0)
2025-10-02 17:25:56,837 - INFO - (209.961 -62.932 -0.0)
2025-10-02 17:25:56,847 - INFO - (209.86 -62.95 0.0)
2025-10-02 17:25:56,857 - INFO - (209.76 -62.968 -0.0)
2025-10-02 17:25:56,867 - INFO - (209.67 -62.984 0.0)
2025-10-02 17:25:56,877 - INFO - (209.559 -63.003 -0.0)
2025-10-02 17:26:10,870 - INFO - (180.569 -68.124 0.005)
2025-10-02 17:26:10,879 - INFO - (180.569 -68.124 -0.0)
2025-10-02 17:26:10,890 - INFO - (180.569 -68.124 0.0)
2025-10-02 17:26:10,900 - INFO - (180.569 -68.124 0.0)
2025-10-02 17:26:10,910 - INFO - (180.569 -68.124 0.0)
2025-10-02 17:26:10,920 - INFO - (180.569 -68.124 0.0)
2025-10-02 17:26:10,930 - INFO - (180.569 -68.124 0.0)
2025-10-02 17:26:10,940 - INFO - (180.563 -68.125 114.564)
2025-10-02 17:26:10,950 - INFO - (180.546 -68.127 102.843)
2025-10-02 17:26:10,960 - INFO - (180.519 -68.13 90.747)
2025-10-02 17:26:10,969 - INFO - (180.484 -68.134 79.997)
2025-10-02 17:26:10,980 - INFO - (180.442 -68.14 70.513)
2025-10-02 17:26:10,990 - INFO - (180.393 -68.146 62.164)
2025-10-02 17:26:10,999 - INFO - (180.338 -68.153 54.819)
2025-10-02 17:26:11,009 - INFO - (180.279 -68.161 48.37)
2025-10-02 17:26:11,020 - INFO - (180.214 -68.169 42.682)
2025-10-02 17:26:11,030 - INFO - (180.146 -68.179 37.68)
2025-10-02 17:26:11,039 - INFO - (180.068 -68.19 36.485)
2025-10-02 17:26:11,050 - INFO - (180.0 -68.2 26.414)
2025-10-02 17:26:11,060 - INFO - (179.923 -68.211 26.141)
2025-10-02 17:26:11,070 - INFO - (179.835 -68.225 25.371)
2025-10-02 17:26:11,080 - INFO - (179.753 -68.238 20.409)
2025-10-02 17:26:11,090 - INFO - (179.678 -68.25 16.451)
2025-10-02 17:26:11,100 - INFO - (179.584 -68.265 17.905)
2025-10-02 17:26:11,109 - INFO - (179.506 -68.278 13.134)
2025-10-02 17:26:11,120 - INFO - (179.418 -68.293 13.137)
2025-10-02 17:26:11,130 - INFO - (179.328 -68.309 11.783)
2025-10-02 17:26:11,140 - INFO - (179.238 -68.325 10.522)
2025-10-02 17:26:11,150 - INFO - (179.147 -68.342 9.491)
2025-10-02 17:26:11,160 - INFO - (179.054 -68.359 23.609)
2025-10-02 17:26:11,169 - INFO - (178.95 -68.378 16.574)
2025-10-02 17:26:11,180 - INFO - (178.863 -68.393 9.751)
2025-10-02 17:26:11,190 - INFO - (178.766 -68.41 8.865)
2025-10-02 17:26:11,200 - INFO - (178.658 -68.43 7.636)
2025-10-02 17:26:11,211 - INFO - (178.57 -68.445 4.803)
2025-10-02 17:26:11,220 - INFO - (178.471 -68.463 4.242)
2025-10-02 17:26:11,230 - INFO - (178.371 -68.48 3.343)
2025-10-02 17:26:11,240 - INFO - (178.272 -68.497 2.553)
2025-10-02 17:26:11,250 - INFO - (178.172 -68.515 1.873)
2025-10-02 17:26:11,260 - INFO - (178.072 -68.533 1.48)
2025-10-02 17:26:11,269 - INFO - (177.972 -68.55 1.158)
2025-10-02 17:26:11,280 - INFO - (177.882 -68.566 0.722)
2025-10-02 17:26:11,290 - INFO - (177.781 -68.584 0.63)
2025-10-02 17:26:11,299 - INFO - (177.681 -68.602 0.495)
2025-10-02 17:26:11,310 - INFO - (177.581 -68.619 0.347)
2025-10-02 17:26:11,320 - INFO - (177.48 -68.637 0.223)
2025-10-02 17:26:11,329 - INFO - (177.38 -68.654 0.176)
2025-10-02 17:26:11,340 - INFO - (177.279 -68.672 0.137)
2025-10-02 17:26:11,350 - INFO - (177.179 -68.69 0.028)
2025-10-02 17:26:11,360 - INFO - (177.078 -68.707 0.023)
2025-10-02 17:26:11,369 - INFO - (176.968 -68.727 0.019)
2025-10-02 17:26:11,380 - INFO - (176.867 -68.744 -0.021)
2025-10-02 17:26:11,390 - INFO - (176.767 -68.762 0.238)
2025-10-02 17:26:11,399 - INFO - (176.666 -68.78 -0.051)
2025-10-02 17:26:11,410 - INFO - (176.566 -68.797 -0.09)
2025-10-02 17:26:11,420 - INFO - (176.465 -68.815 -0.084)
2025-10-02 17:26:11,430 - INFO - (176.365 -68.833 -0.066)
2025-10-02 17:26:11,440 - INFO - (176.264 -68.85 -0.052)
2025-10-02 17:26:11,450 - INFO - (176.164 -68.868 -0.068)
2025-10-02 17:26:11,461 - INFO - (176.063 -68.885 -0.056)
2025-10-02 17:26:11,470 - INFO - (175.973 -68.901 -0.124)
2025-10-02 17:26:11,480 - INFO - (175.872 -68.919 0.041)
2025-10-02 17:26:11,490 - INFO - (175.762 -68.938 -0.046)
2025-10-02 17:26:11,500 - INFO - (175.661 -68.956 -0.033)
2025-10-02 17:26:11,510 - INFO - (175.561 -68.974 -0.027)
2025-10-02 17:26:11,520 - INFO - (175.461 -68.991 -0.031)
2025-10-02 17:26:11,529 - INFO - (175.36 -69.009 -0.025)
2025-10-02 17:26:11,540 - INFO - (175.26 -69.026 -0.019)
2025-10-02 17:26:11,550 - INFO - (175.159 -69.044 -0.022)
2025-10-02 17:26:11,560 - INFO - (175.059 -69.062 -0.02)
2025-10-02 17:26:11,569 - INFO - (174.958 -69.079 -0.016)
2025-10-02 17:26:11,580 - INFO - (174.858 -69.097 -0.014)
2025-10-02 17:26:11,590 - INFO - (174.758 -69.114 -0.015)
2025-10-02 17:26:11,600 - INFO - (174.657 -69.132 -0.011)
2025-10-02 17:26:11,609 - INFO - (174.567 -69.148 -0.008)
2025-10-02 17:26:11,620 - INFO - (174.466 -69.165 -0.01)
2025-10-02 17:26:11,630 - INFO - (174.366 -69.183 -0.009)
2025-10-02 17:26:11,639 - INFO - (174.265 -69.201 -0.007)
2025-10-02 17:26:11,650 - INFO - (174.165 -69.218 -0.007)
2025-10-02 17:26:11,660 - INFO - (174.065 -69.236 -0.008)
2025-10-02 17:26:11,669 - INFO - (173.964 -69.253 -0.007)
2025-10-02 17:26:11,680 - INFO - (173.864 -69.271 -0.005)
2025-10-02 17:26:11,690 - INFO - (173.753 -69.29 -0.006)
2025-10-02 17:26:11,700 - INFO - (173.653 -69.308 -0.004)
2025-10-02 17:26:11,710 - INFO - (173.552 -69.326 -0.003)
2025-10-02 17:26:11,720 - INFO - (173.452 -69.343 -0.003)
2025-10-02 17:26:11,730 - INFO - (173.352 -69.361 -0.002)
2025-10-02 17:26:11,740 - INFO - (173.251 -69.378 -0.002)
2025-10-02 17:26:11,750 - INFO - (173.151 -69.396 -0.002)
2025-10-02 17:26:11,760 - INFO - (173.05 -69.414 -0.001)
2025-10-02 17:26:11,770 - INFO - (172.95 -69.431 -0.001)
2025-10-02 17:26:11,780 - INFO - (172.849 -69.449 -0.001)
2025-10-02 17:26:11,790 - INFO - (172.749 -69.467 -0.001)
2025-10-02 17:26:11,800 - INFO - (172.649 -69.484 -0.001)
2025-10-02 17:26:11,810 - INFO - (172.538 -69.504 -0.001)
2025-10-02 17:26:11,820 - INFO - (172.448 -69.519 -0.001)
2025-10-02 17:26:11,830 - INFO - (172.347 -69.537 -0.001)
2025-10-02 17:26:11,839 - INFO - (172.247 -69.555 -0.001)
2025-10-02 17:26:11,850 - INFO - (172.147 -69.572 -0.0)
2025-10-02 17:26:11,860 - INFO - (172.046 -69.59 -0.0)
2025-10-02 17:26:11,870 - INFO - (171.946 -69.607 -0.0)
2025-10-02 17:26:11,880 - INFO - (171.845 -69.625 -0.0)
2025-10-02 17:26:11,890 - INFO - (171.745 -69.643 -0.0)
2025-10-02 17:26:11,900 - INFO - (171.644 -69.66 -0.0)
2025-10-02 17:26:11,910 - INFO - (171.564 -69.674 -0.0)
2025-10-02 17:26:11,920 - INFO - (171.464 -69.692 -0.0)
2025-10-02 17:26:11,930 - INFO - (171.353 -69.711 -0.0)
2025-10-02 17:26:11,940 - INFO - (171.253 -69.729 -0.0)
2025-10-02 17:26:11,950 - INFO - (171.152 -69.747 -0.0)
2025-10-02 17:26:11,960 - INFO - (171.052 -69.764 -0.0)
2025-10-02 17:26:11,970 - INFO - (170.952 -69.782 -0.0)
2025-10-02 17:26:11,980 - INFO - (170.851 -69.799 -0.0)
2025-10-02 17:26:11,990 - INFO - (170.751 -69.817 -0.0)
2025-10-02 17:26:12,000 - INFO - (170.65 -69.835 -0.0)
2025-10-02 17:26:12,010 - INFO - (170.55 -69.852 -0.0)
2025-10-02 17:26:12,020 - INFO - (170.449 -69.87 -0.0)
2025-10-02 17:26:12,029 - INFO - (170.349 -69.887 -0.0)
2025-10-02 17:26:12,040 - INFO - (170.249 -69.905 -0.0)
2025-10-02 17:26:12,050 - INFO - (170.148 -69.923 -0.0)
2025-10-02 17:26:12,060 - INFO - (170.048 -69.94 -0.0)
2025-10-02 17:26:12,070 - INFO - (169.947 -69.958 -0.0)
2025-10-02 17:26:12,080 - INFO - (169.847 -69.975 -0.0)
2025-10-02 17:26:12,090 - INFO - (169.746 -69.993 -0.0)
2025-10-02 17:26:12,100 - INFO - (169.646 -70.011 -0.0)
2025-10-02 17:26:12,110 - INFO - (169.546 -70.028 -0.0)
2025-10-02 17:26:12,120 - INFO - (169.445 -70.046 -0.0)
2025-10-02 17:26:12,130 - INFO - (169.345 -70.063 -0.0)
2025-10-02 17:26:12,140 - INFO - (169.244 -70.081 -0.0)
2025-10-02 17:26:12,150 - INFO - (169.144 -70.099 -0.0)
2025-10-02 17:26:12,160 - INFO - (169.044 -70.116 -0.0)
2025-10-02 17:26:12,170 - INFO - (168.943 -70.134 -0.0)
2025-10-02 17:26:12,180 - INFO - (168.843 -70.151 -0.0)
2025-10-02 17:26:12,190 - INFO - (168.742 -70.169 -0.08)
2025-10-02 17:26:12,200 - INFO - (168.632 -70.188 0.08)
2025-10-02 17:26:12,210 - INFO - (168.541 -70.204 -0.0)
2025-10-02 17:26:12,220 - INFO - (168.441 -70.222 -0.0)
2025-10-02 17:26:12,230 - INFO - (168.331 -70.241 -0.0)
2025-10-02 17:26:12,240 - INFO - (168.24 -70.257 -0.0)
2025-10-02 17:26:12,250 - INFO - (168.13 -70.276 -0.0)
2025-10-02 17:26:12,260 - INFO - (168.039 -70.292 -0.0)
2025-10-02 17:26:12,270 - INFO - (167.929 -70.312 -0.0)
2025-10-02 17:26:12,280 - INFO - (167.828 -70.329 -0.0)
2025-10-02 17:26:12,290 - INFO - (167.728 -70.347 -0.0)
2025-10-02 17:26:12,300 - INFO - (167.628 -70.364 -0.0)
2025-10-02 17:26:12,310 - INFO - (167.537 -70.38 -0.0)
2025-10-02 17:26:12,320 - INFO - (167.437 -70.398 -0.0)
2025-10-02 17:26:12,331 - INFO - (167.336 -70.416 -0.0)
2025-10-02 17:26:12,340 - INFO - (167.236 -70.433 -0.0)
2025-10-02 17:26:12,351 - INFO - (167.136 -70.451 -0.0)
2025-10-02 17:26:12,360 - INFO - (167.035 -70.468 -0.0)
2025-10-02 17:26:12,370 - INFO - (166.935 -70.486 -0.0)
2025-10-02 17:26:12,380 - INFO - (166.834 -70.504 -0.0)
2025-10-02 17:26:12,390 - INFO - (166.744 -70.519 -0.0)
2025-10-02 17:26:12,400 - INFO - (166.633 -70.539 -0.0)
2025-10-02 17:26:12,410 - INFO - (166.543 -70.555 -0.0)
2025-10-02 17:26:12,420 - INFO - (166.443 -70.572 -0.0)
2025-10-02 17:26:12,430 - INFO - (166.342 -70.59 -0.0)
2025-10-02 17:26:12,440 - INFO - (166.242 -70.607 -0.0)
2025-10-02 17:26:12,449 - INFO - (166.141 -70.625 -0.0)
2025-10-02 17:26:12,460 - INFO - (166.041 -70.643 -0.0)
2025-10-02 17:26:12,469 - INFO - (165.94 -70.66 -0.0)
2025-10-02 17:26:12,480 - INFO - (165.84 -70.678 -0.0)
2025-10-02 17:26:12,490 - INFO - (165.73 -70.697 -0.0)
2025-10-02 17:26:12,500 - INFO - (165.629 -70.715 -0.0)
2025-10-02 17:26:12,509 - INFO - (165.529 -70.732 -0.0)
2025-10-02 17:26:12,520 - INFO - (165.428 -70.75 -0.0)
2025-10-02 17:26:12,530 - INFO - (165.328 -70.768 -0.0)
2025-10-02 17:26:12,540 - INFO - (165.228 -70.785 -0.0)
2025-10-02 17:26:12,550 - INFO - (165.127 -70.803 -0.0)
2025-10-02 17:26:12,560 - INFO - (165.027 -70.82 -0.0)
2025-10-02 17:26:12,571 - INFO - (164.926 -70.838 -0.0)
2025-10-02 17:26:12,580 - INFO - (164.826 -70.856 -0.0)
2025-10-02 17:26:12,591 - INFO - (164.725 -70.873 -0.0)
2025-10-02 17:26:12,600 - INFO - (164.625 -70.891 -0.0)
2025-10-02 17:26:12,610 - INFO - (164.535 -70.907 -0.0)
2025-10-02 17:26:12,620 - INFO - (164.434 -70.924 -0.0)
2025-10-02 17:26:12,630 - INFO - (164.334 -70.942 -0.0)
2025-10-02 17:26:12,640 - INFO - (164.233 -70.96 -0.0)
2025-10-02 17:26:12,650 - INFO - (164.133 -70.977 -0.0)
2025-10-02 17:26:12,660 - INFO - (164.032 -70.995 -0.0)
2025-10-02 17:26:12,670 - INFO - (163.932 -71.012 -0.08)
2025-10-02 17:26:12,680 - INFO - (163.822 -71.032 0.08)
2025-10-02 17:26:12,690 - INFO - (163.731 -71.048 -0.0)
2025-10-02 17:26:12,700 - INFO - (163.631 -71.065 -0.0)
2025-10-02 17:26:12,710 - INFO - (163.52 -71.085 -0.0)
2025-10-02 17:26:12,720 - INFO - (163.43 -71.1 -0.0)
2025-10-02 17:26:12,730 - INFO - (163.33 -71.118 -0.0)
2025-10-02 17:26:12,740 - INFO - (163.229 -71.136 -0.0)
2025-10-02 17:26:12,750 - INFO - (163.129 -71.153 -0.0)
2025-10-02 17:26:12,760 - INFO - (163.028 -71.171 -0.0)
2025-10-02 17:26:12,770 - INFO - (162.938 -71.187 -0.0)
2025-10-02 17:26:12,780 - INFO - (162.837 -71.204 -0.0)
2025-10-02 17:26:12,790 - INFO - (162.737 -71.222 -0.0)
2025-10-02 17:26:12,800 - INFO - (162.637 -71.24 -0.0)
2025-10-02 17:26:12,810 - INFO - (162.536 -71.257 -0.0)
2025-10-02 17:26:12,820 - INFO - (162.436 -71.275 -0.0)
2025-10-02 17:26:12,830 - INFO - (162.335 -71.292 -0.0)
2025-10-02 17:26:12,840 - INFO - (162.235 -71.31 -0.0)
2025-10-02 17:26:12,850 - INFO - (162.125 -71.329 -0.0)
2025-10-02 17:26:12,860 - INFO - (162.034 -71.345 -0.0)
2025-10-02 17:26:12,870 - INFO - (161.924 -71.365 -0.0)
2025-10-02 17:26:12,880 - INFO - (161.823 -71.382 -0.0)
2025-10-02 17:26:12,890 - INFO - (161.733 -71.398 -0.08)
2025-10-02 17:26:12,899 - INFO - (161.622 -71.417 0.08)
2025-10-02 17:26:12,910 - INFO - (161.532 -71.433 -0.0)
2025-10-02 17:26:12,920 - INFO - (161.432 -71.451 -0.0)
2025-10-02 17:26:12,930 - INFO - (161.331 -71.468 -0.0)
2025-10-02 17:26:12,940 - INFO - (161.231 -71.486 -0.0)
2025-10-02 17:26:12,950 - INFO - (161.13 -71.504 -0.0)
2025-10-02 17:26:12,960 - INFO - (161.03 -71.521 -0.0)
2025-10-02 17:26:12,970 - INFO - (160.929 -71.539 -0.0)
2025-10-02 17:26:12,980 - INFO - (160.829 -71.556 -0.0)
2025-10-02 17:26:12,990 - INFO - (160.729 -71.574 -0.0)
2025-10-02 17:26:13,000 - INFO - (160.628 -71.592 -0.0)
2025-10-02 17:26:13,011 - INFO - (160.528 -71.609 -0.0)
2025-10-02 17:26:13,020 - INFO - (160.427 -71.627 -0.0)
2025-10-02 17:26:13,030 - INFO - (160.347 -71.641 -0.08)
2025-10-02 17:26:13,040 - INFO - (160.247 -71.659 0.08)
2025-10-02 17:26:13,050 - INFO - (160.146 -71.676 -0.0)
2025-10-02 17:26:13,060 - INFO - (160.046 -71.694 -0.0)
2025-10-02 17:26:13,070 - INFO - (159.945 -71.711 -0.0)
2025-10-02 17:26:13,080 - INFO - (159.845 -71.729 -0.0)
2025-10-02 17:26:13,090 - INFO - (159.745 -71.747 -0.0)
2025-10-02 17:26:13,100 - INFO - (159.644 -71.764 -0.0)
2025-10-02 17:26:13,110 - INFO - (159.544 -71.782 -0.0)
2025-10-02 17:26:13,119 - INFO - (159.443 -71.799 -0.0)
2025-10-02 17:26:13,130 - INFO - (159.343 -71.817 -0.0)
2025-10-02 17:26:13,140 - INFO - (159.242 -71.835 -0.0)
2025-10-02 17:26:13,150 - INFO - (159.142 -71.852 -0.0)
2025-10-02 17:26:13,160 - INFO - (159.042 -71.87 -0.0)
2025-10-02 17:26:13,170 - INFO - (158.941 -71.887 -0.0)
2025-10-02 17:26:13,180 - INFO - (158.841 -71.905 -0.0)
2025-10-02 17:26:13,190 - INFO - (158.74 -71.923 -0.0)
2025-10-02 17:26:13,200 - INFO - (158.64 -71.94 -0.0)
2025-10-02 17:26:13,209 - INFO - (158.539 -71.958 -0.0)
2025-10-02 17:26:13,220 - INFO - (158.439 -71.975 -0.0)
2025-10-02 17:26:13,230 - INFO - (158.339 -71.993 -0.0)
2025-10-02 17:26:13,240 - INFO - (158.238 -72.011 -0.0)
2025-10-02 17:26:13,249 - INFO - (158.138 -72.028 -0.0)
2025-10-02 17:26:13,260 - INFO - (158.037 -72.046 -0.0)
2025-10-02 17:26:13,270 - INFO - (157.937 -72.063 -0.0)
2025-10-02 17:26:13,279 - INFO - (157.837 -72.081 -0.0)
2025-10-02 17:26:13,290 - INFO - (157.736 -72.099 -0.0)
2025-10-02 17:26:13,301 - INFO - (157.636 -72.116 -0.0)
2025-10-02 17:26:13,310 - INFO - (157.535 -72.134 -0.0)
2025-10-02 17:26:13,320 - INFO - (157.445 -72.15 -0.0)
2025-10-02 17:26:13,330 - INFO - (157.344 -72.167 -0.0)
2025-10-02 17:26:13,340 - INFO - (157.234 -72.187 -0.0)
2025-10-02 17:26:13,350 - INFO - (157.134 -72.204 -0.0)
2025-10-02 17:26:13,360 - INFO - (157.033 -72.222 -0.0)
2025-10-02 17:26:13,370 - INFO - (156.933 -72.24 -0.0)
2025-10-02 17:26:13,379 - INFO - (156.832 -72.257 -0.0)
2025-10-02 17:26:13,390 - INFO - (156.732 -72.275 -0.0)
2025-10-02 17:26:13,400 - INFO - (156.631 -72.292 -0.0)
2025-10-02 17:26:13,409 - INFO - (156.531 -72.31 -0.0)
2025-10-02 17:26:13,420 - INFO - (156.431 -72.328 -0.0)
2025-10-02 17:26:13,430 - INFO - (156.33 -72.345 -0.0)
2025-10-02 17:26:13,440 - INFO - (156.23 -72.363 -0.0)
2025-10-02 17:26:13,450 - INFO - (156.129 -72.38 -0.0)
2025-10-02 17:26:13,460 - INFO - (156.029 -72.398 -0.0)
2025-10-02 17:26:13,470 - INFO - (155.929 -72.416 -0.0)
2025-10-02 17:26:13,480 - INFO - (155.828 -72.433 -0.0)
2025-10-02 17:26:13,490 - INFO - (155.728 -72.451 -0.0)
2025-10-02 17:26:13,500 - INFO - (155.627 -72.468 -0.0)
2025-10-02 17:26:13,510 - INFO - (155.527 -72.486 -0.0)
2025-10-02 17:26:13,520 - INFO - (155.426 -72.504 -0.0)
2025-10-02 17:26:13,530 - INFO - (155.346 -72.518 -0.0)
2025-10-02 17:26:13,540 - INFO - (155.276 -72.53 -0.0)
2025-10-02 17:26:13,550 - INFO - (155.195 -72.544 -0.0)
2025-10-02 17:26:13,560 - INFO - (155.085 -72.563 -0.0)
2025-10-02 17:26:13,570 - INFO - (154.985 -72.581 -0.0)
2025-10-02 17:26:13,579 - INFO - (154.884 -72.599 -0.0)
2025-10-02 17:26:13,590 - INFO - (154.784 -72.616 -0.0)
2025-10-02 17:26:13,600 - INFO - (154.673 -72.636 -0.0)
2025-10-02 17:26:13,609 - INFO - (154.573 -72.653 -0.0)
2025-10-02 17:26:13,620 - INFO - (154.472 -72.671 -0.0)
2025-10-02 17:26:13,630 - INFO - (154.372 -72.688 -0.0)
2025-10-02 17:26:13,640 - INFO - (154.262 -72.708 -0.0)
2025-10-02 17:26:13,650 - INFO - (154.161 -72.725 -0.0)
2025-10-02 17:26:13,660 - INFO - (154.061 -72.743 -0.0)
2025-10-02 17:26:13,670 - INFO - (153.96 -72.761 -0.0)
2025-10-02 17:26:13,680 - INFO - (153.86 -72.778 -0.0)
2025-10-02 17:26:13,690 - INFO - (153.759 -72.796 -0.0)
2025-10-02 17:26:13,700 - INFO - (153.649 -72.815 -0.0)
2025-10-02 17:26:13,710 - INFO - (153.549 -72.833 -0.0)
2025-10-02 17:26:13,721 - INFO - (153.448 -72.85 -0.0)
2025-10-02 17:26:13,730 - INFO - (153.348 -72.868 -0.0)
2025-10-02 17:26:13,740 - INFO - (153.257 -72.884 -0.0)
2025-10-02 17:26:13,750 - INFO - (153.157 -72.902 -0.0)
2025-10-02 17:26:13,760 - INFO - (153.056 -72.919 -0.0)
2025-10-02 17:26:13,769 - INFO - (152.956 -72.937 -0.0)
2025-10-02 17:26:13,780 - INFO - (152.856 -72.954 -0.0)
2025-10-02 17:26:13,790 - INFO - (152.755 -72.972 -0.0)
2025-10-02 17:26:13,800 - INFO - (152.655 -72.99 -0.0)
2025-10-02 17:26:13,810 - INFO - (152.554 -73.007 -0.0)
2025-10-02 17:26:13,819 - INFO - (152.454 -73.025 -0.0)
2025-10-02 17:26:13,830 - INFO - (152.354 -73.042 -0.0)
2025-10-02 17:26:13,840 - INFO - (152.253 -73.06 -0.0)
2025-10-02 17:26:13,850 - INFO - (152.153 -73.078 -0.0)
2025-10-02 17:26:13,860 - INFO - (152.052 -73.095 0.0)
2025-10-02 17:26:13,870 - INFO - (151.952 -73.113 -0.0)
2025-10-02 17:26:13,879 - INFO - (151.851 -73.13 -0.0)
2025-10-02 17:26:13,889 - INFO - (151.751 -73.148 -0.0)
2025-10-02 17:26:13,900 - INFO - (151.661 -73.164 -0.0)
2025-10-02 17:26:13,910 - INFO - (151.55 -73.183 -0.0)
2025-10-02 17:27:17,346 - INFO - (-0.036 -98.0 0.084)
2025-10-02 17:27:17,356 - INFO - (-0.036 -98.0 -0.08)
2025-10-02 17:27:17,366 - INFO - (-0.036 -98.0 0.0)
2025-10-02 17:27:17,377 - INFO - (-0.036 -98.0 -0.0)
2025-10-02 17:27:17,387 - INFO - (-0.036 -98.0 0.0)
2025-10-02 17:27:17,397 - INFO - (-0.036 -98.0 2.998)
2025-10-02 17:27:17,407 - INFO - (-0.035 -98.0 9.655)
2025-10-02 17:27:17,417 - INFO - (-0.033 -98.0 9.748)
2025-10-02 17:27:17,426 - INFO - (-0.03 -98.0 9.801)
2025-10-02 17:27:17,436 - INFO - (-0.027 -98.0 9.801)
2025-10-02 17:27:17,446 - INFO - (-0.022 -98.0 9.801)
2025-10-02 17:27:17,456 - INFO - (-0.016 -98.0 9.801)
2025-10-02 17:27:17,466 - INFO - (-0.009 -98.0 10.781)
2025-10-02 17:27:17,477 - INFO - (-0.001 -98.0 9.801)
2025-10-02 17:27:17,487 - INFO - (0.008 -98.0 9.801)
2025-10-02 17:27:17,497 - INFO - (0.018 -98.0 9.801)
2025-10-02 17:27:17,507 - INFO - (0.027 -98.0 10.343)
2025-10-02 17:27:17,517 - INFO - (0.04 -98.0 9.258)
2025-10-02 17:27:17,526 - INFO - (0.052 -98.0 8.821)
2025-10-02 17:27:17,536 - INFO - (0.067 -98.0 10.781)
2025-10-02 17:27:17,546 - INFO - (0.081 -98.0 9.801)
2025-10-02 17:27:17,556 - INFO - (0.097 -98.0 9.801)
2025-10-02 17:27:17,566 - INFO - (0.114 -98.0 9.801)
2025-10-02 17:27:17,576 - INFO - (0.13 -98.0 8.821)
2025-10-02 17:27:17,586 - INFO - (0.148 -98.0 9.801)
2025-10-02 17:27:17,596 - INFO - (0.168 -98.0 9.801)
2025-10-02 17:27:17,606 - INFO - (0.188 -98.0 9.801)
2025-10-02 17:27:17,616 - INFO - (0.21 -98.0 9.801)
2025-10-02 17:27:17,626 - INFO - (0.232 -98.0 9.801)
2025-10-02 17:27:17,636 - INFO - (0.255 -98.0 9.801)
2025-10-02 17:27:17,646 - INFO - (0.28 -98.0 9.801)
2025-10-02 17:27:17,656 - INFO - (0.305 -98.0 9.801)
2025-10-02 17:27:17,666 - INFO - (0.332 -98.0 9.801)
2025-10-02 17:27:17,676 - INFO - (0.359 -98.0 9.801)
2025-10-02 17:27:17,686 - INFO - (0.387 -98.0 9.801)
2025-10-02 17:27:17,696 - INFO - (0.416 -98.0 9.801)
2025-10-02 17:27:17,706 - INFO - (0.447 -98.0 9.801)
2025-10-02 17:27:17,716 - INFO - (0.478 -98.0 9.801)
2025-10-02 17:27:17,726 - INFO - (0.51 -98.0 9.801)
2025-10-02 17:27:17,736 - INFO - (0.543 -98.0 9.801)
2025-10-02 17:27:17,746 - INFO - (0.578 -98.0 9.801)
2025-10-02 17:27:17,756 - INFO - (0.613 -98.0 9.801)
2025-10-02 17:27:17,766 - INFO - (0.649 -98.0 9.801)
2025-10-02 17:27:17,776 - INFO - (0.686 -98.0 9.801)
2025-10-02 17:27:17,786 - INFO - (0.724 -98.0 9.801)
2025-10-02 17:27:17,796 - INFO - (0.763 -98.0 9.801)
2025-10-02 17:27:17,806 - INFO - (0.803 -98.0 9.801)
2025-10-02 17:27:17,816 - INFO - (0.844 -98.0 9.801)
2025-10-02 17:27:17,826 - INFO - (0.887 -98.0 9.801)
2025-10-02 17:27:17,836 - INFO - (0.93 -98.0 9.801)
2025-10-02 17:27:17,846 - INFO - (0.974 -98.0 9.801)
2025-10-02 17:27:17,856 - INFO - (1.019 -98.0 9.801)
2025-10-02 17:27:17,866 - INFO - (1.064 -98.0 9.801)
2025-10-02 17:27:17,876 - INFO - (1.111 -98.0 9.801)
2025-10-02 17:27:17,886 - INFO - (1.159 -98.0 9.801)
2025-10-02 17:27:17,896 - INFO - (1.203 -98.0 8.821)
2025-10-02 17:27:17,906 - INFO - (1.253 -98.0 9.801)
2025-10-02 17:27:17,917 - INFO - (1.304 -98.0 9.801)
2025-10-02 17:27:17,927 - INFO - (1.356 -98.0 9.801)
2025-10-02 17:27:17,937 - INFO - (1.414 -98.0 10.781)
2025-10-02 17:27:17,946 - INFO - (1.467 -98.0 9.801)
2025-10-02 17:27:17,956 - INFO - (1.522 -98.0 9.801)
2025-10-02 17:27:17,966 - INFO - (1.578 -98.0 9.801)
2025-10-02 17:27:17,976 - INFO - (1.635 -98.0 9.801)
2025-10-02 17:27:17,986 - INFO - (1.692 -98.0 9.801)
2025-10-02 17:27:17,996 - INFO - (1.751 -98.0 9.801)
2025-10-02 17:27:18,006 - INFO - (1.811 -98.0 9.801)
2025-10-02 17:27:18,016 - INFO - (1.871 -98.0 9.801)
2025-10-02 17:27:18,026 - INFO - (1.933 -98.0 9.801)
2025-10-02 17:27:18,036 - INFO - (1.996 -98.0 9.801)
2025-10-02 17:27:18,046 - INFO - (2.059 -98.0 9.801)
2025-10-02 17:27:18,056 - INFO - (2.124 -98.0 9.801)
2025-10-02 17:27:18,066 - INFO - (2.189 -98.0 9.801)
2025-10-02 17:27:18,076 - INFO - (2.256 -98.0 9.801)
2025-10-02 17:27:18,086 - INFO - (2.323 -98.0 9.801)
2025-10-02 17:27:18,096 - INFO - (2.385 -98.0 8.821)
2025-10-02 17:27:18,106 - INFO - (2.461 -98.0 10.781)
2025-10-02 17:27:18,116 - INFO - (2.525 -98.0 8.821)
2025-10-02 17:27:18,126 - INFO - (2.603 -98.0 10.781)
2025-10-02 17:27:18,136 - INFO - (2.676 -98.0 9.801)
2025-10-02 17:27:18,147 - INFO - (2.749 -98.0 9.801)
2025-10-02 17:27:18,157 - INFO - (2.824 -98.0 9.801)
2025-10-02 17:27:18,167 - INFO - (2.899 -98.0 9.801)
2025-10-02 17:27:18,176 - INFO - (2.975 -98.0 9.801)
2025-10-02 17:27:18,186 - INFO - (3.053 -98.0 9.801)
2025-10-02 17:27:18,196 - INFO - (3.131 -98.0 9.801)
2025-10-02 17:27:18,206 - INFO - (3.21 -98.0 9.801)
2025-10-02 17:27:18,216 - INFO - (3.282 -98.0 8.821)
2025-10-02 17:27:18,226 - INFO - (3.363 -98.0 9.801)
2025-10-02 17:27:18,237 - INFO - (3.446 -98.0 9.801)
2025-10-02 17:27:18,247 - INFO - (3.537 -98.0 10.781)
2025-10-02 17:27:18,257 - INFO - (3.613 -98.0 8.821)
2025-10-02 17:27:18,267 - INFO - (3.698 -98.0 9.801)
2025-10-02 17:27:18,277 - INFO - (3.784 -98.0 9.801)
2025-10-02 17:27:18,286 - INFO - (3.871 -98.0 9.801)
2025-10-02 17:27:18,296 - INFO - (3.959 -98.0 9.801)
2025-10-02 17:27:18,306 - INFO - (4.048 -98.0 9.801)
2025-10-02 17:27:18,316 - INFO - (4.138 -98.0 9.801)
2025-10-02 17:27:18,326 - INFO - (4.229 -98.0 9.801)
2025-10-02 17:27:18,337 - INFO - (4.321 -98.0 9.801)
2025-10-02 17:27:18,347 - INFO - (4.423 -98.0 10.781)
2025-10-02 17:27:18,357 - INFO - (4.517 -98.0 9.801)
2025-10-02 17:27:18,366 - INFO - (4.612 -98.0 9.801)
2025-10-02 17:27:18,376 - INFO - (4.708 -98.0 9.801)
2025-10-02 17:27:18,386 - INFO - (4.805 -98.0 9.801)
2025-10-02 17:27:18,396 - INFO - (4.893 -98.0 8.821)
2025-10-02 17:27:18,406 - INFO - (4.992 -98.0 9.801)
2025-10-02 17:27:18,416 - INFO - (5.091 -98.0 9.801)
2025-10-02 17:27:18,426 - INFO - (5.192 -98.0 9.801)
2025-10-02 17:27:18,436 - INFO - (5.294 -98.0 9.801)
2025-10-02 17:27:18,446 - INFO - (5.407 -98.0 10.781)
2025-10-02 17:27:18,456 - INFO - (5.511 -98.0 9.801)
2025-10-02 17:27:18,466 - INFO - (5.615 -98.0 9.801)
2025-10-02 17:27:18,476 - INFO - (5.721 -98.0 9.801)
2025-10-02 17:27:18,487 - INFO - (5.828 -98.0 9.801)
2025-10-02 17:27:18,497 - INFO - (5.936 -98.0 9.801)
2025-10-02 17:27:18,507 - INFO - (6.044 -98.0 9.801)
2025-10-02 17:27:18,517 - INFO - (6.143 -98.0 8.821)
2025-10-02 17:27:18,526 - INFO - (6.253 -98.0 9.801)
2025-10-02 17:27:18,536 - INFO - (6.365 -98.0 9.801)
2025-10-02 17:27:18,546 - INFO - (6.477 -98.0 9.801)
2025-10-02 17:27:18,556 - INFO - (6.591 -98.0 9.801)
2025-10-02 17:27:18,566 - INFO - (6.705 -98.0 9.801)
2025-10-02 17:27:18,576 - INFO - (6.821 -98.0 9.801)
2025-10-02 17:27:18,586 - INFO - (6.926 -98.0 8.821)
2025-10-02 17:27:18,596 - INFO - (7.043 -98.0 9.801)
2025-10-02 17:27:18,606 - INFO - (7.161 -98.0 9.801)
2025-10-02 17:27:18,616 - INFO - (7.28 -98.0 9.801)
2025-10-02 17:27:18,626 - INFO - (7.401 -98.0 9.801)
2025-10-02 17:27:18,636 - INFO - (7.522 -98.0 9.801)
2025-10-02 17:27:18,646 - INFO - (7.644 -98.0 9.801)
2025-10-02 17:27:18,656 - INFO - (7.767 -98.0 9.801)
2025-10-02 17:27:18,666 - INFO - (7.891 -98.0 9.801)
2025-10-02 17:27:18,698 - INFO - (8.017 -98.0 9.801)
2025-10-02 17:27:18,699 - INFO - (8.017 -98.0 0.0)
2025-10-02 17:27:18,706 - INFO - (8.437 -98.0 32.342)
2025-10-02 17:27:18,716 - INFO - (8.54 -98.0 7.84)
2025-10-02 17:27:18,726 - INFO - (8.657 -98.0 8.821)
2025-10-02 17:27:18,736 - INFO - (8.801 -98.0 10.781)
2025-10-02 17:27:18,746 - INFO - (8.92 -98.0 8.821)
2025-10-02 17:27:18,756 - INFO - (9.066 -98.0 10.781)
2025-10-02 17:27:18,766 - INFO - (9.2 -98.0 9.801)
2025-10-02 17:27:18,776 - INFO - (9.322 -98.0 8.821)
2025-10-02 17:27:18,786 - INFO - (9.458 -98.0 9.801)
2025-10-02 17:27:18,796 - INFO - (9.595 -98.0 9.801)
2025-10-02 17:27:18,806 - INFO - (9.746 -98.0 10.781)
2025-10-02 17:27:18,816 - INFO - (9.885 -98.0 9.801)
2025-10-02 17:27:18,826 - INFO - (10.011 -98.0 8.821)
2025-10-02 17:27:18,836 - INFO - (10.152 -98.0 9.801)
2025-10-02 17:27:18,846 - INFO - (10.294 -98.0 9.801)
2025-10-02 17:27:18,856 - INFO - (10.437 -98.0 9.801)
2025-10-02 17:27:18,866 - INFO - (10.581 -98.0 9.801)
2025-10-02 17:27:18,876 - INFO - (10.725 -98.0 9.801)
2025-10-02 17:27:18,886 - INFO - (10.871 -98.0 9.801)
2025-10-02 17:27:18,897 - INFO - (11.018 -98.0 9.801)
2025-10-02 17:27:18,907 - INFO - (11.165 -98.0 9.801)
2025-10-02 17:27:18,917 - INFO - (11.314 -98.0 9.801)
2025-10-02 17:27:18,928 - INFO - (11.449 -98.0 8.821)
2025-10-02 17:27:18,937 - INFO - (11.599 -98.0 9.801)
2025-10-02 17:27:18,947 - INFO - (11.751 -98.0 9.801)
2025-10-02 17:27:18,957 - INFO - (11.903 -98.0 9.801)
2025-10-02 17:27:18,966 - INFO - (12.057 -98.0 9.801)
2025-10-02 17:27:18,976 - INFO - (12.211 -98.0 9.801)
2025-10-02 17:27:18,986 - INFO - (12.367 -98.0 9.801)
2025-10-02 17:27:18,996 - INFO - (12.523 -98.0 9.801)
2025-10-02 17:27:19,006 - INFO - (12.68 -98.0 9.8)
2025-10-02 17:27:19,016 - INFO - (12.839 -98.0 9.804)
2025-10-02 17:27:19,026 - INFO - (12.998 -98.0 9.806)
2025-10-02 17:27:19,036 - INFO - (13.158 -98.0 9.806)
2025-10-02 17:27:19,046 - INFO - (13.32 -98.0 9.806)
2025-10-02 17:27:19,056 - INFO - (13.482 -98.0 9.764)
2025-10-02 17:27:19,066 - INFO - (13.645 -98.0 8.908)
2025-10-02 17:27:19,076 - INFO - (13.809 -98.0 7.598)
2025-10-02 17:27:19,086 - INFO - (13.974 -98.0 5.988)
2025-10-02 17:27:19,096 - INFO - (14.139 -98.0 4.69)
2025-10-02 17:27:19,106 - INFO - (14.304 -98.0 3.675)
2025-10-02 17:27:19,116 - INFO - (14.47 -98.0 2.879)
2025-10-02 17:27:19,126 - INFO - (14.637 -98.0 2.255)
2025-10-02 17:27:19,136 - INFO - (14.803 -98.0 1.766)
2025-10-02 17:27:19,146 - INFO - (14.969 -98.0 1.384)
2025-10-02 17:27:19,156 - INFO - (15.136 -98.0 1.084)
2025-10-02 17:27:19,166 - INFO - (15.303 -98.0 0.848)
2025-10-02 17:27:19,176 - INFO - (15.47 -98.0 0.661)
2025-10-02 17:27:19,186 - INFO - (15.636 -98.0 0.518)
2025-10-02 17:27:19,196 - INFO - (15.803 -98.0 0.405)
2025-10-02 17:27:19,206 - INFO - (15.97 -98.0 0.325)
2025-10-02 17:27:19,217 - INFO - (16.137 -98.0 0.256)
2025-10-02 17:27:19,227 - INFO - (16.304 -98.0 0.2)
2025-10-02 17:27:19,237 - INFO - (16.471 -98.0 0.158)
2025-10-02 17:27:19,247 - INFO - (16.638 -98.0 0.125)
2025-10-02 17:27:19,256 - INFO - (16.805 -98.0 0.098)
2025-10-02 17:27:19,266 - INFO - (16.972 -98.0 0.077)
2025-10-02 17:27:19,276 - INFO - (17.14 -98.0 0.064)
2025-10-02 17:27:19,286 - INFO - (17.307 -98.0 0.05)
2025-10-02 17:27:19,296 - INFO - (17.474 -98.0 0.039)
2025-10-02 17:27:19,306 - INFO - (17.641 -98.0 0.03)
2025-10-02 17:27:19,316 - INFO - (17.808 -98.0 0.023)
2025-10-02 17:27:19,326 - INFO - (17.975 -98.0 0.018)
2025-10-02 17:27:19,337 - INFO - (18.142 -98.0 0.014)
2025-10-02 17:27:19,346 - INFO - (18.309 -98.0 0.009)
2025-10-02 17:27:19,356 - INFO - (18.476 -98.0 0.007)
2025-10-02 17:27:19,366 - INFO - (18.627 -98.0 0.005)
2025-10-02 17:27:19,376 - INFO - (18.81 -98.0 0.003)
2025-10-02 17:27:19,386 - INFO - (18.977 -98.0 0.002)
2025-10-02 17:27:19,396 - INFO - (19.128 -98.0 0.001)
2025-10-02 17:27:19,406 - INFO - (19.295 -98.0 0.001)
2025-10-02 17:27:19,416 - INFO - (19.462 -98.0 -0.0)
2025-10-02 17:27:19,426 - INFO - (19.629 -98.0 -0.0)
2025-10-02 17:27:19,437 - INFO - (19.796 -98.0 -0.0)
2025-10-02 17:27:19,446 - INFO - (19.963 -98.0 -0.001)
2025-10-02 17:27:19,457 - INFO - (20.147 -98.0 -0.001)
2025-10-02 17:27:19,466 - INFO - (20.314 -98.0 -0.0)
2025-10-02 17:27:19,476 - INFO - (20.464 -98.0 0.0)
2025-10-02 17:27:19,486 - INFO - (20.631 -98.0 0.001)
2025-10-02 17:27:19,497 - INFO - (20.799 -98.0 0.001)
2025-10-02 17:27:19,507 - INFO - (20.982 -98.0 0.002)
2025-10-02 17:27:19,516 - INFO - (21.149 -98.0 0.005)
2025-10-02 17:27:19,526 - INFO - (21.317 -98.0 0.004)
2025-10-02 17:27:19,536 - INFO - (21.484 -98.0 0.003)
2025-10-02 17:27:19,546 - INFO - (21.651 -98.0 0.006)
2025-10-02 17:27:19,556 - INFO - (21.818 -98.0 0.005)
2025-10-02 17:27:19,566 - INFO - (21.985 -98.0 0.004)
2025-10-02 17:27:19,576 - INFO - (22.152 -98.0 0.005)
2025-10-02 17:27:19,586 - INFO - (22.319 -98.0 0.006)
2025-10-02 17:27:19,596 - INFO - (22.469 -98.0 0.005)
2025-10-02 17:27:19,607 - INFO - (22.653 -98.0 0.004)
2025-10-02 17:27:19,617 - INFO - (22.82 -98.0 0.005)
2025-10-02 17:27:19,627 - INFO - (22.971 -98.0 0.004)
2025-10-02 17:27:19,637 - INFO - (23.154 -98.0 0.003)
2025-10-02 17:27:19,647 - INFO - (23.305 -98.0 0.002)
2025-10-02 17:27:19,657 - INFO - (23.472 -98.0 0.001)
2025-10-02 17:27:19,666 - INFO - (23.639 -98.0 0.001)
2025-10-02 17:27:19,676 - INFO - (23.806 -98.0 0.001)
2025-10-02 17:27:19,686 - INFO - (23.973 -98.0 -0.001)
2025-10-02 17:27:19,696 - INFO - (24.14 -98.0 -0.001)
2025-10-02 17:27:19,706 - INFO - (24.307 -98.0 -0.001)
2025-10-02 17:27:19,716 - INFO - (24.458 -98.0 -0.002)
2025-10-02 17:27:19,726 - INFO - (24.625 -98.0 -0.002)
2025-10-02 17:27:19,736 - INFO - (24.792 -98.0 -0.002)
2025-10-02 17:27:19,746 - INFO - (24.959 -98.0 -0.002)
2025-10-02 17:27:19,756 - INFO - (25.126 -98.0 -0.002)
2025-10-02 17:27:19,766 - INFO - (25.293 -98.0 -0.002)
2025-10-02 17:27:19,776 - INFO - (25.46 -98.0 -0.001)
2025-10-02 17:27:19,786 - INFO - (25.627 -98.0 -0.001)
2025-10-02 17:27:19,796 - INFO - (25.794 -98.0 -0.001)
2025-10-02 17:27:19,806 - INFO - (25.962 -98.0 -0.001)
2025-10-02 17:27:19,816 - INFO - (26.129 -98.0 -0.0)
2025-10-02 17:27:19,826 - INFO - (26.296 -98.0 -0.0)
2025-10-02 17:27:19,836 - INFO - (26.463 -98.0 -0.0)
2025-10-02 17:27:19,846 - INFO - (26.63 -98.0 -0.0)
2025-10-02 17:27:19,856 - INFO - (26.797 -98.0 0.001)
2025-10-02 17:27:19,866 - INFO - (26.964 -98.0 0.001)
2025-10-02 17:27:19,876 - INFO - (27.131 -98.0 0.0)
2025-10-02 17:27:19,886 - INFO - (27.298 -98.0 0.001)
2025-10-02 17:27:19,896 - INFO - (27.465 -98.0 0.001)
2025-10-02 17:27:19,906 - INFO - (27.632 -98.0 0.001)
2025-10-02 17:27:19,916 - INFO - (27.8 -98.0 0.001)
2025-10-02 17:27:19,926 - INFO - (27.967 -98.0 0.001)
2025-10-02 17:27:19,937 - INFO - (28.134 -98.0 0.001)
2025-10-02 17:27:19,947 - INFO - (28.301 -98.0 0.0)
2025-10-02 17:27:19,957 - INFO - (28.485 -98.0 0.0)
2025-10-02 17:27:19,966 - INFO - (28.652 -98.0 0.0)
2025-10-02 17:27:19,976 - INFO - (28.819 -98.0 0.0)
2025-10-02 17:27:19,986 - INFO - (28.986 -98.0 0.0)
2025-10-02 17:27:19,996 - INFO - (29.153 -98.0 0.0)
2025-10-02 17:27:20,006 - INFO - (29.32 -98.0 0.0)
2025-10-02 17:27:20,017 - INFO - (29.487 -98.0 0.0)
2025-10-02 17:27:20,027 - INFO - (29.671 -98.0 0.0)
2025-10-02 17:27:20,037 - INFO - (29.838 -98.0 0.0)
2025-10-02 17:27:20,047 - INFO - (30.005 -98.0 0.0)
2025-10-02 17:27:20,057 - INFO - (30.156 -98.0 0.0)
2025-10-02 17:27:20,066 - INFO - (30.323 -98.0 0.0)
2025-10-02 17:27:20,076 - INFO - (30.49 -98.0 0.0)
2025-10-02 17:27:20,086 - INFO - (30.657 -98.0 0.0)
2025-10-02 17:27:20,096 - INFO - (30.824 -98.0 0.0)
2025-10-02 17:27:20,106 - INFO - (30.974 -98.0 0.0)
2025-10-02 17:27:20,116 - INFO - (31.141 -98.0 0.0)
2025-10-02 17:27:20,126 - INFO - (31.308 -98.0 0.0)
2025-10-02 17:27:20,136 - INFO - (31.476 -98.0 0.0)
2025-10-02 17:27:20,146 - INFO - (31.643 -98.0 0.0)
2025-10-02 17:27:20,156 - INFO - (31.81 -98.0 0.0)
2025-10-02 17:27:20,166 - INFO - (31.977 -98.0 0.0)
2025-10-02 17:27:20,176 - INFO - (32.144 -98.0 0.0)
2025-10-02 17:27:20,186 - INFO - (32.311 -98.0 0.0)
2025-10-02 17:27:20,196 - INFO - (32.478 -98.0 0.0)
2025-10-02 17:27:20,206 - INFO - (32.645 -98.0 0.0)
2025-10-02 17:27:20,216 - INFO - (32.812 -98.0 0.0)
2025-10-02 17:27:20,226 - INFO - (32.979 -98.0 0.0)
2025-10-02 17:27:20,236 - INFO - (33.146 -98.0 0.0)
2025-10-02 17:27:20,247 - INFO - (33.313 -98.0 0.0)
2025-10-02 17:27:20,257 - INFO - (33.481 -98.0 0.0)
2025-10-02 17:27:20,267 - INFO - (33.631 -98.0 0.0)
2025-10-02 17:27:20,277 - INFO - (33.815 -98.0 0.0)
2025-10-02 17:27:20,286 - INFO - (33.965 -98.0 0.0)
2025-10-02 17:27:20,296 - INFO - (34.132 -98.0 0.0)
2025-10-02 17:27:20,306 - INFO - (34.299 -98.0 0.0)
2025-10-02 17:27:20,316 - INFO - (34.483 -98.0 0.0)
2025-10-02 17:27:20,326 - INFO - (34.65 -98.0 0.0)
2025-10-02 17:27:20,336 - INFO - (34.817 -98.0 0.0)
2025-10-02 17:27:20,346 - INFO - (34.984 -98.0 0.0)
2025-10-02 17:27:20,356 - INFO - (35.151 -98.0 0.0)
2025-10-02 17:27:20,366 - INFO - (35.302 -98.0 0.0)
2025-10-02 17:27:20,376 - INFO - (35.486 -98.0 0.0)
2025-10-02 17:27:20,386 - INFO - (35.636 -98.0 0.0)
2025-10-02 17:27:20,396 - INFO - (35.803 -98.0 -0.0)
2025-10-02 17:27:20,406 - INFO - (35.987 -98.0 -0.0)
2025-10-02 17:27:20,416 - INFO - (36.137 -98.0 -0.0)
2025-10-02 17:27:20,426 - INFO - (36.304 -98.0 -0.0)
2025-10-02 17:27:20,436 - INFO - (36.488 -98.0 -0.0)
2025-10-02 17:27:20,446 - INFO - (36.655 -98.0 -0.0)
2025-10-02 17:27:20,457 - INFO - (36.822 -98.0 -0.0)
2025-10-02 17:27:20,466 - INFO - (36.989 -98.0 -0.0)
2025-10-02 17:27:20,476 - INFO - (37.157 -98.0 -0.0)
2025-10-02 17:27:20,486 - INFO - (37.34 -98.0 -0.0)
2025-10-02 17:27:20,496 - INFO - (37.491 -98.0 -0.0)
2025-10-02 17:27:20,506 - INFO - (37.658 -98.0 -0.0)
2025-10-02 17:27:20,516 - INFO - (37.825 -98.0 -0.0)
2025-10-02 17:27:20,526 - INFO - (37.992 -98.0 -0.0)
2025-10-02 17:27:20,537 - INFO - (38.159 -98.0 -0.0)
2025-10-02 17:27:20,546 - INFO - (38.326 -98.0 -0.0)
2025-10-02 17:27:20,556 - INFO - (38.493 -98.0 -0.0)
2025-10-02 17:27:20,566 - INFO - (38.66 -98.0 -0.0)
2025-10-02 17:27:20,576 - INFO - (38.827 -98.0 -0.0)
2025-10-02 17:27:20,586 - INFO - (38.995 -98.0 -0.0)
2025-10-02 17:27:20,597 - INFO - (39.162 -98.0 -0.0)
2025-10-02 17:27:20,606 - INFO - (39.329 -98.0 -0.0)
2025-10-02 17:27:20,616 - INFO - (39.496 -98.0 -0.0)
2025-10-02 17:27:20,626 - INFO - (39.663 -98.0 -0.0)
2025-10-02 17:27:20,636 - INFO - (39.83 -98.0 -0.0)
2025-10-02 17:27:20,646 - INFO - (39.997 -98.0 -0.0)
2025-10-02 17:27:20,656 - INFO - (40.164 -98.0 -0.0)
2025-10-02 17:27:20,666 - INFO - (40.331 -98.0 -0.0)
2025-10-02 17:27:20,676 - INFO - (40.498 -98.0 0.0)
2025-10-02 17:27:20,686 - INFO - (40.665 -98.0 0.0)
2025-10-02 17:27:20,696 - INFO - (40.832 -98.0 0.0)
2025-10-02 17:27:20,706 - INFO - (41.0 -98.0 0.001)
2025-10-02 17:27:20,716 - INFO - (41.167 -98.0 0.001)
2025-10-02 17:27:20,726 - INFO - (41.334 -98.0 0.0)
2025-10-02 17:27:20,736 - INFO - (41.501 -98.0 0.001)
2025-10-02 17:27:20,746 - INFO - (41.668 -98.0 0.001)
2025-10-02 17:27:20,756 - INFO - (41.835 -98.0 0.0)
2025-10-02 17:27:20,766 - INFO - (42.002 -98.0 0.0)
2025-10-02 17:27:20,776 - INFO - (42.169 -98.0 0.0)
2025-10-02 17:27:20,787 - INFO - (42.32 -98.0 0.0)
2025-10-02 17:27:20,797 - INFO - (42.503 -98.0 0.0)
2025-10-02 17:27:20,807 - INFO - (42.654 -98.0 0.0)
2025-10-02 17:27:20,817 - INFO - (42.821 -98.0 0.0)
2025-10-02 17:27:20,826 - INFO - (42.988 -98.0 0.0)
2025-10-02 17:27:20,836 - INFO - (43.155 -98.0 0.0)
2025-10-02 17:27:20,846 - INFO - (43.322 -98.0 -0.0)
2025-10-02 17:27:20,856 - INFO - (43.506 -98.0 -0.0)
2025-10-02 17:27:20,866 - INFO - (43.656 -98.0 -0.0)
2025-10-02 17:27:20,876 - INFO - (43.84 -98.0 -0.0)
2025-10-02 17:27:20,886 - INFO - (43.99 -98.0 -0.0)
2025-10-02 17:27:20,896 - INFO - (44.158 -98.0 -0.0)
2025-10-02 17:27:20,906 - INFO - (44.325 -98.0 -0.0)
2025-10-02 17:27:20,916 - INFO - (44.492 -98.0 -0.0)
2025-10-02 17:27:20,926 - INFO - (44.659 -98.0 -0.0)
2025-10-02 17:27:20,936 - INFO - (44.826 -98.0 -0.0)
2025-10-02 17:27:20,946 - INFO - (44.993 -98.0 -0.0)
2025-10-02 17:27:20,956 - INFO - (45.16 -98.0 -0.0)
2025-10-02 17:27:20,966 - INFO - (45.327 -98.0 -0.0)
2025-10-02 17:27:20,976 - INFO - (45.494 -98.0 -0.0)
2025-10-02 17:27:20,986 - INFO - (45.661 -98.0 -0.0)
2025-10-02 17:27:20,996 - INFO - (45.828 -98.0 -0.0)
2025-10-02 17:27:21,007 - INFO - (46.012 -98.0 -0.0)
2025-10-02 17:27:21,017 - INFO - (46.179 -98.0 -0.0)
2025-10-02 17:27:21,027 - INFO - (46.346 -98.0 -0.0)
2025-10-02 17:27:21,037 - INFO - (46.514 -98.0 -0.0)
2025-10-02 17:27:21,047 - INFO - (46.664 -98.0 -0.0)
2025-10-02 17:27:21,056 - INFO - (46.831 -98.0 -0.0)
2025-10-02 17:27:21,066 - INFO - (46.998 -98.0 -0.0)
2025-10-02 17:27:21,076 - INFO - (47.165 -98.0 -0.0)
2025-10-02 17:27:21,086 - INFO - (47.332 -98.0 -0.0)
2025-10-02 17:27:21,096 - INFO - (47.499 -98.0 -0.0)
2025-10-02 17:27:21,106 - INFO - (47.666 -98.0 -0.0)
2025-10-02 17:27:21,116 - INFO - (47.834 -98.0 -0.0)
2025-10-02 17:27:21,127 - INFO - (48.001 -98.0 -0.0)
2025-10-02 17:27:21,136 - INFO - (48.168 -98.0 -0.0)
2025-10-02 17:27:21,146 - INFO - (48.335 -98.0 -0.0)
2025-10-02 17:27:21,156 - INFO - (48.502 -98.0 -0.0)
2025-10-02 17:27:21,167 - INFO - (48.652 -98.0 -0.0)
2025-10-02 17:27:21,177 - INFO - (48.836 -98.0 -0.0)
2025-10-02 17:27:21,187 - INFO - (49.003 -98.0 -0.0)
2025-10-02 17:27:21,197 - INFO - (49.17 -98.0 -0.0)
2025-10-02 17:27:21,207 - INFO - (49.337 -98.0 -0.0)
2025-10-02 17:27:21,216 - INFO - (49.504 -98.0 -0.0)
2025-10-02 17:27:21,226 - INFO - (49.655 -98.0 -0.0)
2025-10-02 17:27:21,236 - INFO - (49.839 -98.0 -0.0)
2025-10-02 17:27:21,247 - INFO - (49.989 -98.0 -0.0)
2025-10-02 17:27:21,257 - INFO - (50.173 -98.0 -0.0)
2025-10-02 17:27:21,267 - INFO - (50.34 -98.0 -0.0)
2025-10-02 17:27:21,276 - INFO - (50.507 -98.0 -0.0)
2025-10-02 17:27:21,286 - INFO - (50.674 -98.0 0.001)
2025-10-02 17:27:21,296 - INFO - (50.824 -98.0 0.0)
2025-10-02 17:27:21,306 - INFO - (51.008 -98.0 0.0)
2025-10-02 17:27:21,316 - INFO - (51.175 -98.0 0.001)
2025-10-02 17:27:21,326 - INFO - (51.342 -98.0 0.001)
2025-10-02 17:27:21,336 - INFO - (51.509 -98.0 0.001)
2025-10-02 17:27:21,346 - INFO - (51.677 -98.0 0.001)
2025-10-02 17:27:21,357 - INFO - (51.844 -98.0 0.001)
2025-10-02 17:27:21,366 - INFO - (52.011 -98.0 0.001)
2025-10-02 17:27:21,376 - INFO - (52.178 -98.0 0.001)
2025-10-02 17:27:21,386 - INFO - (52.345 -98.0 0.001)
2025-10-02 17:27:21,396 - INFO - (52.512 -98.0 0.001)
2025-10-02 17:27:21,406 - INFO - (52.679 -98.0 0.0)
2025-10-02 17:27:21,416 - INFO - (52.846 -98.0 0.0)
2025-10-02 17:27:21,426 - INFO - (52.997 -98.0 -0.0)
2025-10-02 17:27:21,436 - INFO - (53.164 -98.0 -0.0)
2025-10-02 17:27:21,446 - INFO - (53.331 -98.0 -0.0)
2025-10-02 17:27:21,456 - INFO - (53.498 -98.0 -0.0)
2025-10-02 17:27:21,466 - INFO - (53.665 -98.0 -0.0)
2025-10-02 17:27:21,476 - INFO - (53.832 -98.0 -0.0)
2025-10-02 17:27:21,486 - INFO - (53.999 -98.0 -0.0)
2025-10-02 17:27:21,496 - INFO - (54.183 -98.0 -0.001)
2025-10-02 17:27:21,506 - INFO - (54.35 -98.0 -0.0)
2025-10-02 17:27:21,516 - INFO - (54.517 -98.0 -0.0)
2025-10-02 17:27:21,526 - INFO - (54.684 -98.0 -0.0)
2025-10-02 17:27:21,536 - INFO - (54.851 -98.0 -0.0)
2025-10-02 17:27:21,546 - INFO - (55.018 -98.0 -0.0)
2025-10-02 17:27:21,556 - INFO - (55.185 -98.0 -0.0)
2025-10-02 17:27:21,566 - INFO - (55.353 -98.0 -0.0)
2025-10-02 17:27:21,576 - INFO - (55.52 -98.0 -0.0)
2025-10-02 17:27:21,586 - INFO - (55.687 -98.0 -0.0)
2025-10-02 17:27:21,596 - INFO - (55.854 -98.0 -0.0)
2025-10-02 17:27:21,606 - INFO - (56.021 -98.0 -0.0)
2025-10-02 17:27:21,616 - INFO - (56.188 -98.0 -0.0)
2025-10-02 17:27:21,626 - INFO - (56.355 -98.0 -0.0)
2025-10-02 17:27:21,636 - INFO - (56.522 -98.0 -0.0)
2025-10-02 17:27:21,646 - INFO - (56.689 -98.0 -0.0)
2025-10-02 17:27:21,656 - INFO - (56.856 -98.0 -0.0)
2025-10-02 17:27:21,666 - INFO - (57.023 -98.0 -0.0)
2025-10-02 17:27:21,676 - INFO - (57.19 -98.0 -0.0)
2025-10-02 17:27:21,686 - INFO - (57.358 -98.0 -0.0)
2025-10-02 17:27:21,696 - INFO - (57.525 -98.0 -0.0)
2025-10-02 17:27:21,707 - INFO - (57.692 -98.0 -0.0)
2025-10-02 17:27:21,716 - INFO - (57.859 -98.0 -0.0)
2025-10-02 17:27:21,727 - INFO - (58.026 -98.0 -0.0)
2025-10-02 17:27:21,737 - INFO - (58.193 -98.0 -0.0)
2025-10-02 17:27:21,746 - INFO - (58.36 -98.0 -0.0)
2025-10-02 17:27:21,756 - INFO - (58.527 -98.0 -0.0)
2025-10-02 17:27:21,766 - INFO - (58.694 -98.0 -0.0)
2025-10-02 17:27:21,776 - INFO - (58.861 -98.0 -0.0)
2025-10-02 17:27:21,786 - INFO - (59.028 -98.0 -0.0)
2025-10-02 17:27:21,796 - INFO - (59.196 -98.0 -0.0)
2025-10-02 17:27:21,807 - INFO - (59.363 -98.0 -0.0)
2025-10-02 17:27:21,816 - INFO - (59.53 -98.0 -0.0)
2025-10-02 17:27:21,826 - INFO - (59.697 -98.0 0.0)
2025-10-02 17:27:21,836 - INFO - (59.847 -98.0 0.001)
2025-10-02 17:27:21,846 - INFO - (60.031 -98.0 0.001)
2025-10-02 17:27:21,856 - INFO - (60.198 -98.0 0.001)
2025-10-02 17:27:21,866 - INFO - (60.348 -98.0 0.001)
2025-10-02 17:27:21,876 - INFO - (60.516 -98.0 0.001)
2025-10-02 17:27:21,886 - INFO - (60.683 -98.0 0.001)
2025-10-02 17:27:21,896 - INFO - (60.85 -98.0 0.001)
2025-10-02 17:27:21,906 - INFO - (61.017 -98.0 0.001)
2025-10-02 17:27:21,916 - INFO - (61.184 -98.0 0.001)
2025-10-02 17:27:21,926 - INFO - (61.351 -98.0 0.001)
2025-10-02 17:27:21,936 - INFO - (61.518 -98.0 0.0)
2025-10-02 17:27:21,946 - INFO - (61.685 -98.0 0.0)
2025-10-02 17:27:21,956 - INFO - (61.852 -98.0 0.0)
2025-10-02 17:27:21,966 - INFO - (62.003 -98.0 0.0)
2025-10-02 17:27:21,976 - INFO - (62.186 -98.0 0.0)
2025-10-02 17:27:21,986 - INFO - (62.354 -98.0 0.0)
2025-10-02 17:27:21,996 - INFO - (62.521 -98.0 -0.0)
2025-10-02 17:27:22,006 - INFO - (62.688 -98.0 -0.0)
2025-10-02 17:27:22,016 - INFO - (62.855 -98.0 -0.0)
2025-10-02 17:27:22,027 - INFO - (63.022 -98.0 -0.0)
2025-10-02 17:27:22,036 - INFO - (63.189 -98.0 -0.0)
2025-10-02 17:27:22,046 - INFO - (63.356 -98.0 -0.0)
2025-10-02 17:27:22,056 - INFO - (63.523 -98.0 -0.0)
2025-10-02 17:27:22,066 - INFO - (63.69 -98.0 -0.0)
2025-10-02 17:27:22,076 - INFO - (63.857 -98.0 -0.0)
2025-10-02 17:27:22,086 - INFO - (64.024 -98.0 -0.0)
2025-10-02 17:27:22,096 - INFO - (64.191 -98.0 -0.0)
2025-10-02 17:27:22,106 - INFO - (64.359 -98.0 -0.0)
2025-10-02 17:27:22,116 - INFO - (64.526 -98.0 -0.0)
2025-10-02 17:27:22,126 - INFO - (64.693 -98.0 -0.0)
2025-10-02 17:27:22,136 - INFO - (64.86 -98.0 -0.0)
2025-10-02 17:27:22,146 - INFO - (65.027 -98.0 -0.0)
2025-10-02 17:27:22,156 - INFO - (65.194 -98.0 -0.0)
2025-10-02 17:27:22,166 - INFO - (65.361 -98.0 -0.0)
2025-10-02 17:27:22,176 - INFO - (65.528 -98.0 -0.0)
2025-10-02 17:27:22,186 - INFO - (65.695 -98.0 -0.0)
2025-10-02 17:27:22,196 - INFO - (65.862 -98.0 -0.0)
2025-10-02 17:27:22,206 - INFO - (66.029 -98.0 -0.0)
2025-10-02 17:27:22,216 - INFO - (66.197 -98.0 -0.0)
2025-10-02 17:27:22,226 - INFO - (66.364 -98.0 -0.0)
2025-10-02 17:27:22,236 - INFO - (66.531 -98.0 -0.0)
2025-10-02 17:27:22,246 - INFO - (66.698 -98.0 -0.0)
2025-10-02 17:27:22,256 - INFO - (66.865 -98.0 -0.0)
2025-10-02 17:27:22,266 - INFO - (67.032 -98.0 -0.0)
2025-10-02 17:27:22,276 - INFO - (67.199 -98.0 -0.0)
2025-10-02 17:27:22,286 - INFO - (67.366 -98.0 -0.0)
2025-10-02 17:27:22,296 - INFO - (67.533 -98.0 -0.0)
2025-10-02 17:27:22,306 - INFO - (67.7 -98.0 -0.0)
2025-10-02 17:27:22,316 - INFO - (67.867 -98.0 -0.0)
2025-10-02 17:27:22,327 - INFO - (68.035 -98.0 -0.0)
2025-10-02 17:27:22,343 - INFO - (68.202 -98.0 -0.0)
2025-10-02 17:27:22,346 - INFO - (68.436 -98.0 -0.0)
2025-10-02 17:27:22,356 - INFO - (68.469 -98.0 -0.0)
2025-10-02 17:27:22,367 - INFO - (68.636 -98.0 -0.0)
2025-10-02 17:27:22,377 - INFO - (68.82 -98.0 -0.0)
2025-10-02 17:27:22,386 - INFO - (68.987 -98.0 -0.0)
2025-10-02 17:27:22,396 - INFO - (69.154 -98.0 -0.0)
2025-10-02 17:27:22,406 - INFO - (69.321 -98.0 -0.0)
2025-10-02 17:27:22,416 - INFO - (69.488 -98.0 -0.0)
2025-10-02 17:27:22,426 - INFO - (69.655 -98.0 -0.0)
2025-10-02 17:27:22,436 - INFO - (69.822 -98.0 -0.0)
2025-10-02 17:27:22,446 - INFO - (69.989 -98.0 0.0)
2025-10-02 17:27:22,456 - INFO - (70.173 -98.0 0.0)
2025-10-02 17:27:22,466 - INFO - (70.324 -98.0 0.0)
2025-10-02 17:27:22,476 - INFO - (70.507 -98.0 0.001)
2025-10-02 17:27:22,486 - INFO - (70.675 -98.0 0.001)
2025-10-02 17:27:22,496 - INFO - (70.842 -98.0 0.001)
2025-10-02 17:27:22,506 - INFO - (71.025 -98.0 0.001)
2025-10-02 17:27:22,516 - INFO - (71.193 -98.0 0.001)
2025-10-02 17:27:22,526 - INFO - (71.36 -98.0 0.001)
2025-10-02 17:27:22,536 - INFO - (71.527 -98.0 0.001)
2025-10-02 17:27:22,546 - INFO - (71.694 -98.0 0.001)
2025-10-02 17:27:22,556 - INFO - (71.861 -98.0 0.001)
2025-10-02 17:27:22,566 - INFO - (72.028 -98.0 0.001)
2025-10-02 17:27:22,576 - INFO - (72.195 -98.0 0.001)
2025-10-02 17:27:22,586 - INFO - (72.362 -98.0 0.001)
2025-10-02 17:27:22,596 - INFO - (72.513 -98.0 0.0)
2025-10-02 17:27:22,606 - INFO - (72.68 -98.0 0.0)
2025-10-02 17:27:22,616 - INFO - (72.863 -98.0 -0.0)
2025-10-02 17:27:22,626 - INFO - (73.03 -98.0 -0.0)
2025-10-02 17:27:22,636 - INFO - (73.198 -98.0 -0.0)
2025-10-02 17:27:22,646 - INFO - (73.365 -98.0 -0.0)
2025-10-02 17:27:22,656 - INFO - (73.532 -98.0 -0.0)
2025-10-02 17:27:22,667 - INFO - (73.682 -98.0 -0.0)
2025-10-02 17:27:22,676 - INFO - (73.866 -98.0 -0.0)
2025-10-02 17:27:22,686 - INFO - (74.033 -98.0 -0.0)
2025-10-02 17:27:22,696 - INFO - (74.183 -98.0 -0.0)
2025-10-02 17:27:22,706 - INFO - (74.35 -98.0 -0.0)
2025-10-02 17:27:22,716 - INFO - (74.518 -98.0 -0.001)
2025-10-02 17:27:22,726 - INFO - (74.685 -98.0 -0.0)
2025-10-02 17:27:22,736 - INFO - (74.852 -98.0 -0.0)
2025-10-02 17:27:22,746 - INFO - (75.019 -98.0 -0.0)
2025-10-02 17:27:22,756 - INFO - (75.203 -98.0 -0.0)
2025-10-02 17:27:22,766 - INFO - (75.353 -98.0 -0.0)
2025-10-02 17:27:22,776 - INFO - (75.537 -98.0 -0.0)
2025-10-02 17:27:22,786 - INFO - (75.704 -98.0 -0.0)
2025-10-02 17:27:22,796 - INFO - (75.871 -98.0 -0.0)
2025-10-02 17:27:22,806 - INFO - (76.038 -98.0 -0.0)
2025-10-02 17:27:22,816 - INFO - (76.205 -98.0 -0.0)
2025-10-02 17:27:22,826 - INFO - (76.372 -98.0 -0.0)
2025-10-02 17:27:22,836 - INFO - (76.539 -98.0 -0.0)
2025-10-02 17:27:22,847 - INFO - (76.706 -98.0 -0.0)
2025-10-02 17:27:22,856 - INFO - (76.874 -98.0 -0.0)
2025-10-02 17:27:22,867 - INFO - (77.041 -98.0 -0.0)
2025-10-02 17:27:22,876 - INFO - (77.208 -98.0 -0.0)
2025-10-02 17:27:22,886 - INFO - (77.375 -98.0 -0.0)
2025-10-02 17:27:22,896 - INFO - (77.542 -98.0 -0.0)
2025-10-02 17:27:22,906 - INFO - (77.709 -98.0 -0.0)
2025-10-02 17:27:22,916 - INFO - (77.876 -98.0 -0.0)
2025-10-02 17:27:22,927 - INFO - (78.043 -98.0 -0.0)
2025-10-02 17:27:22,936 - INFO - (78.21 -98.0 -0.0)
2025-10-02 17:27:22,946 - INFO - (78.377 -98.0 -0.0)
2025-10-02 17:27:22,956 - INFO - (78.544 -98.0 -0.0)
2025-10-02 17:27:22,966 - INFO - (78.712 -98.0 -0.0)
2025-10-02 17:27:22,976 - INFO - (78.879 -98.0 -0.0)
2025-10-02 17:27:22,986 - INFO - (79.046 -98.0 -0.0)
2025-10-02 17:27:22,996 - INFO - (79.213 -98.0 -0.0)
2025-10-02 17:27:23,006 - INFO - (79.38 -98.0 -0.0)
2025-10-02 17:27:23,016 - INFO - (79.547 -98.0 -0.0)
2025-10-02 17:27:23,026 - INFO - (79.714 -98.0 -0.001)
2025-10-02 17:27:23,036 - INFO - (79.881 -98.0 -0.0)
2025-10-02 17:27:23,046 - INFO - (80.048 -98.0 -0.0)
2025-10-02 17:27:23,056 - INFO - (80.215 -98.0 0.001)
2025-10-02 17:27:23,066 - INFO - (80.382 -98.0 0.0)
2025-10-02 17:27:23,076 - INFO - (80.549 -98.0 0.0)
2025-10-02 17:27:23,086 - INFO - (80.717 -98.0 0.001)
2025-10-02 17:27:23,096 - INFO - (80.884 -98.0 0.001)
2025-10-02 17:27:23,106 - INFO - (81.051 -98.0 0.001)
2025-10-02 17:27:23,116 - INFO - (81.218 -98.0 0.001)
2025-10-02 17:27:23,126 - INFO - (81.385 -98.0 0.001)
2025-10-02 17:27:23,136 - INFO - (81.552 -98.0 0.001)
2025-10-02 17:27:23,146 - INFO - (81.719 -98.0 0.001)
2025-10-02 17:27:23,156 - INFO - (81.886 -98.0 0.0)
2025-10-02 17:27:23,166 - INFO - (82.053 -98.0 0.0)
2025-10-02 17:27:23,176 - INFO - (82.22 -98.0 0.0)
2025-10-02 17:27:23,186 - INFO - (82.387 -98.0 0.0)
2025-10-02 17:27:23,196 - INFO - (82.538 -98.0 0.0)
2025-10-02 17:27:23,206 - INFO - (82.705 -98.0 0.0)
2025-10-02 17:27:23,216 - INFO - (82.872 -98.0 0.0)
2025-10-02 17:27:23,226 - INFO - (83.039 -98.0 -0.0)
2025-10-02 17:27:23,236 - INFO - (83.206 -98.0 -0.0)
2025-10-02 17:27:23,246 - INFO - (83.373 -98.0 -0.0)
2025-10-02 17:27:23,256 - INFO - (83.54 -98.0 -0.0)
2025-10-02 17:27:23,266 - INFO - (83.707 -98.0 -0.0)
2025-10-02 17:27:23,276 - INFO - (83.875 -98.0 -0.0)
2025-10-02 17:27:23,286 - INFO - (84.042 -98.0 -0.0)
2025-10-02 17:27:23,296 - INFO - (84.209 -98.0 -0.0)
2025-10-02 17:27:23,306 - INFO - (84.376 -98.0 -0.0)
2025-10-02 17:27:23,316 - INFO - (84.543 -98.0 -0.0)
2025-10-02 17:27:23,326 - INFO - (84.71 -98.0 -0.0)
2025-10-02 17:27:23,336 - INFO - (84.877 -98.0 -0.0)
2025-10-02 17:27:23,346 - INFO - (85.044 -98.0 -0.0)
2025-10-02 17:27:23,356 - INFO - (85.211 -98.0 -0.0)
2025-10-02 17:27:23,366 - INFO - (85.378 -98.0 -0.0)
2025-10-02 17:27:23,376 - INFO - (85.545 -98.0 -0.0)
2025-10-02 17:27:23,386 - INFO - (85.713 -98.0 -0.0)
2025-10-02 17:27:23,396 - INFO - (85.863 -98.0 -0.0)
2025-10-02 17:27:23,406 - INFO - (86.03 -98.0 -0.0)
2025-10-02 17:27:23,416 - INFO - (86.197 -98.0 -0.0)
2025-10-02 17:27:23,426 - INFO - (86.364 -98.0 -0.0)
2025-10-02 17:27:23,436 - INFO - (86.548 -98.0 -0.0)
2025-10-02 17:27:23,446 - INFO - (86.715 -98.0 -0.0)
2025-10-02 17:27:23,456 - INFO - (86.882 -98.0 -0.0)
2025-10-02 17:27:23,466 - INFO - (87.033 -98.0 -0.0)
2025-10-02 17:27:23,476 - INFO - (87.216 -98.0 -0.0)
2025-10-02 17:27:23,486 - INFO - (87.383 -98.0 -0.0)
2025-10-02 17:27:23,497 - INFO - (87.551 -98.0 -0.0)
2025-10-02 17:27:23,506 - INFO - (87.718 -98.0 -0.0)
2025-10-02 17:27:23,516 - INFO - (87.885 -98.0 -0.0)
2025-10-02 17:27:23,527 - INFO - (88.052 -98.0 -0.0)
2025-10-02 17:27:23,536 - INFO - (88.219 -98.0 -0.0)
2025-10-02 17:27:23,547 - INFO - (88.403 -98.0 -0.0)
2025-10-02 17:27:23,557 - INFO - (88.57 -98.0 -0.0)
2025-10-02 17:27:23,567 - INFO - (88.737 -98.0 -0.0)
2025-10-02 17:27:23,577 - INFO - (88.904 -98.0 -0.0)
2025-10-02 17:27:23,587 - INFO - (89.054 -98.0 -0.0)
2025-10-02 17:27:23,597 - INFO - (89.221 -98.0 -0.0)
2025-10-02 17:27:23,607 - INFO - (89.388 -98.0 -0.08)
2025-10-02 17:27:23,616 - INFO - (89.556 -98.0 0.08)
2025-10-02 17:27:23,626 - INFO - (89.723 -98.0 -0.08)
2025-10-02 17:27:23,636 - INFO - (89.89 -98.0 0.08)
2025-10-02 17:27:23,646 - INFO - (90.057 -98.0 0.0)
2025-10-02 17:27:23,656 - INFO - (90.241 -98.0 0.0)
2025-10-02 17:27:23,666 - INFO - (90.408 -98.0 0.001)
2025-10-02 17:27:23,676 - INFO - (90.575 -98.0 0.001)
2025-10-02 17:27:23,686 - INFO - (90.725 -98.0 0.001)
2025-10-02 17:27:23,696 - INFO - (90.892 -98.0 0.001)
2025-10-02 17:27:23,706 - INFO - (91.059 -98.0 0.001)
2025-10-02 17:27:23,716 - INFO - (91.226 -98.0 0.001)
2025-10-02 17:27:23,726 - INFO - (91.394 -98.0 0.001)
2025-10-02 17:27:23,736 - INFO - (91.561 -98.0 0.001)
2025-10-02 17:27:23,746 - INFO - (91.728 -98.0 0.001)
2025-10-02 17:27:23,756 - INFO - (91.895 -98.0 0.0)
2025-10-02 17:27:23,766 - INFO - (92.062 -98.0 0.0)
2025-10-02 17:27:23,776 - INFO - (92.229 -98.0 0.0)
2025-10-02 17:27:23,786 - INFO - (92.396 -98.0 0.0)
2025-10-02 17:27:23,796 - INFO - (92.563 -98.0 0.0)
2025-10-02 17:27:23,806 - INFO - (92.73 -98.0 -0.0)
2025-10-02 17:27:23,816 - INFO - (92.897 -98.0 -0.0)
2025-10-02 17:27:23,826 - INFO - (93.064 -98.0 -0.0)
2025-10-02 17:27:23,836 - INFO - (93.232 -98.0 -0.0)
2025-10-02 17:27:23,846 - INFO - (93.399 -98.0 -0.0)
2025-10-02 17:27:23,857 - INFO - (93.566 -98.0 -0.0)
2025-10-02 17:27:23,867 - INFO - (93.749 -98.0 -0.0)
2025-10-02 17:27:23,877 - INFO - (93.9 -98.0 -0.0)
2025-10-02 17:27:23,887 - INFO - (94.067 -98.0 -0.0)
2025-10-02 17:27:23,896 - INFO - (94.234 -98.0 -0.0)
2025-10-02 17:27:23,906 - INFO - (94.401 -98.0 -0.0)
2025-10-02 17:27:23,916 - INFO - (94.568 -98.0 -0.0)
2025-10-02 17:27:23,926 - INFO - (94.735 -98.0 -0.0)
2025-10-02 17:27:23,936 - INFO - (94.902 -98.0 -0.0)
2025-10-02 17:27:23,946 - INFO - (95.069 -98.0 -0.0)
2025-10-02 17:27:23,956 - INFO - (95.237 -98.0 -0.0)
2025-10-02 17:27:23,966 - INFO - (95.404 -98.0 -0.0)
2025-10-02 17:27:23,976 - INFO - (95.571 -98.0 -0.0)
2025-10-02 17:27:23,986 - INFO - (95.738 -98.0 -0.0)
2025-10-02 17:27:23,996 - INFO - (95.905 -98.0 -0.0)
2025-10-02 17:27:24,006 - INFO - (96.072 -98.0 -0.0)
2025-10-02 17:27:24,016 - INFO - (96.239 -98.0 -0.0)
2025-10-02 17:27:24,026 - INFO - (96.406 -98.0 -0.0)
2025-10-02 17:27:24,036 - INFO - (96.573 -98.0 -0.0)
2025-10-02 17:27:24,046 - INFO - (96.74 -98.0 -0.0)
2025-10-02 17:27:24,056 - INFO - (96.907 -98.0 -0.0)
2025-10-02 17:27:24,066 - INFO - (97.075 -98.0 -0.0)
2025-10-02 17:27:24,076 - INFO - (97.242 -98.0 -0.0)
2025-10-02 17:27:24,086 - INFO - (97.409 -98.0 -0.0)
2025-10-02 17:27:24,096 - INFO - (97.576 -98.0 -0.0)
2025-10-02 17:27:24,106 - INFO - (97.743 -98.0 -0.0)
2025-10-02 17:27:24,116 - INFO - (97.91 -98.0 -0.0)
2025-10-02 17:27:24,127 - INFO - (98.077 -98.0 -0.0)
2025-10-02 17:27:24,136 - INFO - (98.244 -98.0 -0.0)
2025-10-02 17:27:24,146 - INFO - (98.411 -98.0 -0.0)
2025-10-02 17:27:24,156 - INFO - (98.578 -98.0 -0.0)
2025-10-02 17:27:24,166 - INFO - (98.745 -98.0 -0.0)
2025-10-02 17:27:24,176 - INFO - (98.913 -98.0 -0.0)
2025-10-02 17:27:24,186 - INFO - (99.08 -98.0 -0.0)
2025-10-02 17:27:24,196 - INFO - (99.23 -98.0 -0.0)
2025-10-02 17:27:24,206 - INFO - (99.397 -98.0 -0.0)
2025-10-02 17:27:24,216 - INFO - (99.564 -98.0 -0.001)
2025-10-02 17:27:24,226 - INFO - (99.731 -98.0 -0.0)
2025-10-02 17:27:24,236 - INFO - (99.898 -98.0 -0.0)
2025-10-02 17:27:24,246 - INFO - (100.065 -98.0 0.0)
2025-10-02 17:27:24,256 - INFO - (100.233 -98.0 0.0)
2025-10-02 17:27:24,266 - INFO - (100.4 -98.0 0.0)
2025-10-02 17:27:24,276 - INFO - (100.567 -98.0 0.001)
2025-10-02 17:27:24,286 - INFO - (100.734 -98.0 0.001)
2025-10-02 17:27:24,296 - INFO - (100.901 -98.0 0.001)
2025-10-02 17:27:24,306 - INFO - (101.068 -98.0 0.001)
2025-10-02 17:27:24,316 - INFO - (101.235 -98.0 0.002)
2025-10-02 17:27:24,326 - INFO - (101.402 -98.0 0.001)
2025-10-02 17:27:24,336 - INFO - (101.569 -98.0 0.001)
2025-10-02 17:27:24,346 - INFO - (101.736 -98.0 0.001)
2025-10-02 17:27:24,356 - INFO - (101.903 -98.0 0.001)
2025-10-02 17:27:24,366 - INFO - (102.071 -98.0 0.001)
2025-10-02 17:27:24,376 - INFO - (102.238 -98.0 0.001)
2025-10-02 17:27:24,386 - INFO - (102.405 -98.0 0.001)
2025-10-02 17:27:24,396 - INFO - (102.572 -98.0 0.001)
2025-10-02 17:27:24,406 - INFO - (102.739 -98.0 0.0)
2025-10-02 17:27:24,416 - INFO - (102.906 -98.0 0.0)
2025-10-02 17:27:24,426 - INFO - (103.073 -98.0 0.0)
2025-10-02 17:27:24,436 - INFO - (103.24 -98.0 0.0)
2025-10-02 17:27:24,446 - INFO - (103.407 -98.0 -0.0)
2025-10-02 17:27:24,456 - INFO - (103.574 -98.0 -0.0)
2025-10-02 17:27:24,466 - INFO - (103.741 -98.0 -0.0)
2025-10-02 17:27:24,476 - INFO - (103.908 -98.0 -0.0)
2025-10-02 17:27:24,486 - INFO - (104.076 -98.0 16.342)
2025-10-02 17:27:24,496 - INFO - (104.245 -98.0 -0.697)
2025-10-02 17:27:24,506 - INFO - (104.413 -98.0 -4.113)
2025-10-02 17:27:24,516 - INFO - (104.581 -98.0 -3.635)
2025-10-02 17:27:24,526 - INFO - (104.749 -98.0 -3.171)
2025-10-02 17:27:24,536 - INFO - (104.916 -98.0 -2.795)
2025-10-02 17:27:24,546 - INFO - (105.1 -98.0 -2.693)
2025-10-02 17:27:24,556 - INFO - (105.267 -98.0 -2.141)
2025-10-02 17:27:24,566 - INFO - (105.434 -98.0 -1.872)
2025-10-02 17:27:24,576 - INFO - (105.6 -98.0 -1.631)
2025-10-02 17:27:24,587 - INFO - (105.75 -98.0 -1.368)
2025-10-02 17:27:24,597 - INFO - (105.913 -98.0 -38.703)
2025-10-02 17:27:24,607 - INFO - (106.076 -98.0 -0.004)
2025-10-02 17:27:24,617 - INFO - (106.238 -98.0 -0.003)
2025-10-02 17:27:24,626 - INFO - (106.385 -98.0 -0.002)
2025-10-02 17:27:24,636 - INFO - (106.547 -98.0 -0.001)
2025-10-02 17:27:24,646 - INFO - (106.709 -98.0 -0.0)
2025-10-02 17:27:24,656 - INFO - (106.872 -98.0 0.001)
2025-10-02 17:27:24,666 - INFO - (107.034 -98.0 0.002)
2025-10-02 17:27:24,676 - INFO - (107.197 -98.0 0.003)
2025-10-02 17:27:24,686 - INFO - (107.359 -98.0 0.004)
2025-10-02 17:27:24,696 - INFO - (107.522 -98.0 0.004)
2025-10-02 17:27:24,706 - INFO - (107.684 -98.0 0.005)
2025-10-02 17:27:24,716 - INFO - (107.83 -98.0 0.006)
2025-10-02 17:27:24,727 - INFO - (108.011 -98.0 31.222)
2025-10-02 17:27:24,736 - INFO - (108.16 -98.0 4.794)
2025-10-02 17:27:24,746 - INFO - (108.343 -98.0 4.743)
2025-10-02 17:27:24,757 - INFO - (108.51 -98.0 3.785)
2025-10-02 17:27:24,767 - INFO - (108.677 -98.0 3.191)
2025-10-02 17:27:24,777 - INFO - (108.845 -98.0 2.663)
2025-10-02 17:27:24,787 - INFO - (109.012 -98.0 2.155)
2025-10-02 17:27:24,796 - INFO - (109.18 -98.0 1.696)
2025-10-02 17:27:24,806 - INFO - (109.348 -98.0 1.359)
2025-10-02 17:27:24,816 - INFO - (109.516 -98.0 1.068)
2025-10-02 17:27:24,826 - INFO - (109.684 -98.0 0.697)
2025-10-02 17:27:24,836 - INFO - (109.852 -98.0 0.502)
2025-10-02 17:27:24,846 - INFO - (110.021 -98.0 0.398)
2025-10-02 17:27:24,856 - INFO - (110.188 -98.0 -24.44)
2025-10-02 17:27:24,866 - INFO - (110.353 -98.0 1.671)
2025-10-02 17:27:24,876 - INFO - (110.52 -98.0 2.731)
2025-10-02 17:27:24,886 - INFO - (110.686 -98.0 1.925)
2025-10-02 17:27:24,896 - INFO - (110.853 -98.0 1.333)
2025-10-02 17:27:24,906 - INFO - (111.019 -98.0 0.937)
2025-10-02 17:27:24,916 - INFO - (111.186 -98.0 0.624)
2025-10-02 17:27:24,926 - INFO - (111.353 -98.0 0.441)
2025-10-02 17:27:24,936 - INFO - (111.52 -98.0 0.248)
2025-10-02 17:27:24,946 - INFO - (111.686 -98.0 0.084)
2025-10-02 17:27:24,956 - INFO - (111.853 -98.0 0.0)
2025-10-02 17:27:24,966 - INFO - (112.02 -98.0 -0.054)
2025-10-02 17:27:24,976 - INFO - (112.204 -98.0 -0.173)
2025-10-02 17:27:24,986 - INFO - (112.37 -98.0 -0.411)
2025-10-02 17:27:24,996 - INFO - (112.537 -98.0 -0.02)
2025-10-02 17:27:25,006 - INFO - (112.687 -98.0 -0.001)
2025-10-02 17:27:25,016 - INFO - (112.871 -98.0 -0.002)
2025-10-02 17:27:25,026 - INFO - (113.037 -98.0 0.068)
2025-10-02 17:27:25,037 - INFO - (113.204 -98.0 0.077)
2025-10-02 17:27:25,046 - INFO - (113.371 -98.0 0.061)
2025-10-02 17:27:25,056 - INFO - (113.538 -98.0 0.076)
2025-10-02 17:27:25,066 - INFO - (113.705 -98.0 0.114)
2025-10-02 17:27:25,076 - INFO - (113.871 -98.0 0.089)
2025-10-02 17:27:25,086 - INFO - (114.038 -98.0 0.07)
2025-10-02 17:27:25,096 - INFO - (114.205 -98.0 0.156)
2025-10-02 17:27:25,106 - INFO - (114.372 -98.0 0.131)
2025-10-02 17:27:25,116 - INFO - (114.539 -98.0 0.103)
2025-10-02 17:27:25,126 - INFO - (114.706 -98.0 0.127)
2025-10-02 17:27:25,136 - INFO - (114.872 -98.0 0.139)
2025-10-02 17:27:25,146 - INFO - (115.039 -98.0 0.109)
2025-10-02 17:27:25,156 - INFO - (115.206 -98.0 0.096)
2025-10-02 17:27:25,166 - INFO - (115.373 -98.0 0.155)
2025-10-02 17:27:25,176 - INFO - (115.54 -98.0 0.12)
2025-10-02 17:27:25,186 - INFO - (115.69 -98.0 0.086)
2025-10-02 17:27:25,196 - INFO - (115.857 -98.0 0.193)
2025-10-02 17:27:25,206 - INFO - (116.024 -98.0 0.216)
2025-10-02 17:27:25,216 - INFO - (116.191 -98.0 0.169)
2025-10-02 17:27:25,227 - INFO - (116.358 -98.0 0.11)
2025-10-02 17:27:25,236 - INFO - (116.525 -98.0 0.009)
2025-10-02 17:27:25,246 - INFO - (116.692 -98.0 0.008)
2025-10-02 17:27:25,256 - INFO - (116.859 -98.0 0.006)
2025-10-02 17:27:25,266 - INFO - (117.026 -98.0 -0.058)
2025-10-02 17:27:25,276 - INFO - (117.193 -98.0 -0.058)
2025-10-02 17:27:25,286 - INFO - (117.36 -98.0 -0.046)
2025-10-02 17:27:25,296 - INFO - (117.527 -98.0 -0.065)
2025-10-02 17:27:25,306 - INFO - (117.694 -98.0 -0.088)
2025-10-02 17:27:25,316 - INFO - (117.861 -98.0 -0.069)
2025-10-02 17:27:25,327 - INFO - (118.028 -98.0 -0.054)
2025-10-02 17:27:25,336 - INFO - (118.195 -98.0 -0.078)
2025-10-02 17:27:25,346 - INFO - (118.362 -98.0 -0.061)
2025-10-02 17:27:25,356 - INFO - (118.529 -98.0 -0.048)
2025-10-02 17:27:25,366 - INFO - (118.696 -98.0 -0.053)
2025-10-02 17:27:25,376 - INFO - (118.863 -98.0 -0.05)
2025-10-02 17:27:25,386 - INFO - (119.03 -98.0 -0.039)
2025-10-02 17:27:25,396 - INFO - (119.197 -98.0 -0.037)
2025-10-02 17:27:25,406 - INFO - (119.364 -98.0 -0.051)
2025-10-02 17:27:25,416 - INFO - (119.531 -98.0 -0.039)
2025-10-02 17:27:25,426 - INFO - (119.697 -98.0 -0.031)
2025-10-02 17:27:25,436 - INFO - (119.864 -98.0 -0.002)
2025-10-02 17:27:25,446 - INFO - (120.031 -98.0 0.003)
2025-10-02 17:27:25,456 - INFO - (120.198 -98.0 0.003)
2025-10-02 17:27:25,466 - INFO - (120.365 -98.0 0.016)
2025-10-02 17:27:25,476 - INFO - (120.532 -98.0 0.029)
2025-10-02 17:27:25,486 - INFO - (120.699 -98.0 0.023)
2025-10-02 17:27:25,496 - INFO - (120.866 -98.0 0.018)
2025-10-02 17:27:25,507 - INFO - (121.033 -98.0 0.037)
2025-10-02 17:27:25,517 - INFO - (121.2 -98.0 0.029)
2025-10-02 17:27:25,526 - INFO - (121.367 -98.0 0.023)
2025-10-02 17:27:25,537 - INFO - (121.534 -98.0 0.028)
2025-10-02 17:27:25,547 - INFO - (121.534 -98.0 0.0)
2025-10-02 17:27:25,556 - INFO - (121.717 -98.0 0.03)
2025-10-02 17:27:25,566 - INFO - (121.868 -98.0 0.019)
2025-10-02 17:27:25,577 - INFO - (122.051 -98.0 0.024)
2025-10-02 17:27:25,586 - INFO - (122.251 -98.0 0.032)
2025-10-02 17:27:25,596 - INFO - (122.418 -98.0 0.02)
2025-10-02 17:27:25,607 - INFO - (122.585 -98.0 0.018)
2025-10-02 17:27:25,616 - INFO - (122.769 -98.0 0.031)
2025-10-02 17:27:25,626 - INFO - (122.953 -98.0 1.578)
2025-10-02 17:27:25,636 - INFO - (123.12 -98.0 -0.52)
2025-10-02 17:27:25,646 - INFO - (123.287 -98.0 -0.255)
2025-10-02 17:27:25,656 - INFO - (123.471 -98.0 -0.162)
2025-10-02 17:27:25,666 - INFO - (123.638 -98.0 -0.053)
2025-10-02 17:27:25,676 - INFO - (123.805 -98.0 0.48)
2025-10-02 17:27:25,686 - INFO - (123.972 -98.0 0.443)
2025-10-02 17:27:25,696 - INFO - (124.156 -98.0 -0.357)
2025-10-02 17:27:25,706 - INFO - (124.323 -98.0 -0.491)
2025-10-02 17:27:25,716 - INFO - (124.49 -98.0 -0.997)
2025-10-02 17:27:25,726 - INFO - (124.656 -98.0 -2.012)
2025-10-02 17:27:25,737 - INFO - (124.823 -98.0 0.83)
2025-10-02 17:27:25,746 - INFO - (124.99 -98.0 1.156)
2025-10-02 17:27:25,756 - INFO - (125.174 -98.0 1.014)
2025-10-02 17:27:25,766 - INFO - (125.324 -98.0 0.248)
2025-10-02 17:27:25,777 - INFO - (125.508 -98.0 -0.409)
2025-10-02 17:27:25,786 - INFO - (125.675 -98.0 -1.286)
2025-10-02 17:27:25,796 - INFO - (125.842 -98.0 -0.319)
2025-10-02 17:27:25,807 - INFO - (126.008 -98.0 -0.318)
2025-10-02 17:27:25,816 - INFO - (126.175 -98.0 -0.388)
2025-10-02 17:27:25,826 - INFO - (126.342 -98.0 -0.303)
2025-10-02 17:27:25,837 - INFO - (126.509 -98.0 -0.238)
2025-10-02 17:27:25,846 - INFO - (126.692 -98.0 0.129)
2025-10-02 17:27:25,856 - INFO - (126.859 -98.0 0.144)
2025-10-02 17:27:25,867 - INFO - (127.025 -98.0 0.114)
2025-10-02 17:27:25,876 - INFO - (127.192 -98.0 0.206)
2025-10-02 17:27:25,886 - INFO - (127.359 -98.0 0.258)
2025-10-02 17:27:25,896 - INFO - (127.526 -98.0 0.202)
2025-10-02 17:27:25,906 - INFO - (127.693 -98.0 0.141)
2025-10-02 17:27:25,916 - INFO - (127.86 -98.0 -0.023)
2025-10-02 17:27:25,927 - INFO - (128.026 -98.0 -0.017)
2025-10-02 17:27:25,936 - INFO - (128.193 -98.0 -0.013)
2025-10-02 17:27:25,946 - INFO - (128.36 -98.0 -0.017)
2025-10-02 17:27:25,956 - INFO - (128.527 -98.0 -0.016)
2025-10-02 17:27:25,966 - INFO - (128.694 -98.0 -0.012)
2025-10-02 17:27:25,976 - INFO - (128.861 -98.0 -0.067)
2025-10-02 17:27:25,986 - INFO - (129.027 -98.0 -0.164)
2025-10-02 17:27:25,996 - INFO - (129.194 -98.0 -0.128)
2025-10-02 17:27:26,006 - INFO - (129.361 -98.0 -0.1)
2025-10-02 17:27:26,016 - INFO - (129.528 -98.0 -0.163)
2025-10-02 17:27:26,027 - INFO - (129.694 -98.0 -0.134)
2025-10-02 17:27:26,036 - INFO - (129.861 -98.0 -0.105)
2025-10-02 17:27:26,046 - INFO - (130.028 -98.0 -0.078)
2025-10-02 17:27:26,057 - INFO - (130.195 -98.0 -0.058)
2025-10-02 17:27:26,066 - INFO - (130.378 -98.0 -0.049)
2025-10-02 17:27:26,076 - INFO - (130.528 -98.0 -0.014)
2025-10-02 17:27:26,087 - INFO - (130.695 -98.0 0.116)
2025-10-02 17:27:26,096 - INFO - (130.862 -98.0 0.09)
2025-10-02 17:27:26,107 - INFO - (131.028 -98.0 0.071)
2025-10-02 17:27:26,116 - INFO - (131.195 -98.0 0.175)
2025-10-02 17:27:26,126 - INFO - (131.362 -98.0 0.179)
2025-10-02 17:27:26,136 - INFO - (131.529 -98.0 0.141)
2025-10-02 17:27:26,146 - INFO - (131.695 -98.0 0.161)
2025-10-02 17:27:26,156 - INFO - (131.862 -98.0 0.227)
2025-10-02 17:27:26,166 - INFO - (132.029 -98.0 0.177)
2025-10-02 17:27:26,176 - INFO - (132.196 -98.0 0.139)
2025-10-02 17:27:26,186 - INFO - (132.363 -98.0 0.216)
2025-10-02 17:27:26,196 - INFO - (132.53 -98.0 0.178)
2025-10-02 17:27:26,206 - INFO - (132.697 -98.0 0.14)
2025-10-02 17:27:26,216 - INFO - (132.864 -98.0 0.206)
2025-10-02 17:27:26,226 - INFO - (133.031 -98.0 0.242)
2025-10-02 17:27:26,236 - INFO - (133.198 -98.0 0.19)
2025-10-02 17:27:26,246 - INFO - (133.365 -98.0 0.157)
2025-10-02 17:27:26,256 - INFO - (133.532 -98.0 0.186)
2025-10-02 17:27:26,266 - INFO - (133.699 -98.0 0.579)
2025-10-02 17:27:26,276 - INFO - (133.866 -98.0 1.212)
2025-10-02 17:27:26,286 - INFO - (134.033 -98.0 -0.502)
2025-10-02 17:27:26,296 - INFO - (134.2 -98.0 -0.445)
2025-10-02 17:27:26,306 - INFO - (134.367 -98.0 -0.073)
2025-10-02 17:27:26,316 - INFO - (134.534 -98.0 -0.214)
2025-10-02 17:27:26,326 - INFO - (134.701 -98.0 -0.036)
2025-10-02 17:27:26,336 - INFO - (134.852 -98.0 0.324)
2025-10-02 17:27:26,346 - INFO - (135.035 -98.0 -0.827)
2025-10-02 17:27:26,356 - INFO - (135.202 -98.0 -0.451)
2025-10-02 17:27:26,366 - INFO - (135.369 -98.0 -0.329)
2025-10-02 17:27:26,376 - INFO - (135.536 -98.0 -1.847)
2025-10-02 17:27:26,386 - INFO - (135.703 -98.0 0.936)
2025-10-02 17:27:26,396 - INFO - (135.87 -98.0 1.31)
2025-10-02 17:27:26,406 - INFO - (136.037 -98.0 1.13)
2025-10-02 17:27:26,416 - INFO - (136.204 -98.0 0.565)
2025-10-02 17:27:26,426 - INFO - (136.371 -98.0 -0.309)
2025-10-02 17:27:26,436 - INFO - (136.538 -98.0 -1.364)
2025-10-02 17:27:26,446 - INFO - (136.705 -98.0 -0.399)
2025-10-02 17:27:26,456 - INFO - (136.872 -98.0 -0.147)
2025-10-02 17:27:26,466 - INFO - (137.023 -98.0 -0.053)
2025-10-02 17:27:26,476 - INFO - (137.189 -98.0 -0.044)
2025-10-02 17:27:26,486 - INFO - (137.373 -98.0 0.013)
2025-10-02 17:27:26,496 - INFO - (137.54 -98.0 0.112)
2025-10-02 17:27:26,507 - INFO - (137.707 -98.0 0.088)
2025-10-02 17:27:26,516 - INFO - (137.874 -98.0 0.069)
2025-10-02 17:27:26,527 - INFO - (138.041 -98.0 0.208)
2025-10-02 17:27:26,537 - INFO - (138.191 -98.0 0.16)
2025-10-02 17:27:26,547 - INFO - (138.375 -98.0 0.154)
2025-10-02 17:27:26,557 - INFO - (138.542 -98.0 0.029)
2025-10-02 17:27:26,566 - INFO - (138.709 -98.0 -0.043)
2025-10-02 17:27:26,576 - INFO - (138.876 -98.0 -0.034)
2025-10-02 17:27:26,586 - INFO - (139.043 -98.0 -0.028)
2025-10-02 17:27:26,596 - INFO - (139.21 -98.0 -0.028)
2025-10-02 17:27:26,607 - INFO - (139.36 -98.0 -0.02)
2025-10-02 17:27:26,616 - INFO - (139.527 -98.0 -0.018)
2025-10-02 17:27:26,626 - INFO - (139.694 -98.0 -0.024)
2025-10-02 17:27:26,636 - INFO - (139.844 -98.0 -0.022)
2025-10-02 17:27:26,646 - INFO - (140.028 -98.0 -0.021)
2025-10-02 17:27:26,656 - INFO - (140.195 -98.0 -0.011)
2025-10-02 17:27:26,666 - INFO - (140.345 -98.0 0.004)
2025-10-02 17:27:26,676 - INFO - (140.512 -98.0 0.003)
2025-10-02 17:27:26,686 - INFO - (140.696 -98.0 0.003)
2025-10-02 17:27:26,696 - INFO - (140.863 -98.0 0.035)
2025-10-02 17:27:26,706 - INFO - (141.03 -98.0 0.034)
2025-10-02 17:27:26,716 - INFO - (141.197 -98.0 0.027)
2025-10-02 17:27:26,726 - INFO - (141.364 -98.0 0.03)
2025-10-02 17:27:26,736 - INFO - (141.531 -98.0 0.035)
2025-10-02 17:27:26,747 - INFO - (141.698 -98.0 0.028)
2025-10-02 17:27:26,756 - INFO - (141.865 -98.0 0.022)
2025-10-02 17:27:26,766 - INFO - (142.032 -98.0 0.022)
2025-10-02 17:27:26,776 - INFO - (142.199 -98.0 0.018)
2025-10-02 17:27:26,786 - INFO - (142.366 -98.0 0.014)
2025-10-02 17:27:26,796 - INFO - (142.533 -98.0 0.007)
2025-10-02 17:27:26,806 - INFO - (142.7 -98.0 0.004)
2025-10-02 17:27:26,816 - INFO - (142.867 -98.0 0.003)
2025-10-02 17:27:26,826 - INFO - (143.034 -98.0 0.001)
2025-10-02 17:27:26,836 - INFO - (143.201 -98.0 -0.004)
2025-10-02 17:27:26,846 - INFO - (143.368 -98.0 -0.003)
2025-10-02 17:27:26,856 - INFO - (143.535 -98.0 -0.002)
2025-10-02 17:27:26,866 - INFO - (143.702 -98.0 -0.007)
2025-10-02 17:27:26,876 - INFO - (143.869 -98.0 -0.006)
2025-10-02 17:27:26,886 - INFO - (144.036 -98.0 -0.005)
2025-10-02 17:27:26,896 - INFO - (144.203 -98.0 -0.007)
2025-10-02 17:27:26,906 - INFO - (144.37 -98.0 -0.009)
2025-10-02 17:27:26,916 - INFO - (144.537 -98.0 -0.007)
2025-10-02 17:27:26,926 - INFO - (144.704 -98.0 -0.005)
2025-10-02 17:27:26,936 - INFO - (144.871 -98.0 -0.008)
2025-10-02 17:27:26,946 - INFO - (145.038 -98.0 -0.006)
2025-10-02 17:27:26,956 - INFO - (145.205 -98.0 -0.005)
2025-10-02 17:27:26,966 - INFO - (145.372 -98.0 -0.006)
2025-10-02 17:27:26,976 - INFO - (145.539 -98.0 -0.005)
2025-10-02 17:27:26,986 - INFO - (145.706 -98.0 -0.004)
2025-10-02 17:27:26,996 - INFO - (145.873 -98.0 -0.004)
2025-10-02 17:27:27,006 - INFO - (146.04 -98.0 -0.006)
2025-10-02 17:27:27,016 - INFO - (146.207 -98.0 -0.005)
2025-10-02 17:27:27,026 - INFO - (146.374 -98.0 -0.004)
2025-10-02 17:27:27,036 - INFO - (146.541 -98.0 -0.005)
2025-10-02 17:27:27,046 - INFO - (146.708 -98.0 -0.004)
2025-10-02 17:27:27,056 - INFO - (146.892 -98.0 -0.004)
2025-10-02 17:27:27,066 - INFO - (147.042 -98.0 -0.004)
2025-10-02 17:27:27,076 - INFO - (147.226 -98.0 -0.005)
2025-10-02 17:27:27,086 - INFO - (147.393 -98.0 -0.003)
2025-10-02 17:27:27,096 - INFO - (147.56 -98.0 -0.003)
2025-10-02 17:27:27,106 - INFO - (147.727 -98.0 -0.006)
2025-10-02 17:27:27,116 - INFO - (147.894 -98.0 -0.005)
2025-10-02 17:27:27,127 - INFO - (148.061 -98.0 -0.004)
2025-10-02 17:27:27,136 - INFO - (148.211 -98.0 -0.005)
2025-10-02 17:27:27,146 - INFO - (148.378 -98.0 -0.005)
2025-10-02 17:27:27,156 - INFO - (148.545 -98.0 -0.004)
2025-10-02 17:27:27,166 - INFO - (148.712 -98.0 -0.004)
2025-10-02 17:27:27,176 - INFO - (148.879 -98.0 -0.006)
2025-10-02 17:27:27,186 - INFO - (149.046 -98.0 -0.004)
2025-10-02 17:27:27,196 - INFO - (149.196 -98.0 -0.003)
2025-10-02 17:27:27,206 - INFO - (149.363 -98.0 -0.006)
2025-10-02 17:27:27,216 - INFO - (149.53 -98.0 -0.006)
2025-10-02 17:27:27,226 - INFO - (149.697 -98.0 -0.005)
2025-10-02 17:27:27,236 - INFO - (149.864 -98.0 0.007)
2025-10-02 17:27:27,247 - INFO - (150.031 -98.0 0.025)
2025-10-02 17:27:27,256 - INFO - (150.198 -98.0 0.02)
2025-10-02 17:27:27,266 - INFO - (150.382 -98.0 0.017)
2025-10-02 17:27:27,276 - INFO - (150.549 -98.0 0.068)
2025-10-02 17:27:27,286 - INFO - (150.716 -98.0 0.053)
2025-10-02 17:27:27,296 - INFO - (150.883 -98.0 0.041)
2025-10-02 17:27:27,307 - INFO - (151.05 -98.0 0.097)
2025-10-02 17:27:27,316 - INFO - (151.217 -98.0 0.111)
2025-10-02 17:27:27,326 - INFO - (151.384 -98.0 0.087)
2025-10-02 17:27:27,336 - INFO - (151.551 -98.0 0.061)
2025-10-02 17:27:27,346 - INFO - (151.718 -98.0 0.022)
2025-10-02 17:27:27,356 - INFO - (151.885 -98.0 0.018)
2025-10-02 17:27:27,366 - INFO - (152.052 -98.0 0.014)
2025-10-02 17:27:27,376 - INFO - (152.203 -98.0 0.006)
2025-10-02 17:27:27,386 - INFO - (152.386 -98.0 0.005)
2025-10-02 17:27:27,396 - INFO - (152.537 -98.0 0.003)
2025-10-02 17:27:27,406 - INFO - (152.704 -98.0 0.016)
2025-10-02 17:27:27,416 - INFO - (152.871 -98.0 0.038)
2025-10-02 17:27:27,426 - INFO - (153.038 -98.0 0.03)
2025-10-02 17:27:27,436 - INFO - (153.205 -98.0 0.023)
2025-10-02 17:27:27,446 - INFO - (153.372 -98.0 0.007)
2025-10-02 17:27:27,456 - INFO - (153.539 -98.0 0.005)
2025-10-02 17:27:27,466 - INFO - (153.723 -98.0 0.004)
2025-10-02 17:27:27,476 - INFO - (153.89 -98.0 -0.016)
2025-10-02 17:27:27,486 - INFO - (154.057 -98.0 -0.023)
2025-10-02 17:27:27,496 - INFO - (154.224 -98.0 -0.018)
2025-10-02 17:27:27,506 - INFO - (154.391 -98.0 -0.018)
2025-10-02 17:27:27,516 - INFO - (154.558 -98.0 -0.027)
2025-10-02 17:27:27,526 - INFO - (154.725 -98.0 -0.021)
2025-10-02 17:27:27,536 - INFO - (154.876 -98.0 -0.015)
2025-10-02 17:27:27,547 - INFO - (155.043 -98.0 -0.017)
2025-10-02 17:27:27,556 - INFO - (155.226 -98.0 -0.016)
2025-10-02 17:27:27,566 - INFO - (155.393 -98.0 -0.011)
2025-10-02 17:27:27,576 - INFO - (155.561 -98.0 -0.009)
2025-10-02 17:27:27,586 - INFO - (155.728 -98.0 -0.007)
2025-10-02 17:27:27,596 - INFO - (155.895 -98.0 -0.005)
2025-10-02 17:27:27,606 - INFO - (156.062 -98.0 -0.004)
2025-10-02 17:27:27,616 - INFO - (156.229 -98.0 0.001)
2025-10-02 17:27:27,626 - INFO - (156.396 -98.0 0.001)
2025-10-02 17:27:27,636 - INFO - (156.563 -98.0 0.001)
2025-10-02 17:27:27,646 - INFO - (156.73 -98.0 0.002)
2025-10-02 17:27:27,656 - INFO - (156.897 -98.0 0.003)
2025-10-02 17:27:27,666 - INFO - (157.064 -98.0 0.002)
2025-10-02 17:27:27,676 - INFO - (157.214 -98.0 0.002)
2025-10-02 17:27:27,686 - INFO - (157.381 -98.0 0.003)
2025-10-02 17:27:27,696 - INFO - (157.548 -98.0 0.003)
2025-10-02 17:27:27,706 - INFO - (157.715 -98.0 0.002)
2025-10-02 17:27:27,716 - INFO - (157.882 -98.0 0.001)
2025-10-02 17:27:27,727 - INFO - (158.05 -98.0 0.0)
2025-10-02 17:27:27,736 - INFO - (158.217 -98.0 0.0)
2025-10-02 17:27:27,746 - INFO - (158.384 -98.0 -0.001)
2025-10-02 17:27:27,756 - INFO - (158.551 -98.0 -0.003)
2025-10-02 17:27:27,766 - INFO - (158.718 -98.0 -0.002)
2025-10-02 17:27:27,776 - INFO - (158.885 -98.0 -0.002)
2025-10-02 17:27:27,786 - INFO - (159.052 -98.0 -0.005)
2025-10-02 17:27:27,796 - INFO - (159.219 -98.0 -0.004)
2025-10-02 17:27:27,806 - INFO - (159.386 -98.0 -0.003)
2025-10-02 17:27:27,816 - INFO - (159.553 -98.0 -0.005)
2025-10-02 17:27:27,826 - INFO - (159.72 -98.0 -0.006)
2025-10-02 17:27:27,836 - INFO - (159.887 -98.0 -0.005)
2025-10-02 17:27:27,846 - INFO - (160.054 -98.0 -0.001)
2025-10-02 17:27:27,856 - INFO - (160.221 -98.0 0.021)
2025-10-02 17:27:27,866 - INFO - (160.388 -98.0 0.016)
2025-10-02 17:27:27,877 - INFO - (160.539 -98.0 0.012)
2025-10-02 17:27:27,887 - INFO - (160.706 -98.0 0.033)
2025-10-02 17:27:27,897 - INFO - (160.873 -98.0 0.038)
2025-10-02 17:27:27,907 - INFO - (161.04 -98.0 0.03)
2025-10-02 17:27:27,917 - INFO - (161.207 -98.0 0.029)
2025-10-02 17:27:27,926 - INFO - (161.374 -98.0 0.04)
2025-10-02 17:27:27,936 - INFO - (161.541 -98.0 0.031)
2025-10-02 17:27:27,947 - INFO - (161.708 -98.0 0.024)
2025-10-02 17:27:27,956 - INFO - (161.892 -98.0 0.029)
2025-10-02 17:27:27,966 - INFO - (162.059 -98.0 0.022)
2025-10-02 17:27:27,976 - INFO - (162.226 -98.0 0.017)
2025-10-02 17:27:27,986 - INFO - (162.393 -98.0 0.013)
2025-10-02 17:27:27,996 - INFO - (162.56 -98.0 0.01)
2025-10-02 17:27:28,006 - INFO - (162.727 -98.0 0.008)
2025-10-02 17:27:28,016 - INFO - (162.894 -98.0 0.006)
2025-10-02 17:27:28,026 - INFO - (163.061 -98.0 0.001)
2025-10-02 17:27:28,036 - INFO - (163.228 -98.0 0.001)
2025-10-02 17:27:28,046 - INFO - (163.396 -98.0 0.001)
2025-10-02 17:27:28,056 - INFO - (163.563 -98.0 -0.003)
2025-10-02 17:27:28,066 - INFO - (163.73 -98.0 -0.003)
2025-10-02 17:27:28,076 - INFO - (163.897 -98.0 -0.002)
2025-10-02 17:27:28,086 - INFO - (164.081 -98.0 -0.004)
2025-10-02 17:27:28,096 - INFO - (164.248 -98.0 -0.006)
2025-10-02 17:27:28,106 - INFO - (164.415 -98.0 -0.004)
2025-10-02 17:27:28,116 - INFO - (164.582 -98.0 -0.004)
2025-10-02 17:27:28,126 - INFO - (164.732 -98.0 -0.005)
2025-10-02 17:27:28,136 - INFO - (164.899 -98.0 -0.005)
2025-10-02 17:27:28,146 - INFO - (165.066 -98.0 -0.004)
2025-10-02 17:27:28,156 - INFO - (165.233 -98.0 -0.004)
2025-10-02 17:27:28,166 - INFO - (165.401 -98.0 -0.005)
2025-10-02 17:27:28,176 - INFO - (165.568 -98.0 -0.004)
2025-10-02 17:27:28,186 - INFO - (165.735 -98.0 -0.003)
2025-10-02 17:27:28,196 - INFO - (165.902 -98.0 -0.005)
2025-10-02 17:27:28,206 - INFO - (166.052 -98.0 -0.004)
2025-10-02 17:27:28,216 - INFO - (166.236 -98.0 -0.004)
2025-10-02 17:27:28,226 - INFO - (166.403 -98.0 -0.004)
2025-10-02 17:27:28,236 - INFO - (166.57 -98.0 -0.004)
2025-10-02 17:27:28,246 - INFO - (166.737 -98.0 -0.003)
2025-10-02 17:27:28,256 - INFO - (166.904 -98.0 -0.003)
2025-10-02 17:27:28,266 - INFO - (167.071 -98.0 -0.004)
2025-10-02 17:27:28,276 - INFO - (167.238 -98.0 -0.003)
2025-10-02 17:27:28,286 - INFO - (167.405 -98.0 -0.002)
2025-10-02 17:27:28,296 - INFO - (167.573 -98.0 -0.004)
2025-10-02 17:27:28,306 - INFO - (167.723 -98.0 -0.003)
2025-10-02 17:27:28,316 - INFO - (167.907 -98.0 -0.003)
2025-10-02 17:27:28,327 - INFO - (168.074 -98.0 -0.003)
2025-10-02 17:27:28,336 - INFO - (168.224 -98.0 -0.003)
2025-10-02 17:27:28,346 - INFO - (168.408 -98.0 -0.003)
2025-10-02 17:27:28,356 - INFO - (168.575 -98.0 -0.003)
2025-10-02 17:27:28,366 - INFO - (168.725 -98.0 -0.004)
2025-10-02 17:27:28,376 - INFO - (168.892 -98.0 -0.003)
2025-10-02 17:27:28,386 - INFO - (169.076 -98.0 -0.003)
2025-10-02 17:27:28,396 - INFO - (169.227 -98.0 -0.003)
2025-10-02 17:27:28,406 - INFO - (169.394 -98.0 -0.003)
2025-10-02 17:27:28,416 - INFO - (169.561 -98.0 -0.002)
2025-10-02 17:27:28,426 - INFO - (169.728 -98.0 0.001)
2025-10-02 17:27:28,436 - INFO - (169.895 -98.0 0.01)
2025-10-02 17:27:28,446 - INFO - (170.079 -98.0 0.007)
2025-10-02 17:27:28,456 - INFO - (170.246 -98.0 0.006)
2025-10-02 17:27:28,466 - INFO - (170.396 -98.0 0.018)
2025-10-02 17:27:28,476 - INFO - (170.563 -98.0 0.017)
2025-10-02 17:27:28,486 - INFO - (170.747 -98.0 0.015)
2025-10-02 17:27:28,496 - INFO - (170.914 -98.0 0.014)
2025-10-02 17:27:28,506 - INFO - (171.081 -98.0 0.013)
2025-10-02 17:27:28,516 - INFO - (171.231 -98.0 0.01)
2025-10-02 17:27:28,526 - INFO - (171.399 -98.0 0.008)
2025-10-02 17:27:28,536 - INFO - (171.566 -98.0 0.002)
2025-10-02 17:27:28,547 - INFO - (171.733 -98.0 0.001)
2025-10-02 17:27:28,557 - INFO - (171.916 -98.0 0.001)
2025-10-02 17:27:28,566 - INFO - (172.084 -98.0 0.002)
2025-10-02 17:27:28,577 - INFO - (172.234 -98.0 0.002)
2025-10-02 17:27:28,586 - INFO - (172.418 -98.0 0.002)
2025-10-02 17:27:28,596 - INFO - (172.585 -98.0 0.004)
2025-10-02 17:27:28,606 - INFO - (172.752 -98.0 0.009)
2025-10-02 17:27:28,616 - INFO - (172.919 -98.0 0.007)
2025-10-02 17:27:28,626 - INFO - (173.086 -98.0 0.006)
2025-10-02 17:27:28,636 - INFO - (173.253 -98.0 0.006)
2025-10-02 17:27:28,646 - INFO - (173.42 -98.0 0.005)
2025-10-02 17:27:28,656 - INFO - (173.587 -98.0 0.004)
2025-10-02 17:27:28,666 - INFO - (173.738 -98.0 0.0)
2025-10-02 17:27:28,676 - INFO - (173.905 -98.0 -0.003)
2025-10-02 17:27:28,686 - INFO - (174.072 -98.0 -0.002)
2025-10-02 17:27:28,696 - INFO - (174.239 -98.0 -0.002)
2025-10-02 17:27:28,706 - INFO - (174.406 -98.0 -0.005)
2025-10-02 17:27:28,716 - INFO - (174.573 -98.0 -0.004)
2025-10-02 17:27:28,726 - INFO - (174.74 -98.0 -0.003)
2025-10-02 17:27:28,736 - INFO - (174.907 -98.0 -0.003)
2025-10-02 17:27:28,746 - INFO - (175.074 -98.0 -0.003)
2025-10-02 17:27:28,756 - INFO - (175.241 -98.0 -0.082)
2025-10-02 17:27:28,766 - INFO - (175.409 -98.0 0.078)
2025-10-02 17:27:28,776 - INFO - (175.576 -98.0 -0.003)
2025-10-02 17:27:28,786 - INFO - (175.743 -98.0 -0.002)
2025-10-02 17:27:28,796 - INFO - (175.91 -98.0 -0.002)
2025-10-02 17:27:28,806 - INFO - (176.077 -98.0 -0.002)
2025-10-02 17:27:28,816 - INFO - (176.244 -98.0 -0.002)
2025-10-02 17:27:28,826 - INFO - (176.411 -98.0 -0.002)
2025-10-02 17:27:28,836 - INFO - (176.578 -98.0 -0.002)
2025-10-02 17:27:28,846 - INFO - (176.745 -98.0 -0.002)
2025-10-02 17:27:28,856 - INFO - (176.912 -98.0 -0.002)
2025-10-02 17:27:28,866 - INFO - (177.079 -98.0 -0.001)
2025-10-02 17:27:28,876 - INFO - (177.246 -98.0 -0.002)
2025-10-02 17:27:28,886 - INFO - (177.414 -98.0 -0.002)
2025-10-02 17:27:28,896 - INFO - (177.581 -98.0 -0.001)
2025-10-02 17:27:28,906 - INFO - (177.748 -98.0 -0.002)
2025-10-02 17:27:28,916 - INFO - (177.915 -98.0 -0.002)
2025-10-02 17:27:28,927 - INFO - (178.082 -98.0 -0.002)
2025-10-02 17:27:28,936 - INFO - (178.249 -98.0 -0.002)
2025-10-02 17:27:28,946 - INFO - (178.416 -98.0 -0.002)
2025-10-02 17:27:28,956 - INFO - (178.583 -98.0 -0.002)
2025-10-02 17:27:28,966 - INFO - (178.75 -98.0 -0.001)
2025-10-02 17:27:28,976 - INFO - (178.917 -98.0 -0.002)
2025-10-02 17:27:28,986 - INFO - (179.084 -98.0 -0.002)
2025-10-02 17:27:28,996 - INFO - (179.251 -98.0 -0.002)
2025-10-02 17:27:29,006 - INFO - (179.419 -98.0 -0.002)
2025-10-02 17:27:29,016 - INFO - (179.586 -98.0 -0.003)
2025-10-02 17:27:29,026 - INFO - (179.753 -98.0 -0.002)
2025-10-02 17:27:29,036 - INFO - (179.903 -98.0 -0.001)
2025-10-02 17:27:29,046 - INFO - (180.07 -98.0 0.002)
2025-10-02 17:27:29,056 - INFO - (180.254 -98.0 0.002)
2025-10-02 17:27:29,066 - INFO - (180.421 -98.0 0.001)
2025-10-02 17:27:29,077 - INFO - (180.588 -98.0 0.007)
2025-10-02 17:27:29,086 - INFO - (180.705 -98.0 0.007)
2025-10-02 17:27:29,096 - INFO - (180.789 -98.0 0.004)
2025-10-02 17:27:29,106 - INFO - (180.972 -98.0 0.007)
2025-10-02 17:27:29,116 - INFO - (181.156 -98.0 0.009)
2025-10-02 17:27:29,126 - INFO - (181.34 -98.0 0.01)
2025-10-02 17:27:29,136 - INFO - (181.507 -98.0 0.007)
2025-10-02 17:27:29,146 - INFO - (181.691 -98.0 0.003)
2025-10-02 17:27:29,156 - INFO - (181.858 -98.0 -0.001)
2025-10-02 17:27:29,166 - INFO - (182.025 -98.0 -0.001)
2025-10-02 17:27:29,176 - INFO - (182.209 -98.0 -0.001)
2025-10-02 17:27:29,186 - INFO - (182.376 -98.0 -0.003)
2025-10-02 17:27:29,196 - INFO - (182.543 -98.0 -0.002)
2025-10-02 17:27:29,206 - INFO - (182.71 -98.0 -0.002)
2025-10-02 17:27:29,216 - INFO - (182.877 -98.0 0.0)
2025-10-02 17:27:29,226 - INFO - (183.044 -98.0 0.001)
2025-10-02 17:27:29,236 - INFO - (183.211 -98.0 0.001)
2025-10-02 17:27:29,246 - INFO - (183.378 -98.0 0.002)
2025-10-02 17:27:29,256 - INFO - (183.546 -98.0 0.004)
2025-10-02 17:27:29,266 - INFO - (183.713 -98.0 0.003)
2025-10-02 17:27:29,276 - INFO - (183.896 -98.0 0.003)
2025-10-02 17:27:29,286 - INFO - (184.063 -98.0 0.009)
2025-10-02 17:27:29,296 - INFO - (184.231 -98.0 0.007)
2025-10-02 17:27:29,306 - INFO - (184.398 -98.0 0.005)
2025-10-02 17:27:29,316 - INFO - (184.565 -98.0 0.002)
2025-10-02 17:27:29,326 - INFO - (184.732 -98.0 0.0)
2025-10-02 17:27:29,336 - INFO - (184.916 -98.0 0.0)
2025-10-02 17:27:29,346 - INFO - (185.083 -98.0 -0.001)
2025-10-02 17:27:29,356 - INFO - (185.25 -98.0 -0.003)
2025-10-02 17:27:29,366 - INFO - (185.417 -98.0 -0.002)
2025-10-02 17:27:29,376 - INFO - (185.584 -98.0 -0.002)
2025-10-02 17:27:29,386 - INFO - (185.751 -98.0 -0.002)
2025-10-02 17:27:29,396 - INFO - (185.918 -98.0 -0.002)
2025-10-02 17:27:29,406 - INFO - (186.085 -98.0 -0.001)
2025-10-02 17:27:29,416 - INFO - (186.252 -98.0 -0.001)
2025-10-02 17:27:29,426 - INFO - (186.419 -98.0 -0.0)
2025-10-02 17:27:29,436 - INFO - (186.587 -98.0 -0.0)
2025-10-02 17:27:29,446 - INFO - (186.754 -98.0 0.0)
2025-10-02 17:27:29,456 - INFO - (186.921 -98.0 0.0)
2025-10-02 17:27:29,466 - INFO - (187.088 -98.0 0.0)
2025-10-02 17:27:29,476 - INFO - (187.255 -98.0 0.0)
2025-10-02 17:27:29,486 - INFO - (187.422 -98.0 -0.0)
2025-10-02 17:27:29,496 - INFO - (187.589 -98.0 -0.0)
2025-10-02 17:27:29,506 - INFO - (187.756 -98.0 -0.0)
2025-10-02 17:27:29,516 - INFO - (187.923 -98.0 -0.0)
2025-10-02 17:27:29,527 - INFO - (188.09 -98.0 -0.001)
2025-10-02 17:27:29,536 - INFO - (188.257 -98.0 -0.0)
2025-10-02 17:27:29,546 - INFO - (188.424 -98.0 -0.0)
2025-10-02 17:27:29,556 - INFO - (188.592 -98.0 -0.001)
2025-10-02 17:27:29,566 - INFO - (188.759 -98.0 -0.001)
2025-10-02 17:27:29,576 - INFO - (188.926 -98.0 -0.001)
2025-10-02 17:27:29,586 - INFO - (189.093 -98.0 -0.0)
2025-10-02 17:27:29,596 - INFO - (189.26 -98.0 -0.0)
2025-10-02 17:27:29,606 - INFO - (189.444 -98.0 -0.0)
2025-10-02 17:27:29,616 - INFO - (189.611 -98.0 0.001)
2025-10-02 17:27:29,626 - INFO - (189.778 -98.0 0.006)
2025-10-02 17:27:29,636 - INFO - (189.928 -98.0 0.004)
2025-10-02 17:27:29,646 - INFO - (190.095 -98.0 0.004)
2025-10-02 17:27:29,656 - INFO - (190.262 -98.0 0.004)
2025-10-02 17:27:29,666 - INFO - (190.43 -98.0 0.003)
2025-10-02 17:27:29,676 - INFO - (190.597 -98.0 0.003)
2025-10-02 17:27:29,686 - INFO - (190.78 -98.0 0.001)
2025-10-02 17:27:29,696 - INFO - (190.931 -98.0 -0.001)
2025-10-02 17:27:29,706 - INFO - (191.098 -98.0 -0.001)
2025-10-02 17:27:29,716 - INFO - (191.265 -98.0 -0.001)
2025-10-02 17:27:29,726 - INFO - (191.432 -98.0 -0.001)
2025-10-02 17:27:29,736 - INFO - (191.599 -98.0 -0.001)
2025-10-02 17:27:29,746 - INFO - (191.766 -98.0 -0.001)
2025-10-02 17:27:29,756 - INFO - (191.933 -98.0 -0.0)
2025-10-02 17:27:29,766 - INFO - (192.1 -98.0 -0.0)
2025-10-02 17:27:29,776 - INFO - (192.268 -98.0 -0.0)
2025-10-02 17:27:29,786 - INFO - (192.435 -98.0 0.0)
2025-10-02 17:27:29,796 - INFO - (192.602 -98.0 0.001)
2025-10-02 17:27:29,807 - INFO - (192.752 -98.0 0.0)
2025-10-02 17:27:29,816 - INFO - (192.919 -98.0 0.0)
2025-10-02 17:27:29,826 - INFO - (193.086 -98.0 0.001)
2025-10-02 17:27:29,836 - INFO - (193.253 -98.0 0.001)
2025-10-02 17:27:29,846 - INFO - (193.42 -98.0 0.001)
2025-10-02 17:27:29,856 - INFO - (193.604 -98.0 0.001)
2025-10-02 17:27:29,866 - INFO - (193.755 -98.0 0.001)
2025-10-02 17:27:29,876 - INFO - (193.922 -98.0 0.001)
2025-10-02 17:27:29,886 - INFO - (194.105 -98.0 0.001)
2025-10-02 17:27:29,896 - INFO - (194.256 -98.0 0.001)
2025-10-02 17:27:29,906 - INFO - (194.423 -98.0 0.001)
2025-10-02 17:27:29,916 - INFO - (194.607 -98.0 0.001)
2025-10-02 17:27:29,926 - INFO - (194.757 -98.0 0.001)
2025-10-02 17:27:29,936 - INFO - (194.924 -98.0 0.001)
2025-10-02 17:27:29,946 - INFO - (195.091 -98.0 0.001)
2025-10-02 17:27:29,956 - INFO - (195.258 -98.0 0.001)
2025-10-02 17:27:29,966 - INFO - (195.426 -98.0 0.001)
2025-10-02 17:27:29,976 - INFO - (195.593 -98.0 0.001)
2025-10-02 17:27:29,986 - INFO - (195.76 -98.0 0.001)
2025-10-02 17:27:29,996 - INFO - (195.927 -98.0 0.001)
2025-10-02 17:27:30,006 - INFO - (196.094 -98.0 0.001)
2025-10-02 17:27:30,016 - INFO - (196.261 -98.0 0.001)
2025-10-02 17:27:30,026 - INFO - (196.428 -98.0 0.001)
2025-10-02 17:27:30,036 - INFO - (196.595 -98.0 0.001)
2025-10-02 17:27:30,046 - INFO - (196.762 -98.0 0.001)
2025-10-02 17:27:30,056 - INFO - (196.929 -98.0 0.001)
2025-10-02 17:27:30,066 - INFO - (197.096 -98.0 0.001)
2025-10-02 17:27:30,076 - INFO - (197.264 -98.0 0.001)
2025-10-02 17:27:30,086 - INFO - (197.447 -98.0 0.001)
2025-10-02 17:27:30,096 - INFO - (197.614 -98.0 0.001)
2025-10-02 17:27:30,106 - INFO - (197.781 -98.0 0.002)
2025-10-02 17:27:30,116 - INFO - (197.949 -98.0 0.001)
2025-10-02 17:27:30,127 - INFO - (198.116 -98.0 0.001)
2025-10-02 17:27:30,136 - INFO - (198.283 -98.0 0.002)
2025-10-02 17:27:30,146 - INFO - (198.45 -98.0 0.002)
2025-10-02 17:27:30,156 - INFO - (198.617 -98.0 0.001)
2025-10-02 17:27:30,166 - INFO - (198.784 -98.0 -6.89)
2025-10-02 17:27:30,176 - INFO - (198.95 -98.0 -9.83)
2025-10-02 17:27:30,186 - INFO - (199.114 -98.0 -9.804)
2025-10-02 17:27:30,196 - INFO - (199.278 -98.0 -9.802)
2025-10-02 17:27:30,206 - INFO - (199.441 -98.0 -9.804)
2025-10-02 17:27:30,216 - INFO - (199.603 -98.0 -9.758)
2025-10-02 17:27:30,226 - INFO - (199.764 -98.0 -9.563)
2025-10-02 17:27:30,236 - INFO - (199.924 -98.0 -9.49)
2025-10-02 17:27:30,246 - INFO - (200.083 -98.0 -9.261)
2025-10-02 17:27:30,256 - INFO - (200.241 -98.0 -8.22)
2025-10-02 17:27:30,266 - INFO - (200.399 -98.0 -6.527)
2025-10-02 17:27:30,276 - INFO - (200.54 -98.0 -4.657)
2025-10-02 17:27:30,286 - INFO - (200.712 -98.0 -4.463)
2025-10-02 17:27:30,296 - INFO - (200.868 -98.0 -3.138)
2025-10-02 17:27:30,306 - INFO - (201.024 -98.0 -2.458)
2025-10-02 17:27:30,316 - INFO - (201.18 -98.0 -1.925)
2025-10-02 17:27:30,326 - INFO - (201.335 -98.0 -1.508)
2025-10-02 17:27:30,336 - INFO - (201.475 -98.0 -1.076)
2025-10-02 17:27:30,346 - INFO - (201.646 -98.0 -1.031)
2025-10-02 17:27:30,356 - INFO - (201.801 -98.0 -0.725)
2025-10-02 17:27:30,366 - INFO - (201.956 -98.0 -0.568)
2025-10-02 17:27:30,376 - INFO - (202.111 -98.0 -0.445)
2025-10-02 17:27:30,386 - INFO - (202.266 -98.0 -0.348)
2025-10-02 17:27:30,396 - INFO - (202.405 -98.0 -0.248)
2025-10-02 17:27:30,407 - INFO - (202.56 -98.0 -0.219)
2025-10-02 17:27:30,416 - INFO - (202.715 -98.0 -0.172)
2025-10-02 17:27:30,426 - INFO - (202.87 -98.0 -0.134)
2025-10-02 17:27:30,436 - INFO - (203.025 -98.0 -0.105)
2025-10-02 17:27:30,446 - INFO - (203.18 -98.0 -0.082)
2025-10-02 17:27:30,456 - INFO - (203.335 -98.0 -0.065)
2025-10-02 17:27:30,466 - INFO - (203.49 -98.0 -0.051)
2025-10-02 17:27:30,477 - INFO - (203.644 -98.0 -0.04)
2025-10-02 17:27:30,486 - INFO - (203.799 -98.0 -0.031)
2025-10-02 17:27:30,496 - INFO - (203.954 -98.0 -0.024)
2025-10-02 17:27:30,506 - INFO - (204.109 -98.0 15.211)
2025-10-02 17:27:30,516 - INFO - (204.266 -98.0 -2.635)
2025-10-02 17:27:30,526 - INFO - (204.422 -98.0 -3.806)
2025-10-02 17:27:30,536 - INFO - (204.577 -98.0 -3.255)
2025-10-02 17:27:30,546 - INFO - (204.732 -98.0 -2.867)
2025-10-02 17:27:30,556 - INFO - (204.887 -98.0 -2.523)
2025-10-02 17:27:30,566 - INFO - (205.042 -98.0 -2.214)
2025-10-02 17:27:30,576 - INFO - (205.197 -98.0 -1.938)
2025-10-02 17:27:30,586 - INFO - (205.351 -98.0 -1.693)
2025-10-02 17:27:30,596 - INFO - (205.505 -98.0 -1.475)
2025-10-02 17:27:30,606 - INFO - (205.659 -98.0 -1.618)
2025-10-02 17:27:30,616 - INFO - (205.828 -98.0 -38.028)
2025-10-02 17:27:30,626 - INFO - (205.978 -98.0 -0.005)
2025-10-02 17:27:30,636 - INFO - (206.113 -98.0 -0.003)
2025-10-02 17:27:30,646 - INFO - (206.278 -98.0 -0.001)
2025-10-02 17:27:30,656 - INFO - (206.428 -98.0 0.0)
2025-10-02 17:27:30,666 - INFO - (206.564 -98.0 0.002)
2025-10-02 17:27:30,676 - INFO - (206.714 -98.0 0.003)
2025-10-02 17:27:30,686 - INFO - (206.879 -98.0 0.006)
2025-10-02 17:27:30,696 - INFO - (207.014 -98.0 0.006)
2025-10-02 17:27:30,706 - INFO - (207.165 -98.0 18.625)
2025-10-02 17:27:30,716 - INFO - (207.318 -98.0 11.785)
2025-10-02 17:27:30,726 - INFO - (207.487 -98.0 5.9)
2025-10-02 17:27:30,736 - INFO - (207.625 -98.0 4.452)
2025-10-02 17:27:30,746 - INFO - (207.78 -98.0 4.293)
2025-10-02 17:27:30,756 - INFO - (207.935 -98.0 3.641)
2025-10-02 17:27:30,767 - INFO - (208.09 -98.0 3.064)
2025-10-02 17:27:30,776 - INFO - (208.245 -98.0 2.556)
2025-10-02 17:27:30,786 - INFO - (208.401 -98.0 2.11)
2025-10-02 17:27:30,796 - INFO - (208.557 -98.0 1.719)
2025-10-02 17:27:30,806 - INFO - (208.713 -98.0 1.377)
2025-10-02 17:27:30,816 - INFO - (208.869 -98.0 -1.852)
2025-10-02 17:27:30,826 - INFO - (209.025 -97.999 -1.213)
2025-10-02 17:27:30,836 - INFO - (209.181 -97.998 -1.3)
2025-10-02 17:27:30,846 - INFO - (209.337 -97.997 5.645)
2025-10-02 17:27:30,856 - INFO - (209.493 -97.995 0.064)
2025-10-02 17:27:30,866 - INFO - (209.649 -97.994 2.389)
2025-10-02 17:27:30,876 - INFO - (209.804 -97.99 -26.465)
2025-10-02 17:27:30,886 - INFO - (209.958 -97.987 -6.124)
2025-10-02 17:27:30,896 - INFO - (210.111 -97.984 -1.932)
2025-10-02 17:27:30,906 - INFO - (210.264 -97.98 -1.489)
2025-10-02 17:27:30,916 - INFO - (210.416 -97.977 -2.174)
2025-10-02 17:27:30,926 - INFO - (210.569 -97.973 -3.186)
2025-10-02 17:27:30,936 - INFO - (210.721 -97.969 3.335)
2025-10-02 17:27:30,946 - INFO - (210.874 -97.964 0.838)
2025-10-02 17:27:30,956 - INFO - (211.026 -97.958 -7.43)
2025-10-02 17:27:30,966 - INFO - (211.178 -97.952 1.617)
2025-10-02 17:27:30,976 - INFO - (211.331 -97.945 1.971)
2025-10-02 17:27:30,986 - INFO - (211.483 -97.937 2.22)
2025-10-02 17:27:30,996 - INFO - (211.635 -97.929 1.8)
2025-10-02 17:27:31,006 - INFO - (211.773 -97.921 -1.751)
2025-10-02 17:27:31,016 - INFO - (211.925 -97.912 0.028)
2025-10-02 17:27:31,026 - INFO - (212.077 -97.901 1.176)
2025-10-02 17:27:31,036 - INFO - (212.23 -97.889 1.997)
2025-10-02 17:27:31,046 - INFO - (212.382 -97.877 3.095)
2025-10-02 17:27:31,056 - INFO - (212.55 -97.863 -0.158)
2025-10-02 17:27:31,066 - INFO - (212.688 -97.852 2.02)
2025-10-02 17:27:31,077 - INFO - (212.841 -97.838 2.134)
2025-10-02 17:27:31,086 - INFO - (212.994 -97.823 3.01)
2025-10-02 17:27:31,096 - INFO - (213.147 -97.809 2.68)
2025-10-02 17:27:31,106 - INFO - (213.316 -97.793 4.796)
2025-10-02 17:27:31,116 - INFO - (213.47 -97.778 -1.375)
2025-10-02 17:27:31,126 - INFO - (213.624 -97.763 -0.378)
2025-10-02 17:27:31,136 - INFO - (213.778 -97.748 1.357)
2025-10-02 17:27:31,146 - INFO - (213.932 -97.732 1.702)
2025-10-02 17:27:31,156 - INFO - (214.086 -97.716 -1.237)
2025-10-02 17:27:31,166 - INFO - (214.24 -97.7 2.917)
2025-10-02 17:27:31,176 - INFO - (214.394 -97.684 0.817)
2025-10-02 17:27:31,186 - INFO - (214.549 -97.668 2.994)
2025-10-02 17:27:31,196 - INFO - (214.703 -97.651 3.324)
2025-10-02 17:27:31,206 - INFO - (214.858 -97.634 2.233)
2025-10-02 17:27:31,216 - INFO - (215.013 -97.617 -3.293)
2025-10-02 17:27:31,226 - INFO - (215.168 -97.6 2.764)
2025-10-02 17:27:31,236 - INFO - (215.307 -97.584 2.89)
2025-10-02 17:27:31,246 - INFO - (215.478 -97.565 2.747)
2025-10-02 17:27:31,256 - INFO - (215.634 -97.547 0.286)
2025-10-02 17:27:31,266 - INFO - (215.774 -97.531 0.906)
2025-10-02 17:27:31,276 - INFO - (215.929 -97.513 1.362)
2025-10-02 17:27:31,286 - INFO - (216.085 -97.495 1.669)
2025-10-02 17:27:31,296 - INFO - (216.241 -97.477 1.577)
2025-10-02 17:27:31,306 - INFO - (216.397 -97.458 4.837)
2025-10-02 17:27:31,316 - INFO - (216.554 -97.44 -2.032)
2025-10-02 17:27:31,326 - INFO - (216.71 -97.421 -1.755)
2025-10-02 17:27:31,336 - INFO - (216.866 -97.402 -1.651)
2025-10-02 17:27:31,346 - INFO - (217.022 -97.384 -1.575)
2025-10-02 17:27:31,356 - INFO - (217.177 -97.365 2.104)
2025-10-02 17:27:31,366 - INFO - (217.333 -97.346 3.908)
2025-10-02 17:27:31,376 - INFO - (217.489 -97.327 0.399)
2025-10-02 17:27:31,386 - INFO - (217.646 -97.308 2.366)
2025-10-02 17:27:31,396 - INFO - (217.802 -97.288 1.512)
2025-10-02 17:27:31,406 - INFO - (217.943 -97.271 0.965)
2025-10-02 17:27:31,417 - INFO - (218.116 -97.249 -2.258)
2025-10-02 17:27:31,426 - INFO - (218.272 -97.23 2.559)
2025-10-02 17:27:31,436 - INFO - (218.414 -97.212 2.575)
2025-10-02 17:27:31,446 - INFO - (218.586 -97.19 -1.125)
2025-10-02 17:27:31,456 - INFO - (218.743 -97.17 1.438)
2025-10-02 17:27:31,466 - INFO - (218.9 -97.151 -4.764)
2025-10-02 17:27:31,476 - INFO - (219.056 -97.13 -6.202)
2025-10-02 17:27:31,486 - INFO - (219.211 -97.11 -5.666)
2025-10-02 17:27:31,496 - INFO - (219.366 -97.088 -3.102)
2025-10-02 17:27:31,506 - INFO - (219.521 -97.067 -5.54)
2025-10-02 17:27:31,516 - INFO - (219.675 -97.044 -4.717)
2025-10-02 17:27:31,526 - INFO - (219.828 -97.022 -3.966)
2025-10-02 17:27:31,536 - INFO - (219.981 -96.998 -3.592)
2025-10-02 17:27:31,546 - INFO - (220.133 -96.974 -5.657)
2025-10-02 17:27:31,556 - INFO - (220.285 -96.95 1.127)
2025-10-02 17:27:31,566 - INFO - (220.437 -96.925 0.393)
2025-10-02 17:27:31,576 - INFO - (220.589 -96.899 -0.884)
2025-10-02 17:27:31,586 - INFO - (220.741 -96.873 -1.062)
2025-10-02 17:27:31,596 - INFO - (220.892 -96.846 0.316)
2025-10-02 17:27:31,606 - INFO - (221.044 -96.819 -4.252)
2025-10-02 17:27:31,616 - INFO - (221.195 -96.792 2.456)
2025-10-02 17:27:31,626 - INFO - (221.346 -96.765 3.92)
2025-10-02 17:27:31,636 - INFO - (221.498 -96.738 0.53)
2025-10-02 17:27:31,646 - INFO - (221.65 -96.709 -0.599)
2025-10-02 17:27:31,656 - INFO - (221.817 -96.678 0.934)
2025-10-02 17:27:31,666 - INFO - (221.953 -96.652 2.178)
2025-10-02 17:27:31,676 - INFO - (222.105 -96.623 2.219)
2025-10-02 17:27:31,686 - INFO - (222.257 -96.594 1.541)
2025-10-02 17:27:31,696 - INFO - (222.409 -96.565 4.196)
2025-10-02 17:27:31,706 - INFO - (222.561 -96.535 -1.22)
2025-10-02 17:27:31,716 - INFO - (222.714 -96.505 -1.283)
2025-10-02 17:27:31,726 - INFO - (222.866 -96.475 0.931)
2025-10-02 17:27:31,736 - INFO - (223.018 -96.445 3.221)
2025-10-02 17:27:31,746 - INFO - (223.17 -96.415 -1.064)
2025-10-02 17:27:31,756 - INFO - (223.323 -96.385 2.897)
2025-10-02 17:27:31,766 - INFO - (223.475 -96.354 0.69)
2025-10-02 17:27:31,776 - INFO - (223.628 -96.324 3.049)
2025-10-02 17:27:31,786 - INFO - (223.781 -96.293 1.784)
2025-10-02 17:27:31,796 - INFO - (223.934 -96.262 1.366)
2025-10-02 17:27:31,806 - INFO - (224.087 -96.231 -2.428)
2025-10-02 17:27:31,816 - INFO - (224.24 -96.2 2.957)
2025-10-02 17:27:31,826 - INFO - (224.394 -96.169 3.788)
2025-10-02 17:27:31,836 - INFO - (224.547 -96.138 -1.052)
2025-10-02 17:27:31,846 - INFO - (224.701 -96.106 1.653)
2025-10-02 17:27:31,857 - INFO - (224.854 -96.075 0.091)
2025-10-02 17:27:31,866 - INFO - (225.008 -96.044 1.054)
2025-10-02 17:27:31,877 - INFO - (225.162 -96.012 0.795)
2025-10-02 17:27:31,886 - INFO - (225.316 -95.981 3.238)
2025-10-02 17:27:31,896 - INFO - (225.469 -95.949 -1.909)
2025-10-02 17:27:31,906 - INFO - (225.623 -95.917 -0.503)
2025-10-02 17:27:31,916 - INFO - (225.777 -95.885 0.713)
2025-10-02 17:27:31,926 - INFO - (225.931 -95.854 0.36)
2025-10-02 17:27:31,936 - INFO - (226.085 -95.822 -4.327)
2025-10-02 17:27:31,947 - INFO - (226.238 -95.79 2.454)
2025-10-02 17:27:31,956 - INFO - (226.392 -95.758 2.164)
2025-10-02 17:27:31,966 - INFO - (226.546 -95.726 0.965)
2025-10-02 17:27:31,977 - INFO - (226.7 -95.694 0.831)
2025-10-02 17:27:31,986 - INFO - (226.854 -95.662 -0.068)
2025-10-02 17:27:31,996 - INFO - (227.008 -95.63 -1.523)
2025-10-02 17:27:32,006 - INFO - (227.162 -95.598 1.793)
2025-10-02 17:27:32,016 - INFO - (227.316 -95.566 0.423)
2025-10-02 17:27:32,026 - INFO - (227.47 -95.534 0.258)
2025-10-02 17:27:32,036 - INFO - (227.625 -95.502 3.45)
2025-10-02 17:27:32,046 - INFO - (227.779 -95.469 -1.779)
2025-10-02 17:27:32,056 - INFO - (227.933 -95.437 -1.748)
2025-10-02 17:27:32,067 - INFO - (228.087 -95.404 -0.296)
2025-10-02 17:27:32,076 - INFO - (228.241 -95.372 0.398)
2025-10-02 17:27:32,086 - INFO - (228.395 -95.34 1.539)
2025-10-02 17:27:32,096 - INFO - (228.55 -95.307 0.23)
2025-10-02 17:27:32,106 - INFO - (228.704 -95.275 -6.497)
2025-10-02 17:27:32,116 - INFO - (228.857 -95.242 -8.579)
2025-10-02 17:27:32,126 - INFO - (229.009 -95.209 -8.495)
2025-10-02 17:27:32,136 - INFO - (229.159 -95.175 -9.201)
2025-10-02 17:27:32,146 - INFO - (229.31 -95.141 -1.791)
2025-10-02 17:27:32,156 - INFO - (229.46 -95.106 -1.513)
2025-10-02 17:27:32,166 - INFO - (229.61 -95.07 -1.52)
2025-10-02 17:27:32,176 - INFO - (229.759 -95.034 -5.989)
2025-10-02 17:27:32,186 - INFO - (229.907 -94.997 -6.71)
2025-10-02 17:27:32,196 - INFO - (230.055 -94.959 -6.616)
2025-10-02 17:27:32,206 - INFO - (230.187 -94.925 -1.112)
2025-10-02 17:27:32,216 - INFO - (230.334 -94.887 3.09)
2025-10-02 17:27:32,226 - INFO - (230.481 -94.848 -3.853)
2025-10-02 17:27:32,236 - INFO - (230.627 -94.808 -3.527)
2025-10-02 17:27:32,246 - INFO - (230.773 -94.769 -1.439)
2025-10-02 17:27:32,256 - INFO - (230.919 -94.728 -0.972)
2025-10-02 17:27:32,266 - INFO - (231.064 -94.688 -1.074)
2025-10-02 17:27:32,276 - INFO - (231.21 -94.647 -0.371)
2025-10-02 17:27:32,286 - INFO - (231.355 -94.605 1.164)
2025-10-02 17:27:32,296 - INFO - (231.5 -94.564 -1.981)
2025-10-02 17:27:32,308 - INFO - (231.645 -94.522 0.172)
2025-10-02 17:27:32,316 - INFO - (231.645 -94.522 0.0)
2025-10-02 17:27:32,326 - INFO - (231.645 -94.522 0.0)
2025-10-02 17:27:32,336 - INFO - (231.645 -94.522 0.0)
2025-10-02 17:27:32,347 - INFO - (231.645 -94.522 0.0)
2025-10-02 17:27:32,357 - INFO - (232.327 -94.324 1.212)
2025-10-02 17:27:32,366 - INFO - (232.4 -94.303 1.232)
2025-10-02 17:27:32,376 - INFO - (232.545 -94.26 2.121)
2025-10-02 17:27:32,386 - INFO - (232.69 -94.217 1.875)
2025-10-02 17:27:32,396 - INFO - (232.85 -94.17 1.765)
2025-10-02 17:27:32,406 - INFO - (232.996 -94.127 -1.307)
2025-10-02 17:27:32,416 - INFO - (233.156 -94.08 2.769)
2025-10-02 17:27:32,426 - INFO - (233.316 -94.033 1.368)
2025-10-02 17:27:32,436 - INFO - (233.462 -93.989 0.264)
2025-10-02 17:27:32,446 - INFO - (233.622 -93.942 1.421)
2025-10-02 17:27:32,456 - INFO - (233.768 -93.898 -0.421)
2025-10-02 17:27:32,466 - INFO - (233.914 -93.855 1.066)
2025-10-02 17:27:32,476 - INFO - (234.075 -93.807 0.723)
2025-10-02 17:27:32,486 - INFO - (234.221 -93.763 2.478)
2025-10-02 17:27:32,496 - INFO - (234.367 -93.719 -2.307)
2025-10-02 17:27:32,506 - INFO - (234.513 -93.675 -0.506)
2025-10-02 17:27:32,516 - INFO - (234.673 -93.627 0.886)
2025-10-02 17:27:32,526 - INFO - (234.819 -93.583 0.364)
2025-10-02 17:27:32,536 - INFO - (234.965 -93.539 -3.15)
2025-10-02 17:27:32,546 - INFO - (235.111 -93.495 2.117)
2025-10-02 17:27:32,556 - INFO - (235.271 -93.447 2.45)
2025-10-02 17:27:32,566 - INFO - (235.417 -93.402 1.07)
2025-10-02 17:27:32,576 - INFO - (235.563 -93.358 0.592)
2025-10-02 17:27:32,586 - INFO - (235.71 -93.314 0.417)
2025-10-02 17:27:32,596 - INFO - (235.856 -93.269 -2.895)
2025-10-02 17:27:32,606 - INFO - (236.002 -93.225 2.026)
2025-10-02 17:27:32,616 - INFO - (236.148 -93.181 3.472)
2025-10-02 17:27:32,626 - INFO - (236.294 -93.136 -1.498)
2025-10-02 17:27:32,636 - INFO - (236.455 -93.087 0.69)
2025-10-02 17:27:32,646 - INFO - (236.602 -93.043 -0.656)
2025-10-02 17:27:32,656 - INFO - (236.748 -92.998 0.695)
2025-10-02 17:27:32,666 - INFO - (236.894 -92.954 0.382)
2025-10-02 17:27:32,676 - INFO - (237.041 -92.909 0.097)
2025-10-02 17:27:32,686 - INFO - (237.187 -92.864 1.083)
2025-10-02 17:27:32,696 - INFO - (237.333 -92.82 -1.306)
2025-10-02 17:27:32,706 - INFO - (237.48 -92.775 0.089)
2025-10-02 17:27:32,716 - INFO - (237.626 -92.73 -0.08)
2025-10-02 17:27:32,726 - INFO - (237.772 -92.686 -0.234)
2025-10-02 17:27:32,736 - INFO - (237.904 -92.645 -0.959)
2025-10-02 17:27:32,747 - INFO - (238.05 -92.601 0.712)
2025-10-02 17:27:32,756 - INFO - (238.211 -92.551 -1.823)
2025-10-02 17:27:32,766 - INFO - (238.357 -92.507 1.788)
2025-10-02 17:27:32,776 - INFO - (238.503 -92.462 0.521)
2025-10-02 17:27:32,786 - INFO - (238.649 -92.417 -2.48)
2025-10-02 17:27:32,796 - INFO - (238.795 -92.371 -6.234)
2025-10-02 17:27:32,806 - INFO - (238.94 -92.326 -1.132)
2025-10-02 17:27:32,816 - INFO - (239.085 -92.279 3.514)
2025-10-02 17:27:32,826 - INFO - (239.23 -92.232 -4.136)
2025-10-02 17:27:32,836 - INFO - (239.374 -92.185 0.276)
2025-10-02 17:27:32,846 - INFO - (239.518 -92.137 -0.718)
2025-10-02 17:27:32,856 - INFO - (239.662 -92.088 -0.484)
2025-10-02 17:27:32,866 - INFO - (239.806 -92.039 -1.336)
2025-10-02 17:27:32,876 - INFO - (239.949 -91.989 -2.831)
2025-10-02 17:27:32,886 - INFO - (240.092 -91.939 1.15)
2025-10-02 17:27:32,896 - INFO - (240.234 -91.887 -2.736)
2025-10-02 17:27:32,906 - INFO - (240.376 -91.836 -1.814)
2025-10-02 17:27:32,916 - INFO - (240.518 -91.784 -0.944)
2025-10-02 17:27:32,926 - INFO - (240.659 -91.731 -6.938)
2025-10-02 17:27:32,937 - INFO - (240.786 -91.683 1.596)
2025-10-02 17:27:32,947 - INFO - (240.927 -91.629 0.921)
2025-10-02 17:27:32,957 - INFO - (241.067 -91.575 1.493)
2025-10-02 17:27:32,967 - INFO - (241.193 -91.525 0.448)
2025-10-02 17:27:32,977 - INFO - (241.347 -91.464 -2.334)
2025-10-02 17:27:32,986 - INFO - (241.486 -91.407 -0.791)
2025-10-02 17:27:32,996 - INFO - (241.625 -91.349 -2.213)
2025-10-02 17:27:33,006 - INFO - (241.764 -91.29 2.006)
2025-10-02 17:27:33,016 - INFO - (241.902 -91.231 4.459)
2025-10-02 17:27:33,026 - INFO - (242.041 -91.172 -1.032)
2025-10-02 17:27:33,036 - INFO - (242.165 -91.117 2.872)
2025-10-02 17:27:33,046 - INFO - (242.317 -91.05 0.116)
2025-10-02 17:27:33,056 - INFO - (242.455 -90.988 1.092)
2025-10-02 17:27:33,066 - INFO - (242.593 -90.926 3.063)
2025-10-02 17:27:33,076 - INFO - (242.731 -90.862 3.011)
2025-10-02 17:27:33,086 - INFO - (242.868 -90.798 4.156)
2025-10-02 17:27:33,096 - INFO - (243.006 -90.733 0.441)
2025-10-02 17:27:33,106 - INFO - (243.13 -90.674 2.466)
2025-10-02 17:27:33,116 - INFO - (243.267 -90.607 2.649)
2025-10-02 17:27:33,126 - INFO - (243.418 -90.533 -0.973)
2025-10-02 17:27:33,136 - INFO - (243.555 -90.466 4.779)
2025-10-02 17:27:33,146 - INFO - (243.693 -90.397 5.641)
2025-10-02 17:27:33,156 - INFO - (243.83 -90.328 4.078)
2025-10-02 17:27:33,166 - INFO - (243.968 -90.258 4.077)
2025-10-02 17:27:33,176 - INFO - (244.105 -90.187 3.538)
2025-10-02 17:27:33,186 - INFO - (244.243 -90.116 2.94)
2025-10-02 17:27:33,196 - INFO - (244.38 -90.044 -0.581)
2025-10-02 17:27:33,206 - INFO - (244.518 -89.971 4.298)
2025-10-02 17:27:33,216 - INFO - (244.656 -89.899 5.642)
2025-10-02 17:27:33,226 - INFO - (244.794 -89.826 0.383)
2025-10-02 17:27:33,236 - INFO - (244.932 -89.752 6.231)
2025-10-02 17:27:33,246 - INFO - (245.07 -89.678 4.191)
2025-10-02 17:27:33,256 - INFO - (245.209 -89.604 1.629)
2025-10-02 17:27:33,266 - INFO - (245.348 -89.53 4.954)
2025-10-02 17:27:33,276 - INFO - (245.487 -89.455 3.836)
2025-10-02 17:27:33,286 - INFO - (245.627 -89.381 3.68)
2025-10-02 17:27:33,296 - INFO - (245.767 -89.306 -0.363)
2025-10-02 17:27:33,306 - INFO - (245.907 -89.23 3.007)
2025-10-02 17:27:33,316 - INFO - (246.033 -89.163 2.201)
2025-10-02 17:27:33,326 - INFO - (246.173 -89.088 -4.172)
2025-10-02 17:27:33,336 - INFO - (246.313 -89.012 3.164)
2025-10-02 17:27:33,346 - INFO - (246.453 -88.937 2.831)
2025-10-02 17:27:33,356 - INFO - (246.607 -88.853 3.011)
2025-10-02 17:27:33,366 - INFO - (246.748 -88.777 1.944)
2025-10-02 17:27:33,376 - INFO - (246.888 -88.701 1.067)
2025-10-02 17:27:33,386 - INFO - (247.029 -88.625 0.993)
2025-10-02 17:27:33,396 - INFO - (247.169 -88.549 -0.821)
2025-10-02 17:27:33,406 - INFO - (247.31 -88.473 2.399)
2025-10-02 17:27:33,416 - INFO - (247.451 -88.396 1.742)
2025-10-02 17:27:33,426 - INFO - (247.592 -88.32 -0.174)
2025-10-02 17:27:33,436 - INFO - (247.733 -88.243 3.778)
2025-10-02 17:27:33,446 - INFO - (247.874 -88.167 -1.694)
2025-10-02 17:27:33,457 - INFO - (248.015 -88.09 -0.567)
2025-10-02 17:27:33,466 - INFO - (248.156 -88.013 1.325)
2025-10-02 17:27:33,476 - INFO - (248.297 -87.936 1.999)
2025-10-02 17:27:33,486 - INFO - (248.438 -87.859 -0.78)
2025-10-02 17:27:33,496 - INFO - (248.579 -87.782 -0.399)
2025-10-02 17:27:33,506 - INFO - (248.719 -87.705 -6.632)
2025-10-02 17:27:33,516 - INFO - (248.845 -87.635 -5.452)
2025-10-02 17:27:33,526 - INFO - (248.984 -87.558 -7.766)
2025-10-02 17:27:33,536 - INFO - (249.122 -87.48 -0.528)
2025-10-02 17:27:33,546 - INFO - (249.26 -87.402 -0.63)
2025-10-02 17:27:33,556 - INFO - (249.398 -87.324 -0.816)
2025-10-02 17:27:33,566 - INFO - (249.535 -87.246 -4.695)
2025-10-02 17:27:33,576 - INFO - (249.672 -87.167 -3.651)
2025-10-02 17:27:33,586 - INFO - (249.822 -87.08 -4.463)
2025-10-02 17:27:33,596 - INFO - (249.957 -87.001 0.053)
2025-10-02 17:27:33,606 - INFO - (250.093 -86.922 1.973)
2025-10-02 17:27:33,616 - INFO - (250.229 -86.842 -1.635)
2025-10-02 17:27:33,626 - INFO - (250.365 -86.763 -1.194)
2025-10-02 17:27:33,636 - INFO - (250.5 -86.683 1.359)
2025-10-02 17:27:33,646 - INFO - (250.635 -86.603 -1.056)
2025-10-02 17:27:33,656 - INFO - (250.771 -86.523 0.794)
2025-10-02 17:27:33,666 - INFO - (250.906 -86.443 2.163)
2025-10-02 17:27:33,676 - INFO - (251.042 -86.363 -0.096)
2025-10-02 17:27:33,686 - INFO - (251.177 -86.283 -1.156)
2025-10-02 17:27:33,696 - INFO - (251.313 -86.203 1.161)
2025-10-02 17:27:33,706 - INFO - (251.448 -86.123 1.185)
2025-10-02 17:27:33,716 - INFO - (251.583 -86.042 -3.721)
2025-10-02 17:27:33,726 - INFO - (251.719 -85.962 2.814)
2025-10-02 17:27:33,736 - INFO - (251.854 -85.882 2.514)
2025-10-02 17:27:33,746 - INFO - (251.99 -85.801 0.988)
2025-10-02 17:27:33,756 - INFO - (252.125 -85.72 1.616)
2025-10-02 17:27:33,766 - INFO - (252.261 -85.639 0.814)
2025-10-02 17:27:33,776 - INFO - (252.397 -85.558 -1.256)
2025-10-02 17:27:33,786 - INFO - (252.532 -85.477 -0.711)
2025-10-02 17:27:33,796 - INFO - (252.668 -85.396 2.37)
2025-10-02 17:27:33,806 - INFO - (252.804 -85.316 3.674)
2025-10-02 17:27:33,816 - INFO - (252.94 -85.234 -2.366)
2025-10-02 17:27:33,826 - INFO - (253.076 -85.153 2.769)
2025-10-02 17:27:33,836 - INFO - (253.198 -85.08 -1.873)
2025-10-02 17:27:33,846 - INFO - (253.348 -84.991 -0.033)
2025-10-02 17:27:33,856 - INFO - (253.483 -84.909 1.082)
2025-10-02 17:27:33,866 - INFO - (253.62 -84.828 2.131)
2025-10-02 17:27:33,876 - INFO - (253.756 -84.746 -1.825)
2025-10-02 17:27:33,886 - INFO - (253.905 -84.657 0.736)
2025-10-02 17:27:33,896 - INFO - (254.027 -84.583 0.541)
2025-10-02 17:27:33,906 - INFO - (254.163 -84.502 0.275)
2025-10-02 17:27:33,916 - INFO - (254.299 -84.421 -3.378)
2025-10-02 17:27:33,926 - INFO - (254.435 -84.339 2.092)
2025-10-02 17:27:33,936 - INFO - (254.571 -84.258 1.082)
2025-10-02 17:27:33,946 - INFO - (254.707 -84.176 1.814)
2025-10-02 17:27:33,956 - INFO - (254.844 -84.095 0.017)
2025-10-02 17:27:33,966 - INFO - (254.98 -84.013 0.255)
2025-10-02 17:27:33,976 - INFO - (255.116 -83.931 -2.506)
2025-10-02 17:27:33,986 - INFO - (255.252 -83.85 1.949)
2025-10-02 17:27:33,996 - INFO - (255.388 -83.768 3.816)
2025-10-02 17:27:34,007 - INFO - (255.524 -83.687 -2.618)
2025-10-02 17:27:34,016 - INFO - (255.661 -83.605 1.278)
2025-10-02 17:27:34,026 - INFO - (255.797 -83.523 -1.005)
2025-10-02 17:27:34,036 - INFO - (255.92 -83.45 -0.002)
2025-10-02 17:27:34,046 - INFO - (256.056 -83.368 0.278)
2025-10-02 17:27:34,056 - INFO - (256.192 -83.286 1.27)
2025-10-02 17:27:34,066 - INFO - (256.328 -83.204 -1.413)
2025-10-02 17:27:34,076 - INFO - (256.465 -83.123 -0.195)
2025-10-02 17:27:34,086 - INFO - (256.601 -83.041 -0.279)
2025-10-02 17:27:34,096 - INFO - (256.737 -82.959 -0.428)
2025-10-02 17:27:34,106 - INFO - (256.873 -82.878 -3.929)
2025-10-02 17:27:34,116 - INFO - (257.009 -82.796 1.556)
2025-10-02 17:27:34,126 - INFO - (257.145 -82.715 1.523)
2025-10-02 17:27:34,136 - INFO - (257.281 -82.633 -1.671)
2025-10-02 17:27:34,146 - INFO - (257.417 -82.551 1.873)
2025-10-02 17:27:34,157 - INFO - (257.553 -82.47 -0.17)
2025-10-02 17:27:34,166 - INFO - (257.689 -82.388 0.178)
2025-10-02 17:27:34,176 - INFO - (257.825 -82.306 -0.089)
2025-10-02 17:27:34,186 - INFO - (257.975 -82.216 2.128)
2025-10-02 17:27:34,197 - INFO - (258.098 -82.143 -0.055)
2025-10-02 17:27:34,206 - INFO - (258.234 -82.061 -1.831)
2025-10-02 17:27:34,216 - INFO - (258.37 -81.979 -0.747)
2025-10-02 17:27:34,226 - INFO - (258.506 -81.898 -0.554)
2025-10-02 17:27:34,236 - INFO - (258.642 -81.816 0.356)
2025-10-02 17:27:34,246 - INFO - (258.778 -81.734 0.627)
2025-10-02 17:27:34,256 - INFO - (258.914 -81.653 -7.708)
2025-10-02 17:27:34,266 - INFO - (259.062 -81.563 -9.879)
2025-10-02 17:27:34,276 - INFO - (259.196 -81.482 -8.681)
2025-10-02 17:27:34,286 - INFO - (259.329 -81.401 -7.932)
2025-10-02 17:27:34,296 - INFO - (259.46 -81.32 -7.457)
2025-10-02 17:27:34,306 - INFO - (259.591 -81.239 -7.942)
2025-10-02 17:27:34,316 - INFO - (259.708 -81.165 -1.386)
2025-10-02 17:27:34,326 - INFO - (259.851 -81.075 -2.114)
2025-10-02 17:27:34,336 - INFO - (259.967 -81.001 -3.566)
2025-10-02 17:27:34,346 - INFO - (260.108 -80.91 -6.265)
2025-10-02 17:27:34,356 - INFO - (260.235 -80.826 -5.207)
2025-10-02 17:27:34,366 - INFO - (260.362 -80.742 -4.905)
2025-10-02 17:27:34,376 - INFO - (260.487 -80.659 -5.813)
2025-10-02 17:27:34,386 - INFO - (260.613 -80.575 -0.844)
2025-10-02 17:27:34,396 - INFO - (260.738 -80.491 -3.507)
2025-10-02 17:27:34,406 - INFO - (260.85 -80.415 -0.6)
2025-10-02 17:27:34,416 - INFO - (260.974 -80.331 -2.85)
2025-10-02 17:27:34,426 - INFO - (261.099 -80.247 -1.519)
2025-10-02 17:27:34,436 - INFO - (261.223 -80.163 -1.308)
2025-10-02 17:27:34,446 - INFO - (261.346 -80.079 0.505)
2025-10-02 17:27:34,456 - INFO - (261.47 -79.995 0.342)
2025-10-02 17:27:34,466 - INFO - (261.606 -79.902 -2.912)
2025-10-02 17:27:34,476 - INFO - (261.717 -79.826 -0.933)
2025-10-02 17:27:34,486 - INFO - (261.853 -79.733 -0.028)
2025-10-02 17:27:34,496 - INFO - (261.976 -79.648 1.199)
2025-10-02 17:27:34,506 - INFO - (262.087 -79.572 -2.285)
2025-10-02 17:27:34,516 - INFO - (262.21 -79.488 2.291)
2025-10-02 17:27:34,526 - INFO - (262.346 -79.394 1.822)
2025-10-02 17:27:34,536 - INFO - (262.457 -79.317 1.1)
2025-10-02 17:27:34,546 - INFO - (262.58 -79.232 0.634)
2025-10-02 17:27:34,556 - INFO - (262.703 -79.147 0.503)
2025-10-02 17:27:34,566 - INFO - (262.826 -79.061 -2.55)
2025-10-02 17:27:34,576 - INFO - (262.949 -78.976 2.398)
2025-10-02 17:27:34,586 - INFO - (263.072 -78.89 3.636)
2025-10-02 17:27:34,596 - INFO - (263.196 -78.804 -1.538)
2025-10-02 17:27:34,606 - INFO - (263.319 -78.718 1.262)
2025-10-02 17:27:34,616 - INFO - (263.442 -78.632 -1.351)
2025-10-02 17:27:34,626 - INFO - (263.565 -78.546 0.953)
2025-10-02 17:27:34,636 - INFO - (263.676 -78.468 0.766)
2025-10-02 17:27:34,646 - INFO - (263.799 -78.382 0.481)
2025-10-02 17:27:34,656 - INFO - (263.935 -78.287 0.545)
2025-10-02 17:27:34,666 - INFO - (263.972 -78.261 -0.305)
2025-10-02 17:27:34,676 - INFO - (263.996 -78.244 -0.055)
2025-10-02 17:27:34,686 - INFO - (264.009 -78.235 -0.003)
2025-10-02 17:27:34,696 - INFO - (264.132 -78.149 0.139)
2025-10-02 17:27:34,706 - INFO - (264.255 -78.063 -0.028)
2025-10-02 17:27:34,716 - INFO - (264.378 -77.976 -0.122)
2025-10-02 17:27:34,726 - INFO - (264.489 -77.898 -5.642)
2025-10-02 17:27:34,736 - INFO - (264.612 -77.812 2.63)
2025-10-02 17:27:34,746 - INFO - (264.734 -77.726 -0.419)
2025-10-02 17:27:34,756 - INFO - (264.857 -77.639 2.669)
2025-10-02 17:27:34,766 - INFO - (264.98 -77.553 1.849)
2025-10-02 17:27:34,776 - INFO - (265.103 -77.466 0.526)
2025-10-02 17:27:34,786 - INFO - (265.226 -77.379 -0.176)
2025-10-02 17:27:34,796 - INFO - (265.349 -77.293 -1.021)
2025-10-02 17:27:34,806 - INFO - (265.472 -77.206 1.23)
2025-10-02 17:27:34,816 - INFO - (265.596 -77.119 2.501)
2025-10-02 17:27:34,826 - INFO - (265.719 -77.033 -1.676)
2025-10-02 17:27:34,836 - INFO - (265.842 -76.946 0.931)
2025-10-02 17:27:34,846 - INFO - (265.965 -76.859 -1.668)
2025-10-02 17:27:34,856 - INFO - (266.088 -76.772 0.207)
2025-10-02 17:27:34,866 - INFO - (266.211 -76.685 1.401)
2025-10-02 17:27:34,876 - INFO - (266.335 -76.598 1.565)
2025-10-02 17:27:34,886 - INFO - (266.458 -76.511 -0.94)
2025-10-02 17:27:34,896 - INFO - (266.581 -76.424 0.066)
2025-10-02 17:27:34,906 - INFO - (266.704 -76.337 -0.06)
2025-10-02 17:27:34,916 - INFO - (266.827 -76.25 -0.237)
2025-10-02 17:27:34,926 - INFO - (266.95 -76.163 -4.691)
2025-10-02 17:27:34,936 - INFO - (267.073 -76.077 1.267)
2025-10-02 17:27:34,946 - INFO - (267.196 -75.99 0.191)
2025-10-02 17:27:34,956 - INFO - (267.319 -75.902 2.567)
2025-10-02 17:27:34,966 - INFO - (267.442 -75.815 1.288)
2025-10-02 17:27:34,976 - INFO - (267.565 -75.728 0.286)
2025-10-02 17:27:34,986 - INFO - (267.688 -75.641 -0.278)
2025-10-02 17:27:34,996 - INFO - (267.811 -75.554 -1.228)
2025-10-02 17:27:35,006 - INFO - (267.934 -75.467 0.857)
2025-10-02 17:27:35,017 - INFO - (268.058 -75.38 0.836)
2025-10-02 17:27:35,026 - INFO - (268.181 -75.293 2.317)
2025-10-02 17:27:35,036 - INFO - (268.304 -75.205 -1.799)
2025-10-02 17:27:35,046 - INFO - (268.427 -75.118 -1.293)
2025-10-02 17:27:35,056 - INFO - (268.55 -75.031 -1.102)
2025-10-02 17:27:35,066 - INFO - (268.672 -74.943 -1.818)
2025-10-02 17:27:35,076 - INFO - (268.794 -74.854 -1.763)
2025-10-02 17:27:35,086 - INFO - (268.927 -74.756 0.186)
2025-10-02 17:27:35,096 - INFO - (269.048 -74.667 -5.668)
2025-10-02 17:27:35,106 - INFO - (269.168 -74.578 -3.789)
2025-10-02 17:27:35,116 - INFO - (269.287 -74.487 -1.368)
2025-10-02 17:27:35,126 - INFO - (269.405 -74.396 -5.662)
2025-10-02 17:27:35,136 - INFO - (269.522 -74.305 0.839)
2025-10-02 17:27:35,146 - INFO - (269.639 -74.213 0.673)
2025-10-02 17:27:35,156 - INFO - (269.756 -74.12 -0.61)
2025-10-02 17:27:35,166 - INFO - (269.871 -74.027 -0.776)
2025-10-02 17:27:35,177 - INFO - (269.986 -73.932 -0.769)
2025-10-02 17:27:35,186 - INFO - (270.1 -73.837 -0.691)
2025-10-02 17:27:35,196 - INFO - (270.213 -73.74 -0.628)
2025-10-02 17:27:35,206 - INFO - (270.325 -73.644 -4.148)
2025-10-02 17:27:35,216 - INFO - (270.437 -73.546 4.691)
2025-10-02 17:27:35,226 - INFO - (270.55 -73.449 0.07)
2025-10-02 17:27:35,236 - INFO - (270.661 -73.351 -3.41)
2025-10-02 17:27:35,246 - INFO - (270.771 -73.252 -0.395)
2025-10-02 17:27:35,256 - INFO - (270.881 -73.152 -0.259)
2025-10-02 17:27:35,266 - INFO - (270.989 -73.052 -0.187)
2025-10-02 17:27:35,277 - INFO - (271.097 -72.95 -0.207)
2025-10-02 17:27:35,286 - INFO - (271.204 -72.848 -0.21)
2025-10-02 17:27:35,296 - INFO - (271.311 -72.744 1.373)
2025-10-02 17:27:35,306 - INFO - (271.416 -72.64 1.222)
2025-10-02 17:27:35,316 - INFO - (271.522 -72.536 1.89)
2025-10-02 17:27:35,326 - INFO - (271.626 -72.43 -3.547)
2025-10-02 17:27:35,336 - INFO - (271.73 -72.324 4.404)
2025-10-02 17:27:35,346 - INFO - (271.835 -72.218 4.356)
2025-10-02 17:27:35,356 - INFO - (271.939 -72.111 1.865)
2025-10-02 17:27:35,366 - INFO - (272.042 -72.003 2.323)
2025-10-02 17:27:35,376 - INFO - (272.145 -71.894 2.878)
2025-10-02 17:27:35,386 - INFO - (272.247 -71.785 2.584)
2025-10-02 17:27:35,396 - INFO - (272.349 -71.675 3.073)
2025-10-02 17:27:35,406 - INFO - (272.441 -71.575 -0.488)
2025-10-02 17:27:35,416 - INFO - (272.553 -71.453 7.957)
2025-10-02 17:27:35,426 - INFO - (272.656 -71.342 -0.89)
2025-10-02 17:27:35,436 - INFO - (272.747 -71.242 0.51)
2025-10-02 17:27:35,446 - INFO - (272.859 -71.119 4.34)
2025-10-02 17:27:35,456 - INFO - (272.951 -71.018 0.465)
2025-10-02 17:27:35,466 - INFO - (273.053 -70.905 7.348)
2025-10-02 17:27:35,476 - INFO - (273.155 -70.792 6.394)
2025-10-02 17:27:35,486 - INFO - (273.268 -70.667 4.298)
2025-10-02 17:27:35,497 - INFO - (273.371 -70.553 3.347)
2025-10-02 17:27:35,507 - INFO - (273.463 -70.449 1.417)
2025-10-02 17:27:35,517 - INFO - (273.566 -70.335 3.153)
2025-10-02 17:27:35,526 - INFO - (273.668 -70.22 2.327)
2025-10-02 17:27:35,536 - INFO - (273.771 -70.105 -1.243)
2025-10-02 17:27:35,546 - INFO - (273.874 -69.99 2.992)
2025-10-02 17:27:35,556 - INFO - (273.977 -69.874 2.954)
2025-10-02 17:27:35,566 - INFO - (274.079 -69.758 -0.773)
2025-10-02 17:27:35,576 - INFO - (274.182 -69.642 2.901)
2025-10-02 17:27:35,586 - INFO - (274.285 -69.526 2.256)
2025-10-02 17:27:35,596 - INFO - (274.388 -69.41 1.579)
2025-10-02 17:27:35,606 - INFO - (274.491 -69.293 1.122)
2025-10-02 17:27:35,616 - INFO - (274.594 -69.177 0.796)
2025-10-02 17:27:35,626 - INFO - (274.698 -69.06 2.292)
2025-10-02 17:27:35,637 - INFO - (274.801 -68.943 -0.94)
2025-10-02 17:27:35,646 - INFO - (274.904 -68.826 2.03)
2025-10-02 17:27:35,656 - INFO - (275.007 -68.709 0.61)
2025-10-02 17:27:35,666 - INFO - (275.11 -68.592 0.915)
2025-10-02 17:27:35,676 - INFO - (275.213 -68.475 0.722)
2025-10-02 17:27:35,686 - INFO - (275.316 -68.358 0.367)
2025-10-02 17:27:35,696 - INFO - (275.42 -68.24 2.141)
2025-10-02 17:27:35,706 - INFO - (275.523 -68.123 -2.299)
2025-10-02 17:27:35,716 - INFO - (275.626 -68.005 0.28)
2025-10-02 17:27:35,726 - INFO - (275.729 -67.888 0.789)
2025-10-02 17:27:35,736 - INFO - (275.832 -67.771 -3.015)
2025-10-02 17:27:35,746 - INFO - (275.935 -67.654 2.155)
2025-10-02 17:27:35,756 - INFO - (276.038 -67.536 1.471)
2025-10-02 17:27:35,766 - INFO - (276.141 -67.418 0.897)
2025-10-02 17:27:35,776 - INFO - (276.244 -67.301 0.928)
2025-10-02 17:27:35,786 - INFO - (276.347 -67.183 0.633)
2025-10-02 17:27:35,796 - INFO - (276.451 -67.065 0.306)
2025-10-02 17:27:35,806 - INFO - (276.554 -66.947 -3.625)
2025-10-02 17:27:35,816 - INFO - (276.657 -66.83 2.425)
2025-10-02 17:27:35,826 - INFO - (276.76 -66.712 2.223)
2025-10-02 17:27:35,836 - INFO - (276.863 -66.594 -0.212)
2025-10-02 17:27:35,846 - INFO - (276.966 -66.476 0.878)
2025-10-02 17:27:35,856 - INFO - (277.07 -66.358 -1.134)
2025-10-02 17:27:35,866 - INFO - (277.173 -66.24 0.294)
2025-10-02 17:27:35,876 - INFO - (277.276 -66.122 0.148)
2025-10-02 17:27:35,887 - INFO - (277.379 -66.003 4.301)
2025-10-02 17:27:35,896 - INFO - (277.483 -65.885 -2.109)
2025-10-02 17:27:35,906 - INFO - (277.586 -65.767 -2.309)
2025-10-02 17:27:35,916 - INFO - (277.689 -65.649 -2.145)
2025-10-02 17:27:35,926 - INFO - (277.792 -65.531 0.598)
2025-10-02 17:27:35,936 - INFO - (277.895 -65.413 -0.414)
2025-10-02 17:27:35,946 - INFO - (277.998 -65.295 2.794)
2025-10-02 17:27:35,956 - INFO - (278.101 -65.177 -0.591)
2025-10-02 17:27:35,966 - INFO - (278.204 -65.059 1.822)
2025-10-02 17:27:35,977 - INFO - (278.307 -64.941 0.453)
2025-10-02 17:27:35,986 - INFO - (278.41 -64.822 0.138)
2025-10-02 17:27:35,996 - INFO - (278.514 -64.704 -2.831)
2025-10-02 17:27:36,006 - INFO - (278.617 -64.586 2.138)
2025-10-02 17:27:36,016 - INFO - (278.72 -64.468 2.323)
2025-10-02 17:27:36,026 - INFO - (278.824 -64.349 -1.678)
2025-10-02 17:27:36,036 - INFO - (278.916 -64.243 1.985)
2025-10-02 17:27:36,046 - INFO - (279.02 -64.125 -5.962)
2025-10-02 17:27:36,056 - INFO - (279.132 -63.995 -9.689)
2025-10-02 17:27:36,066 - INFO - (279.224 -63.889 -7.195)
2025-10-02 17:27:36,076 - INFO - (279.324 -63.772 -7.408)
2025-10-02 17:27:36,086 - INFO - (279.424 -63.655 -4.186)
2025-10-02 17:27:36,096 - INFO - (279.523 -63.538 -7.417)
2025-10-02 17:27:36,106 - INFO - (279.622 -63.421 -6.301)
2025-10-02 17:27:36,116 - INFO - (279.719 -63.305 -5.531)
2025-10-02 17:27:36,126 - INFO - (279.816 -63.188 -11.733)
2025-10-02 17:27:36,136 - INFO - (279.902 -63.083 0.373)
2025-10-02 17:27:36,146 - INFO - (280.007 -62.955 -0.161)
2025-10-02 17:27:36,156 - INFO - (280.101 -62.837 -0.416)
2025-10-02 17:27:36,166 - INFO - (280.195 -62.72 -2.036)
2025-10-02 17:27:36,176 - INFO - (280.289 -62.602 -4.38)
2025-10-02 17:27:36,186 - INFO - (280.38 -62.484 -4.454)
2025-10-02 17:27:36,196 - INFO - (280.471 -62.365 -5.091)
2025-10-02 17:27:36,206 - INFO - (280.562 -62.247 -0.971)
2025-10-02 17:27:36,216 - INFO - (280.652 -62.128 1.667)
2025-10-02 17:27:36,226 - INFO - (280.741 -62.009 -2.322)
2025-10-02 17:27:36,236 - INFO - (280.821 -61.901 -2.52)
2025-10-02 17:27:36,246 - INFO - (280.918 -61.77 -0.656)
2025-10-02 17:27:36,256 - INFO - (281.006 -61.651 -0.074)
2025-10-02 17:27:36,266 - INFO - (281.094 -61.531 -0.223)
2025-10-02 17:27:36,276 - INFO - (281.182 -61.411 -0.389)
2025-10-02 17:27:36,286 - INFO - (281.269 -61.291 2.955)
2025-10-02 17:27:36,296 - INFO - (281.356 -61.17 -2.186)
2025-10-02 17:27:36,306 - INFO - (281.443 -61.05 -0.673)
2025-10-02 17:27:36,316 - INFO - (281.53 -60.929 1.656)
2025-10-02 17:27:36,326 - INFO - (281.609 -60.821 1.136)
2025-10-02 17:27:36,336 - INFO - (281.696 -60.7 -3.457)
2025-10-02 17:27:36,346 - INFO - (281.782 -60.58 2.366)
2025-10-02 17:27:36,356 - INFO - (281.869 -60.459 3.512)
2025-10-02 17:27:36,366 - INFO - (281.956 -60.338 2.441)
2025-10-02 17:27:36,376 - INFO - (282.044 -60.216 1.502)
2025-10-02 17:27:36,386 - INFO - (282.14 -60.083 2.107)
2025-10-02 17:27:36,396 - INFO - (282.227 -59.961 1.457)
2025-10-02 17:27:36,406 - INFO - (282.314 -59.84 -0.885)
2025-10-02 17:27:36,416 - INFO - (282.402 -59.718 2.247)
2025-10-02 17:27:36,426 - INFO - (282.489 -59.596 1.323)
2025-10-02 17:27:36,436 - INFO - (282.576 -59.474 -0.086)
2025-10-02 17:27:36,446 - INFO - (282.664 -59.352 2.725)
2025-10-02 17:27:36,456 - INFO - (282.751 -59.23 -1.708)
2025-10-02 17:27:36,466 - INFO - (282.838 -59.107 -0.08)
2025-10-02 17:27:36,476 - INFO - (282.925 -58.985 0.542)
2025-10-02 17:27:36,486 - INFO - (283.012 -58.863 3.473)
2025-10-02 17:27:36,496 - INFO - (283.1 -58.74 -0.931)
2025-10-02 17:27:36,506 - INFO - (283.187 -58.618 -2.433)
2025-10-02 17:27:36,516 - INFO - (283.274 -58.496 -1.953)
2025-10-02 17:27:36,526 - INFO - (283.361 -58.373 1.979)
2025-10-02 17:27:36,536 - INFO - (283.448 -58.251 -2.412)
2025-10-02 17:27:36,546 - INFO - (283.535 -58.129 1.999)
2025-10-02 17:27:36,556 - INFO - (283.623 -58.006 1.978)
2025-10-02 17:27:36,566 - INFO - (283.709 -57.884 -1.792)
2025-10-02 17:27:36,576 - INFO - (283.797 -57.761 2.314)
2025-10-02 17:27:36,586 - INFO - (283.884 -57.639 1.012)
2025-10-02 17:27:36,596 - INFO - (283.971 -57.516 0.441)
2025-10-02 17:27:36,606 - INFO - (284.058 -57.393 -4.525)
2025-10-02 17:27:36,616 - INFO - (284.145 -57.271 2.553)
2025-10-02 17:27:36,626 - INFO - (284.232 -57.148 4.658)
2025-10-02 17:27:36,636 - INFO - (284.32 -57.025 -0.76)
2025-10-02 17:27:36,646 - INFO - (284.407 -56.903 -0.976)
2025-10-02 17:27:36,656 - INFO - (284.494 -56.779 0.486)
2025-10-02 17:27:36,666 - INFO - (284.581 -56.657 -0.265)
2025-10-02 17:27:36,676 - INFO - (284.668 -56.534 0.367)
2025-10-02 17:27:36,686 - INFO - (284.756 -56.411 0.112)
2025-10-02 17:27:36,696 - INFO - (284.843 -56.288 2.841)
2025-10-02 17:27:36,706 - INFO - (284.93 -56.164 -2.461)
2025-10-02 17:27:36,716 - INFO - (285.017 -56.042 -2.348)
2025-10-02 17:27:36,726 - INFO - (285.104 -55.919 0.702)
2025-10-02 17:27:36,736 - INFO - (285.191 -55.796 0.963)
2025-10-02 17:27:36,746 - INFO - (285.279 -55.673 -2.647)
2025-10-02 17:27:36,756 - INFO - (285.366 -55.55 2.08)
2025-10-02 17:27:36,766 - INFO - (285.452 -55.427 -0.821)
2025-10-02 17:27:36,776 - INFO - (285.54 -55.304 2.321)
2025-10-02 17:27:36,786 - INFO - (285.627 -55.181 0.384)
2025-10-02 17:27:36,796 - INFO - (285.714 -55.058 0.226)
2025-10-02 17:27:36,806 - INFO - (285.801 -54.935 -1.431)
2025-10-02 17:27:36,816 - INFO - (285.888 -54.812 1.117)
2025-10-02 17:27:36,826 - INFO - (285.975 -54.689 0.197)
2025-10-02 17:27:36,836 - INFO - (286.063 -54.566 0.472)
2025-10-02 17:27:36,846 - INFO - (286.15 -54.443 -0.752)
2025-10-02 17:27:36,856 - INFO - (286.237 -54.32 0.219)
2025-10-02 17:27:36,866 - INFO - (286.324 -54.197 -0.38)
2025-10-02 17:27:36,876 - INFO - (286.411 -54.074 -0.176)
2025-10-02 17:27:36,886 - INFO - (286.498 -53.951 -0.344)
2025-10-02 17:27:36,896 - INFO - (286.586 -53.827 3.666)
2025-10-02 17:27:36,906 - INFO - (286.664 -53.716 -2.36)
2025-10-02 17:27:36,916 - INFO - (286.751 -53.593 -2.681)
2025-10-02 17:27:36,926 - INFO - (286.838 -53.471 -2.491)
2025-10-02 17:27:36,936 - INFO - (286.925 -53.348 2.02)
2025-10-02 17:27:36,946 - INFO - (287.012 -53.225 -2.592)
2025-10-02 17:27:36,956 - INFO - (287.099 -53.102 2.39)
2025-10-02 17:27:36,966 - INFO - (287.186 -52.979 -1.526)
2025-10-02 17:27:36,976 - INFO - (287.273 -52.856 2.484)
2025-10-02 17:27:36,986 - INFO - (287.36 -52.733 0.886)
2025-10-02 17:27:36,996 - INFO - (287.447 -52.61 0.163)
2025-10-02 17:27:37,006 - INFO - (287.534 -52.487 -0.067)
2025-10-02 17:27:37,016 - INFO - (287.621 -52.365 -3.717)
2025-10-02 17:27:37,027 - INFO - (287.708 -52.242 2.303)
2025-10-02 17:27:37,037 - INFO - (287.795 -52.119 3.043)
2025-10-02 17:27:37,047 - INFO - (287.874 -52.008 -0.81)
2025-10-02 17:27:37,057 - INFO - (287.961 -51.885 0.16)
2025-10-02 17:27:37,067 - INFO - (288.048 -51.762 -0.569)
2025-10-02 17:27:37,076 - INFO - (288.135 -51.639 0.49)
2025-10-02 17:27:37,086 - INFO - (288.23 -51.503 0.205)
2025-10-02 17:27:37,096 - INFO - (288.317 -51.38 2.026)
2025-10-02 17:27:37,106 - INFO - (288.396 -51.269 -0.366)
2025-10-02 17:27:37,116 - INFO - (288.492 -51.133 -2.374)
2025-10-02 17:27:37,126 - INFO - (288.579 -51.01 0.102)
2025-10-02 17:27:37,137 - INFO - (288.666 -50.887 0.335)
2025-10-02 17:27:37,146 - INFO - (288.753 -50.764 -2.61)
2025-10-02 17:27:37,156 - INFO - (288.84 -50.641 2.108)
2025-10-02 17:27:37,166 - INFO - (288.927 -50.518 -2.316)
2025-10-02 17:27:37,177 - INFO - (288.962 -50.469 0.897)
2025-10-02 17:27:37,186 - INFO - (289.022 -50.383 1.404)
2025-10-02 17:27:37,197 - INFO - (289.101 -50.272 0.863)
2025-10-02 17:27:37,206 - INFO - (289.197 -50.136 0.17)
2025-10-02 17:27:37,216 - INFO - (289.292 -50.0 1.135)
2025-10-02 17:27:37,226 - INFO - (289.386 -49.864 -1.079)
2025-10-02 17:27:37,236 - INFO - (289.48 -49.727 5.173)
2025-10-02 17:27:37,246 - INFO - (289.574 -49.589 -1.875)
2025-10-02 17:27:37,256 - INFO - (289.658 -49.463 -3.66)
2025-10-02 17:27:37,266 - INFO - (289.741 -49.338 -0.011)
2025-10-02 17:27:37,276 - INFO - (289.831 -49.199 0.698)
2025-10-02 17:27:37,286 - INFO - (289.913 -49.071 1.165)
2025-10-02 17:27:37,296 - INFO - (290.001 -48.931 0.811)
2025-10-02 17:27:37,306 - INFO - (290.081 -48.802 0.737)
2025-10-02 17:27:37,316 - INFO - (290.16 -48.673 -1.288)
2025-10-02 17:27:37,326 - INFO - (290.238 -48.544 -2.911)
2025-10-02 17:27:37,336 - INFO - (290.315 -48.415 0.005)
2025-10-02 17:27:37,346 - INFO - (290.392 -48.285 0.577)
2025-10-02 17:27:37,356 - INFO - (290.467 -48.155 -6.56)
2025-10-02 17:27:37,366 - INFO - (290.55 -48.012 4.084)
2025-10-02 17:27:37,376 - INFO - (290.624 -47.881 3.561)
2025-10-02 17:27:37,386 - INFO - (290.698 -47.749 2.405)
2025-10-02 17:27:37,396 - INFO - (290.771 -47.616 1.757)
2025-10-02 17:27:37,406 - INFO - (290.849 -47.47 1.984)
2025-10-02 17:27:37,416 - INFO - (290.92 -47.335 1.485)
2025-10-02 17:27:37,426 - INFO - (290.99 -47.201 -0.348)
2025-10-02 17:27:37,436 - INFO - (291.059 -47.066 4.846)
2025-10-02 17:27:37,446 - INFO - (291.128 -46.93 0.011)
2025-10-02 17:27:37,456 - INFO - (291.196 -46.794 0.229)
2025-10-02 17:27:37,466 - INFO - (291.263 -46.657 1.972)
2025-10-02 17:27:37,476 - INFO - (291.329 -46.52 2.012)
2025-10-02 17:27:37,487 - INFO - (291.394 -46.382 1.653)
2025-10-02 17:27:37,496 - INFO - (291.458 -46.243 1.296)
2025-10-02 17:27:37,506 - INFO - (291.521 -46.104 4.521)
2025-10-02 17:27:37,516 - INFO - (291.584 -45.964 0.039)
2025-10-02 17:27:37,526 - INFO - (291.645 -45.823 0.08)
2025-10-02 17:27:37,536 - INFO - (291.706 -45.682 1.584)
2025-10-02 17:27:37,546 - INFO - (291.766 -45.542 -7.099)
2025-10-02 17:27:37,556 - INFO - (291.825 -45.401 4.876)
2025-10-02 17:27:37,566 - INFO - (291.884 -45.259 4.473)
2025-10-02 17:27:37,576 - INFO - (291.942 -45.116 3.179)
2025-10-02 17:27:37,586 - INFO - (292.0 -44.973 3.937)
2025-10-02 17:27:37,596 - INFO - (292.058 -44.83 2.347)
2025-10-02 17:27:37,606 - INFO - (292.114 -44.686 3.657)
2025-10-02 17:27:37,616 - INFO - (292.17 -44.541 2.928)
2025-10-02 17:27:37,626 - INFO - (292.226 -44.396 5.575)
2025-10-02 17:27:37,636 - INFO - (292.281 -44.249 7.41)
2025-10-02 17:27:37,646 - INFO - (292.336 -44.103 0.387)
2025-10-02 17:27:37,656 - INFO - (292.389 -43.955 0.425)
2025-10-02 17:27:37,666 - INFO - (292.448 -43.793 3.973)
2025-10-02 17:27:37,676 - INFO - (292.501 -43.645 5.494)
2025-10-02 17:27:37,686 - INFO - (292.554 -43.496 5.944)
2025-10-02 17:27:37,696 - INFO - (292.607 -43.347 8.076)
2025-10-02 17:27:37,707 - INFO - (292.661 -43.197 4.344)
2025-10-02 17:27:37,716 - INFO - (292.716 -43.047 3.889)
2025-10-02 17:27:37,726 - INFO - (292.77 -42.896 6.804)
2025-10-02 17:27:37,736 - INFO - (292.826 -42.745 5.361)
2025-10-02 17:27:37,746 - INFO - (292.881 -42.594 0.047)
2025-10-02 17:27:37,756 - INFO - (292.937 -42.443 3.337)
2025-10-02 17:27:37,766 - INFO - (292.987 -42.306 3.206)
2025-10-02 17:27:37,776 - INFO - (293.043 -42.154 -1.423)
2025-10-02 17:27:37,786 - INFO - (293.099 -42.003 3.086)
2025-10-02 17:27:37,796 - INFO - (293.156 -41.851 3.453)
2025-10-02 17:27:37,806 - INFO - (293.207 -41.714 2.235)
2025-10-02 17:27:37,816 - INFO - (293.27 -41.547 1.23)
2025-10-02 17:27:37,826 - INFO - (293.321 -41.409 0.317)
2025-10-02 17:27:37,836 - INFO - (293.378 -41.257 1.552)
2025-10-02 17:27:37,846 - INFO - (293.436 -41.105 -1.144)
2025-10-02 17:27:37,856 - INFO - (293.493 -40.953 -0.523)
2025-10-02 17:27:37,866 - INFO - (293.55 -40.8 1.133)
2025-10-02 17:27:37,876 - INFO - (293.608 -40.648 -1.72)
2025-10-02 17:27:37,886 - INFO - (293.665 -40.496 -0.841)
2025-10-02 17:27:37,896 - INFO - (293.728 -40.329 1.115)
2025-10-02 17:27:37,906 - INFO - (293.786 -40.177 -2.431)
2025-10-02 17:27:37,916 - INFO - (293.843 -40.025 -1.112)
2025-10-02 17:27:37,926 - INFO - (293.901 -39.874 -1.099)
2025-10-02 17:27:37,936 - INFO - (293.958 -39.722 -1.086)
2025-10-02 17:27:37,946 - INFO - (294.016 -39.571 -3.469)
2025-10-02 17:27:37,956 - INFO - (294.073 -39.42 1.285)
2025-10-02 17:27:37,966 - INFO - (294.13 -39.269 -1.922)
2025-10-02 17:27:37,976 - INFO - (294.188 -39.117 1.678)
2025-10-02 17:27:37,987 - INFO - (294.245 -38.966 0.02)
2025-10-02 17:27:37,996 - INFO - (294.303 -38.815 -1.233)
2025-10-02 17:27:38,006 - INFO - (294.36 -38.664 -2.035)
2025-10-02 17:27:38,016 - INFO - (294.418 -38.513 -3.615)
2025-10-02 17:27:38,026 - INFO - (294.474 -38.363 -7.186)
2025-10-02 17:27:38,036 - INFO - (294.531 -38.213 -6.485)
2025-10-02 17:27:38,046 - INFO - (294.587 -38.064 -9.444)
2025-10-02 17:27:38,056 - INFO - (294.642 -37.916 -2.885)
2025-10-02 17:27:38,066 - INFO - (294.698 -37.768 -8.191)
2025-10-02 17:27:38,076 - INFO - (294.752 -37.62 -8.873)
2025-10-02 17:27:38,086 - INFO - (294.806 -37.474 -4.932)
2025-10-02 17:27:38,096 - INFO - (294.86 -37.327 -6.364)
2025-10-02 17:27:38,106 - INFO - (294.913 -37.181 -6.915)
2025-10-02 17:27:38,116 - INFO - (294.965 -37.036 -5.757)
2025-10-02 17:27:38,126 - INFO - (295.017 -36.891 -4.698)
2025-10-02 17:27:38,136 - INFO - (295.068 -36.746 -8.194)
2025-10-02 17:27:38,146 - INFO - (295.119 -36.601 1.559)
2025-10-02 17:27:38,157 - INFO - (295.17 -36.457 0.934)
2025-10-02 17:27:38,167 - INFO - (295.221 -36.312 -0.31)
2025-10-02 17:27:38,176 - INFO - (295.272 -36.167 -1.153)
2025-10-02 17:27:38,186 - INFO - (295.322 -36.023 -0.985)
2025-10-02 17:27:38,196 - INFO - (295.372 -35.878 -1.696)
2025-10-02 17:27:38,206 - INFO - (295.422 -35.734 0.223)
2025-10-02 17:27:38,216 - INFO - (295.471 -35.589 0.087)
2025-10-02 17:27:38,226 - INFO - (295.521 -35.444 2.18)
2025-10-02 17:27:38,236 - INFO - (295.571 -35.299 -1.461)
2025-10-02 17:27:38,246 - INFO - (295.62 -35.155 1.336)
2025-10-02 17:27:38,256 - INFO - (295.67 -35.01 -0.73)
2025-10-02 17:27:38,266 - INFO - (295.719 -34.865 0.066)
2025-10-02 17:27:38,276 - INFO - (295.763 -34.734 0.564)
2025-10-02 17:27:38,286 - INFO - (295.817 -34.574 5.081)
2025-10-02 17:27:38,296 - INFO - (295.867 -34.429 -2.244)
2025-10-02 17:27:38,306 - INFO - (295.911 -34.298 -1.996)
2025-10-02 17:27:38,316 - INFO - (295.965 -34.139 -2.289)
2025-10-02 17:27:38,326 - INFO - (296.014 -33.994 -1.837)
2025-10-02 17:27:38,336 - INFO - (296.062 -33.849 -2.738)
2025-10-02 17:27:38,346 - INFO - (296.111 -33.704 4.495)
2025-10-02 17:27:38,356 - INFO - (296.16 -33.559 3.314)
2025-10-02 17:27:38,366 - INFO - (296.209 -33.414 1.795)
2025-10-02 17:27:38,376 - INFO - (296.258 -33.268 1.13)
2025-10-02 17:27:38,386 - INFO - (296.307 -33.122 0.832)
2025-10-02 17:27:38,396 - INFO - (296.355 -32.977 -3.325)
2025-10-02 17:27:38,406 - INFO - (296.404 -32.831 2.358)
2025-10-02 17:27:38,416 - INFO - (296.453 -32.685 2.205)
2025-10-02 17:27:38,426 - INFO - (296.502 -32.539 1.993)
2025-10-02 17:27:38,436 - INFO - (296.551 -32.393 -1.373)
2025-10-02 17:27:38,446 - INFO - (296.599 -32.247 1.764)
2025-10-02 17:27:38,456 - INFO - (296.648 -32.101 -1.393)
2025-10-02 17:27:38,466 - INFO - (296.697 -31.955 0.615)
2025-10-02 17:27:38,477 - INFO - (296.746 -31.809 0.59)
2025-10-02 17:27:38,486 - INFO - (296.795 -31.663 1.701)
2025-10-02 17:27:38,496 - INFO - (296.843 -31.517 -1.605)
2025-10-02 17:27:38,506 - INFO - (296.892 -31.371 0.486)
2025-10-02 17:27:38,516 - INFO - (296.941 -31.224 0.286)
2025-10-02 17:27:38,526 - INFO - (296.989 -31.078 0.038)
2025-10-02 17:27:38,536 - INFO - (297.033 -30.947 -2.778)
2025-10-02 17:27:38,546 - INFO - (297.087 -30.786 2.156)
2025-10-02 17:27:38,556 - INFO - (297.131 -30.654 0.544)
2025-10-02 17:27:38,566 - INFO - (297.179 -30.508 -0.929)
2025-10-02 17:27:38,576 - INFO - (297.228 -30.362 1.006)
2025-10-02 17:27:38,586 - INFO - (297.276 -30.216 -0.11)
2025-10-02 17:27:38,596 - INFO - (297.325 -30.07 -3.845)
2025-10-02 17:27:38,606 - INFO - (297.373 -29.924 2.228)
2025-10-02 17:27:38,616 - INFO - (297.422 -29.777 1.481)
2025-10-02 17:27:38,626 - INFO - (297.471 -29.631 2.141)
2025-10-02 17:27:38,636 - INFO - (297.52 -29.485 -1.69)
2025-10-02 17:27:38,646 - INFO - (297.568 -29.338 0.644)
2025-10-02 17:27:38,656 - INFO - (297.617 -29.192 -1.389)
2025-10-02 17:27:38,666 - INFO - (297.665 -29.046 1.092)
2025-10-02 17:27:38,677 - INFO - (297.714 -28.899 1.121)
2025-10-02 17:27:38,686 - INFO - (297.767 -28.738 -0.46)
2025-10-02 17:27:38,697 - INFO - (297.816 -28.592 -0.056)
2025-10-02 17:27:38,706 - INFO - (297.864 -28.446 -0.146)
2025-10-02 17:27:38,716 - INFO - (297.913 -28.299 -0.313)
2025-10-02 17:27:38,726 - INFO - (297.962 -28.153 -0.446)
2025-10-02 17:27:38,736 - INFO - (298.01 -28.007 -3.04)
2025-10-02 17:27:38,746 - INFO - (298.059 -27.861 1.848)
2025-10-02 17:27:38,756 - INFO - (298.107 -27.715 -3.091)
2025-10-02 17:27:38,766 - INFO - (298.155 -27.569 2.072)
2025-10-02 17:27:38,776 - INFO - (298.204 -27.422 2.044)
2025-10-02 17:27:38,786 - INFO - (298.253 -27.276 -0.055)
2025-10-02 17:27:38,796 - INFO - (298.301 -27.13 -0.133)
2025-10-02 17:27:38,806 - INFO - (298.345 -26.998 0.185)
2025-10-02 17:27:38,816 - INFO - (298.393 -26.852 2.965)
2025-10-02 17:27:38,826 - INFO - (298.442 -26.705 -1.905)
2025-10-02 17:27:38,836 - INFO - (298.49 -26.559 1.276)
2025-10-02 17:27:38,846 - INFO - (298.539 -26.412 -1.736)
2025-10-02 17:27:38,856 - INFO - (298.592 -26.251 -0.354)
2025-10-02 17:27:38,866 - INFO - (298.636 -26.12 0.714)
2025-10-02 17:27:38,876 - INFO - (298.689 -25.959 0.504)
2025-10-02 17:27:38,886 - INFO - (298.738 -25.812 -0.124)
2025-10-02 17:27:38,896 - INFO - (298.786 -25.666 -0.094)
2025-10-02 17:27:38,906 - INFO - (298.835 -25.519 -0.231)
2025-10-02 17:27:38,916 - INFO - (298.878 -25.388 -0.337)
2025-10-02 17:27:38,926 - INFO - (298.927 -25.241 -0.489)
2025-10-02 17:27:38,936 - INFO - (298.975 -25.095 -1.852)
2025-10-02 17:27:38,947 - INFO - (299.024 -24.949 -3.192)
2025-10-02 17:27:38,956 - INFO - (299.072 -24.803 1.321)
2025-10-02 17:27:38,966 - INFO - (299.12 -24.657 1.771)
2025-10-02 17:27:38,976 - INFO - (299.169 -24.511 2.226)
2025-10-02 17:27:38,986 - INFO - (299.217 -24.364 0.348)
2025-10-02 17:27:38,996 - INFO - (299.266 -24.218 -1.123)
2025-10-02 17:27:39,006 - INFO - (299.314 -24.072 0.367)
2025-10-02 17:27:39,017 - INFO - (299.363 -23.925 1.866)
2025-10-02 17:27:39,026 - INFO - (299.411 -23.779 -0.173)
2025-10-02 17:27:39,036 - INFO - (299.46 -23.632 -1.159)
2025-10-02 17:27:39,046 - INFO - (299.508 -23.486 0.279)
2025-10-02 17:27:39,056 - INFO - (299.556 -23.339 0.266)
2025-10-02 17:27:39,066 - INFO - (299.605 -23.193 -0.003)
2025-10-02 17:27:39,076 - INFO - (299.653 -23.047 -1.272)
2025-10-02 17:27:39,086 - INFO - (299.701 -22.9 -5.143)
2025-10-02 17:27:39,096 - INFO - (299.748 -22.754 -5.438)
2025-10-02 17:27:39,106 - INFO - (299.795 -22.609 -4.247)
2025-10-02 17:27:39,116 - INFO - (299.841 -22.464 -3.729)
2025-10-02 17:27:39,126 - INFO - (299.886 -22.319 -7.216)
2025-10-02 17:27:39,136 - INFO - (299.926 -22.188 -0.41)
2025-10-02 17:27:39,146 - INFO - (299.974 -22.029 -1.688)
2025-10-02 17:27:39,156 - INFO - (300.017 -21.884 -1.033)
2025-10-02 17:27:39,166 - INFO - (300.055 -21.753 -2.553)
2025-10-02 17:27:39,177 - INFO - (300.1 -21.594 -3.522)
2025-10-02 17:27:39,186 - INFO - (300.141 -21.449 -3.979)
2025-10-02 17:27:39,196 - INFO - (300.18 -21.304 -6.485)
2025-10-02 17:27:39,206 - INFO - (300.219 -21.16 2.322)
2025-10-02 17:27:39,216 - INFO - (300.258 -21.015 1.21)
2025-10-02 17:27:39,226 - INFO - (300.296 -20.87 0.891)
2025-10-02 17:27:39,236 - INFO - (300.335 -20.725 0.332)
2025-10-02 17:27:39,246 - INFO - (300.372 -20.58 -3.471)
2025-10-02 17:27:39,256 - INFO - (300.407 -20.434 -1.633)
2025-10-02 17:27:39,266 - INFO - (300.442 -20.289 -1.091)
2025-10-02 17:27:39,276 - INFO - (300.476 -20.143 2.492)
2025-10-02 17:27:39,286 - INFO - (300.509 -19.997 -0.426)
2025-10-02 17:27:39,296 - INFO - (300.542 -19.852 -2.531)
2025-10-02 17:27:39,306 - INFO - (300.57 -19.72 -0.836)
2025-10-02 17:27:39,316 - INFO - (300.605 -19.56 1.301)
2025-10-02 17:27:39,326 - INFO - (300.635 -19.414 -4.737)
2025-10-02 17:27:39,336 - INFO - (300.666 -19.268 2.935)
2025-10-02 17:27:39,346 - INFO - (300.695 -19.121 4.762)
2025-10-02 17:27:39,356 - INFO - (300.724 -18.974 1.694)
2025-10-02 17:27:39,366 - INFO - (300.749 -18.841 1.27)
2025-10-02 17:27:39,376 - INFO - (300.779 -18.679 1.418)
2025-10-02 17:27:39,386 - INFO - (300.805 -18.531 1.468)
2025-10-02 17:27:39,396 - INFO - (300.832 -18.383 -3.007)
2025-10-02 17:27:39,406 - INFO - (300.858 -18.235 2.293)
2025-10-02 17:27:39,416 - INFO - (300.884 -18.087 3.822)
2025-10-02 17:27:39,426 - INFO - (300.908 -17.954 -0.85)
2025-10-02 17:27:39,436 - INFO - (300.933 -17.805 2.321)
2025-10-02 17:27:39,446 - INFO - (300.958 -17.656 0.648)
2025-10-02 17:27:39,456 - INFO - (300.983 -17.508 2.809)
2025-10-02 17:27:39,466 - INFO - (301.008 -17.358 2.23)
2025-10-02 17:27:39,476 - INFO - (301.033 -17.209 1.554)
2025-10-02 17:27:39,486 - INFO - (301.058 -17.059 2.611)
2025-10-02 17:27:39,496 - INFO - (301.082 -16.91 -1.037)
2025-10-02 17:27:39,506 - INFO - (301.107 -16.76 1.708)
2025-10-02 17:27:39,516 - INFO - (301.131 -16.61 1.942)
2025-10-02 17:27:39,526 - INFO - (301.156 -16.46 -0.823)
2025-10-02 17:27:39,536 - INFO - (301.181 -16.31 2.763)
2025-10-02 17:27:39,546 - INFO - (301.205 -16.16 1.614)
2025-10-02 17:27:39,556 - INFO - (301.229 -16.009 -0.249)
2025-10-02 17:27:39,566 - INFO - (301.254 -15.859 2.417)
2025-10-02 17:27:39,576 - INFO - (301.279 -15.708 1.212)
2025-10-02 17:27:39,586 - INFO - (301.303 -15.557 0.992)
2025-10-02 17:27:39,596 - INFO - (301.328 -15.407 -5.701)
2025-10-02 17:27:39,606 - INFO - (301.353 -15.256 2.713)
2025-10-02 17:27:39,616 - INFO - (301.378 -15.106 3.571)
2025-10-02 17:27:39,626 - INFO - (301.403 -14.955 1.499)
2025-10-02 17:27:39,636 - INFO - (301.427 -14.804 2.718)
2025-10-02 17:27:39,646 - INFO - (301.452 -14.652 -2.727)
2025-10-02 17:27:39,656 - INFO - (301.476 -14.501 0.734)
2025-10-02 17:27:39,666 - INFO - (301.501 -14.35 0.702)
2025-10-02 17:27:39,676 - INFO - (301.525 -14.199 0.356)
2025-10-02 17:27:39,686 - INFO - (301.55 -14.047 4.025)
2025-10-02 17:27:39,697 - INFO - (301.574 -13.896 -2.192)
2025-10-02 17:27:39,706 - INFO - (301.599 -13.744 -2.16)
2025-10-02 17:27:39,716 - INFO - (301.618 -13.624 -1.631)
2025-10-02 17:27:39,726 - INFO - (301.642 -13.473 -1.991)
2025-10-02 17:27:39,736 - INFO - (301.664 -13.337 2.724)
2025-10-02 17:27:39,746 - INFO - (301.691 -13.17 2.822)
2025-10-02 17:27:39,756 - INFO - (301.715 -13.019 -0.762)
2025-10-02 17:27:39,766 - INFO - (301.74 -12.868 1.924)
2025-10-02 17:27:39,776 - INFO - (301.764 -12.716 0.712)
2025-10-02 17:27:39,786 - INFO - (301.789 -12.564 0.355)
2025-10-02 17:27:39,796 - INFO - (301.816 -12.398 -2.824)
2025-10-02 17:27:39,806 - INFO - (301.838 -12.261 1.859)
2025-10-02 17:27:39,816 - INFO - (301.862 -12.11 1.955)
2025-10-02 17:27:39,826 - INFO - (301.889 -11.943 -0.923)
2025-10-02 17:27:39,836 - INFO - (301.913 -11.791 0.97)
2025-10-02 17:27:39,846 - INFO - (301.937 -11.639 -0.749)
2025-10-02 17:27:39,856 - INFO - (301.962 -11.488 0.167)
2025-10-02 17:27:39,866 - INFO - (301.986 -11.336 -0.057)
2025-10-02 17:27:39,876 - INFO - (302.01 -11.184 -0.249)
2025-10-02 17:27:39,886 - INFO - (302.035 -11.033 1.512)
2025-10-02 17:27:39,896 - INFO - (302.059 -10.881 -2.074)
2025-10-02 17:27:39,906 - INFO - (302.083 -10.729 -0.198)
2025-10-02 17:27:39,916 - INFO - (302.108 -10.578 -0.217)
2025-10-02 17:27:39,926 - INFO - (302.132 -10.426 -2.332)
2025-10-02 17:27:39,936 - INFO - (302.156 -10.275 1.722)
2025-10-02 17:27:39,946 - INFO - (302.18 -10.123 -2.377)
2025-10-02 17:27:39,956 - INFO - (302.205 -9.972 1.885)
2025-10-02 17:27:39,966 - INFO - (302.229 -9.821 0.393)
2025-10-02 17:27:39,977 - INFO - (302.251 -9.684 -0.117)
2025-10-02 17:27:39,986 - INFO - (302.278 -9.518 -0.337)
2025-10-02 17:27:39,996 - INFO - (302.302 -9.366 -1.706)
2025-10-02 17:27:40,006 - INFO - (302.326 -9.215 -0.603)
2025-10-02 17:27:40,016 - INFO - (302.35 -9.064 2.675)
2025-10-02 17:27:40,026 - INFO - (302.375 -8.912 2.354)
2025-10-02 17:27:40,036 - INFO - (302.399 -8.76 -1.998)
2025-10-02 17:27:40,046 - INFO - (302.423 -8.609 -1.15)
2025-10-02 17:27:40,056 - INFO - (302.447 -8.458 1.31)
2025-10-02 17:27:40,066 - INFO - (302.472 -8.306 0.937)
2025-10-02 17:27:40,076 - INFO - (302.498 -8.139 0.467)
2025-10-02 17:27:40,086 - INFO - (302.523 -7.987 0.439)
2025-10-02 17:27:40,096 - INFO - (302.547 -7.836 -0.389)
2025-10-02 17:27:40,106 - INFO - (302.571 -7.684 -0.102)
2025-10-02 17:27:40,116 - INFO - (302.595 -7.532 -0.263)
2025-10-02 17:27:40,126 - INFO - (302.62 -7.381 -3.764)
2025-10-02 17:27:40,136 - INFO - (302.644 -7.23 1.793)
2025-10-02 17:27:40,146 - INFO - (302.671 -7.063 0.992)
2025-10-02 17:27:40,157 - INFO - (302.695 -6.911 1.594)
2025-10-02 17:27:40,166 - INFO - (302.719 -6.76 0.343)
2025-10-02 17:27:40,176 - INFO - (302.743 -6.608 -0.083)
2025-10-02 17:27:40,186 - INFO - (302.768 -6.456 -0.777)
2025-10-02 17:27:40,196 - INFO - (302.792 -6.305 2.058)
2025-10-02 17:27:40,207 - INFO - (302.816 -6.152 2.915)
2025-10-02 17:27:40,216 - INFO - (302.838 -6.0 0.254)
2025-10-02 17:27:40,226 - INFO - (302.861 -5.848 0.478)
2025-10-02 17:27:40,236 - INFO - (302.882 -5.695 2.579)
2025-10-02 17:27:40,246 - INFO - (302.904 -5.542 3.848)
2025-10-02 17:27:40,256 - INFO - (302.924 -5.388 1.1)
2025-10-02 17:27:40,266 - INFO - (302.944 -5.235 0.513)
2025-10-02 17:27:40,276 - INFO - (302.963 -5.081 0.193)
2025-10-02 17:27:40,286 - INFO - (302.981 -4.927 3.324)
2025-10-02 17:27:40,296 - INFO - (302.998 -4.773 -3.16)
2025-10-02 17:27:40,306 - INFO - (303.015 -4.619 -2.824)
2025-10-02 17:27:40,316 - INFO - (303.031 -4.465 -7.661)
2025-10-02 17:27:40,326 - INFO - (303.047 -4.312 1.595)
2025-10-02 17:27:40,336 - INFO - (303.061 -4.174 3.885)
2025-10-02 17:27:40,346 - INFO - (303.076 -4.02 3.536)
2025-10-02 17:27:40,356 - INFO - (303.09 -3.865 2.891)
2025-10-02 17:27:40,366 - INFO - (303.103 -3.711 2.79)
2025-10-02 17:27:40,376 - INFO - (303.115 -3.556 -2.086)
2025-10-02 17:27:40,386 - INFO - (303.126 -3.401 1.365)
2025-10-02 17:27:40,396 - INFO - (303.136 -3.246 -2.922)
2025-10-02 17:27:40,406 - INFO - (303.145 -3.091 3.162)
2025-10-02 17:27:40,416 - INFO - (303.154 -2.936 2.294)
2025-10-02 17:27:40,426 - INFO - (303.163 -2.78 2.371)
2025-10-02 17:27:40,436 - INFO - (303.171 -2.624 1.283)
2025-10-02 17:27:40,446 - INFO - (303.177 -2.468 1.698)
2025-10-02 17:27:40,456 - INFO - (303.183 -2.312 2.61)
2025-10-02 17:27:40,466 - INFO - (303.188 -2.156 3.051)
2025-10-02 17:27:40,476 - INFO - (303.192 -1.999 3.008)
2025-10-02 17:27:40,486 - INFO - (303.195 -1.842 8.265)
2025-10-02 17:27:40,496 - INFO - (303.197 -1.7 0.393)
2025-10-02 17:27:40,506 - INFO - (303.199 -1.542 0.894)
2025-10-02 17:27:40,516 - INFO - (303.201 -1.384 -2.982)
2025-10-02 17:27:40,526 - INFO - (303.202 -1.226 1.028)
2025-10-02 17:27:40,536 - INFO - (303.203 -1.068 1.466)
2025-10-02 17:27:40,546 - INFO - (303.203 -0.91 1.352)
2025-10-02 17:27:40,556 - INFO - (303.202 -0.752 2.772)
2025-10-02 17:27:40,566 - INFO - (303.202 -0.593 13.476)
2025-10-02 17:27:40,576 - INFO - (303.2 -0.433 9.252)
2025-10-02 17:27:40,586 - INFO - (303.199 -0.272 8.165)
2025-10-02 17:27:40,596 - INFO - (303.198 -0.111 -6.433)
2025-10-02 17:27:40,606 - INFO - (303.196 0.05 4.892)
2025-10-02 17:27:40,616 - INFO - (303.195 0.212 5.19)
2025-10-02 17:27:40,626 - INFO - (303.193 0.374 6.747)
2025-10-02 17:27:40,636 - INFO - (303.191 0.537 6.815)
2025-10-02 17:27:40,646 - INFO - (303.189 0.7 6.442)
2025-10-02 17:27:40,656 - INFO - (303.188 0.864 5.773)
2025-10-02 17:27:40,667 - INFO - (303.186 1.029 5.009)
2025-10-02 17:27:40,676 - INFO - (303.184 1.194 3.564)
2025-10-02 17:27:40,686 - INFO - (303.183 1.359 -0.116)
2025-10-02 17:27:40,696 - INFO - (303.181 1.524 -3.88)
2025-10-02 17:27:40,706 - INFO - (303.179 1.689 2.032)
2025-10-02 17:27:40,716 - INFO - (303.177 1.854 1.164)
2025-10-02 17:27:40,726 - INFO - (303.175 2.036 0.748)
2025-10-02 17:27:40,736 - INFO - (303.173 2.185 0.204)
2025-10-02 17:27:40,746 - INFO - (303.171 2.35 -0.645)
2025-10-02 17:27:40,756 - INFO - (303.169 2.515 -0.716)
2025-10-02 17:27:40,766 - INFO - (303.167 2.68 -0.779)
2025-10-02 17:27:40,776 - INFO - (303.165 2.845 -1.171)
2025-10-02 17:27:40,786 - INFO - (303.163 3.01 -1.257)
2025-10-02 17:27:40,796 - INFO - (303.161 3.174 -1.204)
2025-10-02 17:27:40,806 - INFO - (303.159 3.322 -1.153)
2025-10-02 17:27:40,816 - INFO - (303.157 3.487 -1.571)
2025-10-02 17:27:40,826 - INFO - (303.155 3.651 -1.447)
2025-10-02 17:27:40,836 - INFO - (303.153 3.815 -1.353)
2025-10-02 17:27:40,846 - INFO - (303.151 3.979 -1.474)
2025-10-02 17:27:40,856 - INFO - (303.149 4.143 -1.267)
2025-10-02 17:27:40,866 - INFO - (303.147 4.307 -1.262)
2025-10-02 17:27:40,876 - INFO - (303.145 4.471 -1.099)
2025-10-02 17:27:40,886 - INFO - (303.142 4.634 -1.196)
2025-10-02 17:27:40,896 - INFO - (303.14 4.798 -1.04)
2025-10-02 17:27:40,906 - INFO - (303.138 4.961 -0.919)
2025-10-02 17:27:40,916 - INFO - (303.136 5.124 -1.019)
2025-10-02 17:27:40,926 - INFO - (303.134 5.287 -1.093)
2025-10-02 17:27:40,936 - INFO - (303.131 5.45 -0.713)
2025-10-02 17:27:40,946 - INFO - (303.129 5.613 -0.584)
2025-10-02 17:27:40,956 - INFO - (303.127 5.776 -0.491)
2025-10-02 17:27:40,966 - INFO - (303.125 5.939 -0.385)
2025-10-02 17:27:40,976 - INFO - (303.123 6.102 -0.322)
2025-10-02 17:27:40,986 - INFO - (303.12 6.264 -0.32)
2025-10-02 17:27:40,996 - INFO - (303.118 6.427 -0.25)
2025-10-02 17:27:41,006 - INFO - (303.116 6.59 -0.196)
2025-10-02 17:27:41,016 - INFO - (303.114 6.752 -0.217)
2025-10-02 17:27:41,026 - INFO - (303.112 6.915 -0.183)
2025-10-02 17:27:41,036 - INFO - (303.11 7.062 -0.131)
2025-10-02 17:27:41,046 - INFO - (303.107 7.24 -0.146)
2025-10-02 17:27:41,056 - INFO - (303.105 7.403 -0.13)
2025-10-02 17:27:41,066 - INFO - (303.103 7.566 -0.102)
2025-10-02 17:27:41,076 - INFO - (303.1 7.728 -0.08)
2025-10-02 17:27:41,086 - INFO - (303.098 7.891 -0.098)
2025-10-02 17:27:41,096 - INFO - (303.096 8.054 -0.076)
2025-10-02 17:27:41,106 - INFO - (303.094 8.216 -0.06)
2025-10-02 17:27:41,116 - INFO - (303.092 8.379 -0.068)
2025-10-02 17:27:41,126 - INFO - (303.089 8.541 -0.065)
2025-10-02 17:27:41,136 - INFO - (303.087 8.704 -0.051)
2025-10-02 17:27:41,146 - INFO - (303.085 8.866 -0.047)
2025-10-02 17:27:41,156 - INFO - (303.083 9.029 -0.06)
2025-10-02 17:27:41,166 - INFO - (303.08 9.192 -0.047)
2025-10-02 17:27:41,176 - INFO - (303.078 9.354 -0.037)
2025-10-02 17:27:41,186 - INFO - (303.076 9.533 -0.047)
2025-10-02 17:27:41,196 - INFO - (303.074 9.679 -0.032)
2025-10-02 17:27:41,206 - INFO - (303.071 9.842 -0.029)
2025-10-02 17:27:41,216 - INFO - (303.069 10.004 -0.025)
2025-10-02 17:27:41,226 - INFO - (303.067 10.183 -0.025)
2025-10-02 17:27:41,236 - INFO - (303.064 10.346 -0.017)
2025-10-02 17:27:41,246 - INFO - (303.062 10.508 -0.014)
2025-10-02 17:27:41,256 - INFO - (303.06 10.671 -0.016)
2025-10-02 17:27:41,266 - INFO - (303.058 10.833 -0.012)
2025-10-02 17:27:41,276 - INFO - (303.055 10.996 -0.01)
2025-10-02 17:27:41,286 - INFO - (303.053 11.158 -0.012)
2025-10-02 17:27:41,296 - INFO - (303.051 11.304 -0.01)
2025-10-02 17:27:41,306 - INFO - (303.049 11.483 -0.01)
2025-10-02 17:27:41,316 - INFO - (303.046 11.646 2.378)
2025-10-02 17:27:41,326 - INFO - (303.044 11.809 -1.837)
2025-10-02 17:27:41,336 - INFO - (303.042 11.971 -0.286)
2025-10-02 17:27:41,346 - INFO - (303.04 12.134 1.233)
2025-10-02 17:27:41,356 - INFO - (303.038 12.296 0.784)
2025-10-02 17:27:41,366 - INFO - (303.035 12.459 0.472)
2025-10-02 17:27:41,376 - INFO - (303.033 12.606 0.222)
2025-10-02 17:27:41,386 - INFO - (303.031 12.769 0.083)
2025-10-02 17:27:41,396 - INFO - (303.029 12.948 -0.063)
2025-10-02 17:27:41,407 - INFO - (303.027 13.094 -0.164)
2025-10-02 17:27:41,416 - INFO - (303.024 13.257 -1.757)
2025-10-02 17:27:41,426 - INFO - (303.022 13.419 -0.585)
2025-10-02 17:27:41,436 - INFO - (303.02 13.582 2.037)
2025-10-02 17:27:41,446 - INFO - (303.018 13.745 0.682)
2025-10-02 17:27:41,456 - INFO - (303.016 13.908 0.176)
2025-10-02 17:27:41,466 - INFO - (303.014 14.071 -0.011)
2025-10-02 17:27:41,476 - INFO - (303.012 14.234 -0.154)
2025-10-02 17:27:41,486 - INFO - (303.011 14.396 -0.224)
2025-10-02 17:27:41,496 - INFO - (303.01 14.559 -0.185)
2025-10-02 17:27:41,506 - INFO - (303.009 14.722 -0.186)
2025-10-02 17:27:41,516 - INFO - (303.008 14.885 -0.374)
2025-10-02 17:27:41,526 - INFO - (303.007 15.064 0.228)
2025-10-02 17:27:41,536 - INFO - (303.006 15.211 0.421)
2025-10-02 17:27:41,546 - INFO - (303.005 15.373 0.392)
2025-10-02 17:27:41,556 - INFO - (303.004 15.553 0.806)
2025-10-02 17:27:41,566 - INFO - (303.003 15.699 0.909)
2025-10-02 17:27:41,576 - INFO - (303.003 15.862 0.803)
2025-10-02 17:27:41,586 - INFO - (303.002 16.026 0.63)
2025-10-02 17:27:41,596 - INFO - (303.001 16.189 1.505)
2025-10-02 17:27:41,606 - INFO - (303.001 16.352 1.165)
2025-10-02 17:27:41,616 - INFO - (303.0 16.516 0.915)
2025-10-02 17:27:41,626 - INFO - (303.0 16.679 1.175)
2025-10-02 17:27:41,636 - INFO - (303.0 16.843 3.601)
2025-10-02 17:27:41,646 - INFO - (302.999 17.007 -1.246)
2025-10-02 17:27:41,656 - INFO - (302.999 17.171 -0.861)
2025-10-02 17:27:41,666 - INFO - (302.999 17.318 2.394)
2025-10-02 17:27:41,676 - INFO - (302.998 17.482 2.097)
2025-10-02 17:27:41,686 - INFO - (302.998 17.647 1.48)
2025-10-02 17:27:41,696 - INFO - (302.998 17.828 1.892)
2025-10-02 17:27:41,707 - INFO - (302.998 17.976 1.292)
2025-10-02 17:27:41,716 - INFO - (302.998 18.141 1.012)
2025-10-02 17:27:41,726 - INFO - (302.997 18.322 0.967)
2025-10-02 17:27:41,736 - INFO - (302.997 18.487 0.868)
2025-10-02 17:27:41,746 - INFO - (302.997 18.652 -2.155)
2025-10-02 17:27:41,756 - INFO - (302.997 18.817 2.361)
2025-10-02 17:27:41,766 - INFO - (302.997 18.982 2.221)
2025-10-02 17:27:41,776 - INFO - (302.997 19.147 1.023)
2025-10-02 17:27:41,786 - INFO - (302.997 19.313 0.915)
2025-10-02 17:27:41,796 - INFO - (302.997 19.478 1.241)
2025-10-02 17:27:41,806 - INFO - (302.997 19.644 1.194)
2025-10-02 17:27:41,816 - INFO - (302.997 19.81 0.79)
2025-10-02 17:27:41,826 - INFO - (302.997 19.975 0.74)
2025-10-02 17:27:41,836 - INFO - (302.997 20.125 0.741)
2025-10-02 17:27:41,846 - INFO - (302.997 20.307 0.426)
2025-10-02 17:27:41,857 - INFO - (302.997 20.473 0.489)
2025-10-02 17:27:41,867 - INFO - (302.997 20.639 0.803)
2025-10-02 17:27:41,877 - INFO - (302.997 20.789 0.622)
2025-10-02 17:27:41,887 - INFO - (302.997 20.972 0.646)
2025-10-02 17:27:41,897 - INFO - (302.997 21.138 0.601)
2025-10-02 17:27:41,906 - INFO - (302.997 21.304 0.676)
2025-10-02 17:27:41,916 - INFO - (302.997 21.471 0.529)
2025-10-02 17:27:41,926 - INFO - (302.997 21.637 0.415)
2025-10-02 17:27:41,936 - INFO - (302.997 21.803 0.945)
2025-10-02 17:27:41,946 - INFO - (302.997 21.953 0.666)
2025-10-02 17:27:41,956 - INFO - (302.997 22.12 0.589)
2025-10-02 17:27:41,966 - INFO - (302.997 22.287 0.114)
2025-10-02 17:27:41,976 - INFO - (302.997 22.453 -0.2)
2025-10-02 17:27:41,986 - INFO - (302.997 22.62 -0.158)
2025-10-02 17:27:41,996 - INFO - (302.998 22.787 -0.174)
2025-10-02 17:27:42,006 - INFO - (302.998 22.953 -0.514)
2025-10-02 17:27:42,017 - INFO - (302.998 23.12 -0.399)
2025-10-02 17:27:42,026 - INFO - (302.998 23.286 -0.313)
2025-10-02 17:27:42,036 - INFO - (302.998 23.453 -0.421)
2025-10-02 17:27:42,046 - INFO - (302.998 23.619 -0.391)
2025-10-02 17:27:42,056 - INFO - (302.998 23.786 -0.307)
2025-10-02 17:27:42,066 - INFO - (302.998 23.935 -0.306)
2025-10-02 17:27:42,076 - INFO - (302.999 24.102 -0.335)
2025-10-02 17:27:42,086 - INFO - (302.999 24.285 -0.32)
2025-10-02 17:27:42,096 - INFO - (302.999 24.451 -0.225)
2025-10-02 17:27:42,106 - INFO - (302.999 24.617 -0.383)
2025-10-02 17:27:42,116 - INFO - (302.999 24.783 -0.316)
2025-10-02 17:27:42,126 - INFO - (302.999 24.949 -0.249)
2025-10-02 17:27:42,137 - INFO - (302.999 25.116 -0.124)
2025-10-02 17:27:42,147 - INFO - (302.999 25.282 -0.038)
2025-10-02 17:27:42,157 - INFO - (302.999 25.448 -0.029)
2025-10-02 17:27:42,167 - INFO - (302.999 25.614 0.002)
2025-10-02 17:27:42,176 - INFO - (302.999 25.78 0.189)
2025-10-02 17:27:42,186 - INFO - (302.999 25.946 0.146)
2025-10-02 17:27:42,196 - INFO - (302.999 26.113 0.115)
2025-10-02 17:27:42,207 - INFO - (302.999 26.279 0.32)
2025-10-02 17:27:42,217 - INFO - (302.999 26.445 0.331)
2025-10-02 17:27:42,227 - INFO - (302.999 26.595 0.237)
2025-10-02 17:27:42,237 - INFO - (302.999 26.761 0.256)
2025-10-02 17:27:42,247 - INFO - (302.999 26.861 0.225)
2025-10-02 17:27:42,256 - INFO - (302.999 27.01 0.28)
2025-10-02 17:27:42,268 - INFO - (302.999 27.127 0.179)
2025-10-02 17:27:42,276 - INFO - (302.999 27.327 0.289)
2025-10-02 17:27:42,287 - INFO - (302.999 27.46 0.277)
2025-10-02 17:27:42,296 - INFO - (302.999 27.643 0.301)
2025-10-02 17:27:42,306 - INFO - (302.999 27.826 0.231)
2025-10-02 17:27:42,316 - INFO - (302.999 27.992 0.302)
2025-10-02 17:27:42,326 - INFO - (302.999 28.176 0.287)
2025-10-02 17:27:42,337 - INFO - (302.999 28.342 0.202)
2025-10-02 17:27:42,346 - INFO - (302.999 28.525 0.27)
2025-10-02 17:27:42,356 - INFO - (302.999 28.692 0.251)
2025-10-02 17:27:42,366 - INFO - (302.999 28.859 0.197)
2025-10-02 17:27:42,376 - INFO - (302.999 29.025 0.167)
2025-10-02 17:27:42,387 - INFO - (302.999 29.192 0.171)
2025-10-02 17:27:42,396 - INFO - (302.999 29.375 0.145)
2025-10-02 17:27:42,407 - INFO - (302.999 29.542 0.102)
2025-10-02 17:27:42,417 - INFO - (302.999 29.709 0.046)
2025-10-02 17:27:42,427 - INFO - (302.999 29.892 0.036)
2025-10-02 17:27:42,436 - INFO - (302.999 30.059 0.025)
2025-10-02 17:27:42,447 - INFO - (302.999 30.225 -0.023)
2025-10-02 17:27:42,456 - INFO - (303.0 30.392 -0.046)
2025-10-02 17:27:42,467 - INFO - (303.0 30.575 -0.032)
2025-10-02 17:27:42,477 - INFO - (303.0 30.742 -0.046)
2025-10-02 17:27:42,487 - INFO - (303.0 30.909 -0.078)
2025-10-02 17:27:42,497 - INFO - (303.0 31.076 -0.061)
2025-10-02 17:27:42,506 - INFO - (303.0 31.242 -0.048)
2025-10-02 17:27:42,516 - INFO - (303.0 31.426 -0.082)
2025-10-02 17:27:42,527 - INFO - (303.0 31.592 -0.06)
2025-10-02 17:27:42,537 - INFO - (303.0 31.759 -0.047)
2025-10-02 17:27:42,547 - INFO - (303.0 31.926 -0.048)
2025-10-02 17:27:42,557 - INFO - (303.0 32.092 -0.044)
2025-10-02 17:27:42,566 - INFO - (303.0 32.259 -0.034)
2025-10-02 17:27:42,576 - INFO - (303.0 32.425 -0.024)
2025-10-02 17:27:42,587 - INFO - (303.0 32.592 -0.01)
2025-10-02 17:27:42,596 - INFO - (303.0 32.759 -0.008)
2025-10-02 17:27:42,606 - INFO - (303.0 32.925 -0.006)
2025-10-02 17:27:42,617 - INFO - (303.0 33.092 0.029)
2025-10-02 17:27:42,626 - INFO - (303.0 33.259 0.029)
2025-10-02 17:27:42,636 - INFO - (303.0 33.409 0.021)
2025-10-02 17:27:42,646 - INFO - (303.0 33.592 0.039)
2025-10-02 17:27:42,656 - INFO - (303.0 33.759 0.052)
2025-10-02 17:27:42,666 - INFO - (303.0 33.909 0.037)
2025-10-02 17:27:42,676 - INFO - (303.0 34.092 0.036)
2025-10-02 17:27:42,686 - INFO - (303.0 34.258 -8.855)
2025-10-02 17:27:42,696 - INFO - (303.0 34.423 -8.834)
2025-10-02 17:27:42,706 - INFO - (303.0 34.588 -8.822)
2025-10-02 17:27:42,716 - INFO - (303.0 34.751 -8.823)
2025-10-02 17:27:42,726 - INFO - (303.0 34.914 -8.824)
2025-10-02 17:27:42,736 - INFO - (303.0 35.075 -8.824)
2025-10-02 17:27:42,746 - INFO - (303.0 35.236 -8.824)
2025-10-02 17:27:42,756 - INFO - (303.0 35.396 -8.824)
2025-10-02 17:27:42,766 - INFO - (303.0 35.555 -8.824)
2025-10-02 17:27:42,776 - INFO - (303.0 35.713 -8.791)
2025-10-02 17:27:42,786 - INFO - (303.0 35.871 -8.618)
2025-10-02 17:27:42,796 - INFO - (303.0 36.027 -8.548)
2025-10-02 17:27:42,806 - INFO - (303.0 36.198 -9.102)
2025-10-02 17:27:42,816 - INFO - (303.0 36.338 -6.466)
2025-10-02 17:27:42,826 - INFO - (303.0 36.492 -5.71)
2025-10-02 17:27:42,836 - INFO - (303.0 36.646 -4.474)
2025-10-02 17:27:42,846 - INFO - (303.0 36.799 -3.505)
2025-10-02 17:27:42,856 - INFO - (303.0 36.952 -2.746)
2025-10-02 17:27:42,866 - INFO - (303.0 37.105 -2.151)
2025-10-02 17:27:42,876 - INFO - (303.0 37.258 -1.684)
2025-10-02 17:27:42,886 - INFO - (303.0 37.41 -1.32)
2025-10-02 17:27:42,896 - INFO - (303.0 37.562 -1.034)
2025-10-02 17:27:42,906 - INFO - (303.0 37.715 -0.81)
2025-10-02 17:27:42,916 - INFO - (303.0 37.867 -0.634)
2025-10-02 17:27:42,926 - INFO - (303.0 38.019 -0.497)
2025-10-02 17:27:42,936 - INFO - (303.0 38.171 -0.389)
2025-10-02 17:27:42,946 - INFO - (303.0 38.323 -0.305)
2025-10-02 17:27:42,956 - INFO - (303.0 38.475 -0.239)
2025-10-02 17:27:42,967 - INFO - (303.0 38.627 -0.187)
2025-10-02 17:27:42,977 - INFO - (303.0 38.779 -0.147)
2025-10-02 17:27:42,987 - INFO - (303.0 38.931 -0.115)
2025-10-02 17:27:42,997 - INFO - (303.0 39.083 -0.09)
2025-10-02 17:27:43,006 - INFO - (303.0 39.235 -0.07)
2025-10-02 17:27:43,016 - INFO - (303.0 39.387 -0.055)
2025-10-02 17:27:43,026 - INFO - (303.0 39.539 -0.043)
2025-10-02 17:27:43,036 - INFO - (303.0 39.676 -0.113)
2025-10-02 17:27:43,046 - INFO - (303.0 39.828 0.055)
2025-10-02 17:27:43,056 - INFO - (303.0 39.979 -0.021)
2025-10-02 17:27:43,066 - INFO - (303.0 40.131 -0.017)
2025-10-02 17:27:43,076 - INFO - (303.0 40.283 -0.013)
2025-10-02 17:27:43,086 - INFO - (303.0 40.435 -0.01)
2025-10-02 17:27:43,096 - INFO - (303.0 40.587 -0.008)
2025-10-02 17:27:43,107 - INFO - (303.0 40.724 -0.006)
2025-10-02 17:27:43,117 - INFO - (303.0 40.876 -0.005)
2025-10-02 17:27:43,127 - INFO - (303.0 41.028 -0.004)
2025-10-02 17:27:43,137 - INFO - (303.0 41.18 -0.003)
2025-10-02 17:27:43,147 - INFO - (303.0 41.332 -0.002)
2025-10-02 17:27:43,156 - INFO - (303.0 41.484 -0.002)
2025-10-02 17:27:43,166 - INFO - (303.0 41.636 -0.001)
2025-10-02 17:27:43,176 - INFO - (303.0 41.787 -0.001)
2025-10-02 17:27:43,187 - INFO - (303.0 41.939 -0.001)
2025-10-02 17:27:43,196 - INFO - (303.0 42.091 -0.001)
2025-10-02 17:27:43,206 - INFO - (303.0 42.243 -0.0)
2025-10-02 17:27:43,216 - INFO - (303.0 42.395 -0.0)
2025-10-02 17:27:43,226 - INFO - (303.0 42.547 -0.0)
2025-10-02 17:27:43,236 - INFO - (303.0 42.699 -0.0)
2025-10-02 17:27:43,247 - INFO - (303.0 42.851 -0.0)
2025-10-02 17:27:43,256 - INFO - (303.0 43.003 -0.0)
2025-10-02 17:27:43,266 - INFO - (303.0 43.155 -0.0)
2025-10-02 17:27:43,277 - INFO - (303.0 43.307 -0.0)
2025-10-02 17:27:43,286 - INFO - (303.0 43.459 -0.0)
2025-10-02 17:27:43,296 - INFO - (303.0 43.611 0.0)
2025-10-02 17:27:43,306 - INFO - (303.0 43.762 0.0)
2025-10-02 17:27:43,316 - INFO - (303.0 43.914 0.0)
2025-10-02 17:27:43,326 - INFO - (303.0 44.066 0.0)
2025-10-02 17:27:43,336 - INFO - (303.0 44.218 0.0)
2025-10-02 17:27:43,346 - INFO - (303.0 44.37 0.0)
2025-10-02 17:27:43,356 - INFO - (303.0 44.522 0.0)
2025-10-02 17:27:43,366 - INFO - (303.0 44.674 0.0)
2025-10-02 17:27:43,376 - INFO - (303.0 44.826 0.0)
2025-10-02 17:27:43,386 - INFO - (303.0 44.978 0.0)
2025-10-02 17:27:43,396 - INFO - (303.0 45.13 0.0)
2025-10-02 17:27:43,406 - INFO - (303.0 45.282 0.0)
2025-10-02 17:27:43,416 - INFO - (303.0 45.434 0.0)
2025-10-02 17:27:43,426 - INFO - (303.0 45.586 0.0)
2025-10-02 17:27:43,436 - INFO - (303.0 45.738 0.0)
2025-10-02 17:27:43,446 - INFO - (303.0 45.889 0.0)
2025-10-02 17:27:43,456 - INFO - (303.0 46.041 0.0)
2025-10-02 17:27:43,466 - INFO - (303.0 46.193 0.0)
2025-10-02 17:27:43,476 - INFO - (303.0 46.345 0.0)
2025-10-02 17:27:43,486 - INFO - (303.0 46.497 0.0)
2025-10-02 17:27:43,496 - INFO - (303.0 46.649 0.0)
2025-10-02 17:27:43,506 - INFO - (303.0 46.801 0.0)
2025-10-02 17:27:43,516 - INFO - (303.0 46.953 0.0)
2025-10-02 17:27:43,526 - INFO - (303.0 47.105 0.0)
2025-10-02 17:27:43,536 - INFO - (303.0 47.257 0.0)
2025-10-02 17:27:43,546 - INFO - (303.0 47.409 0.0)
2025-10-02 17:27:43,557 - INFO - (303.0 47.561 0.0)
2025-10-02 17:27:43,567 - INFO - (303.0 47.713 0.0)
2025-10-02 17:27:43,577 - INFO - (303.0 47.849 0.0)
2025-10-02 17:27:43,587 - INFO - (303.0 48.001 0.0)
2025-10-02 17:27:43,596 - INFO - (303.0 48.154 14.786)
2025-10-02 17:27:43,606 - INFO - (303.0 48.307 -3.722)
2025-10-02 17:27:43,616 - INFO - (303.0 48.46 -3.542)
2025-10-02 17:27:43,626 - INFO - (303.0 48.613 -3.091)
2025-10-02 17:27:43,636 - INFO - (303.0 48.765 -4.891)
2025-10-02 17:27:43,646 - INFO - (303.0 48.916 -6.836)
2025-10-02 17:27:43,656 - INFO - (303.0 49.067 -6.829)
2025-10-02 17:27:43,666 - INFO - (303.0 49.217 -6.757)
2025-10-02 17:27:43,676 - INFO - (303.0 49.367 -6.298)
2025-10-02 17:27:43,686 - INFO - (303.0 49.515 -5.874)
2025-10-02 17:27:43,696 - INFO - (303.0 49.664 -5.481)
2025-10-02 17:27:43,706 - INFO - (303.0 49.811 -32.223)
2025-10-02 17:27:43,716 - INFO - (302.999 49.955 -9.495)
2025-10-02 17:27:43,726 - INFO - (302.999 50.099 -0.002)
2025-10-02 17:27:43,736 - INFO - (302.999 50.243 -0.001)
2025-10-02 17:27:43,746 - INFO - (302.999 50.387 0.001)
2025-10-02 17:27:43,756 - INFO - (302.999 50.545 0.003)
2025-10-02 17:27:43,766 - INFO - (302.999 50.689 0.005)
2025-10-02 17:27:43,776 - INFO - (302.998 50.833 2.814)
2025-10-02 17:27:43,786 - INFO - (302.996 50.978 16.501)
2025-10-02 17:27:43,796 - INFO - (302.992 51.124 5.067)
2025-10-02 17:27:43,806 - INFO - (302.987 51.271 1.449)
2025-10-02 17:27:43,816 - INFO - (302.983 51.417 -0.012)
2025-10-02 17:27:43,826 - INFO - (302.978 51.564 -0.021)
2025-10-02 17:27:43,836 - INFO - (302.974 51.71 1.875)
2025-10-02 17:27:43,846 - INFO - (302.969 51.857 1.143)
2025-10-02 17:27:43,856 - INFO - (302.964 51.989 1.268)
2025-10-02 17:27:43,866 - INFO - (302.958 52.136 -0.033)
2025-10-02 17:27:43,876 - INFO - (302.951 52.283 -0.021)
2025-10-02 17:27:43,887 - INFO - (302.944 52.429 -0.275)
2025-10-02 17:27:43,896 - INFO - (302.937 52.576 -0.629)
2025-10-02 17:27:43,906 - INFO - (302.93 52.723 2.89)
2025-10-02 17:27:43,916 - INFO - (302.922 52.87 0.075)
2025-10-02 17:27:43,926 - INFO - (302.914 53.017 -0.673)
2025-10-02 17:27:43,936 - INFO - (302.906 53.163 -0.854)
2025-10-02 17:27:43,947 - INFO - (302.898 53.31 0.814)
2025-10-02 17:27:43,956 - INFO - (302.888 53.457 2.681)
2025-10-02 17:27:43,966 - INFO - (302.873 53.602 -27.329)
2025-10-02 17:27:43,976 - INFO - (302.856 53.745 -9.787)
2025-10-02 17:27:43,986 - INFO - (302.838 53.887 2.275)
2025-10-02 17:27:43,996 - INFO - (302.82 54.03 4.028)
2025-10-02 17:27:44,006 - INFO - (302.802 54.173 4.6)
2025-10-02 17:27:44,016 - INFO - (302.785 54.303 0.706)
2025-10-02 17:27:44,026 - INFO - (302.764 54.461 6.116)
2025-10-02 17:27:44,036 - INFO - (302.745 54.59 0.976)
2025-10-02 17:27:44,046 - INFO - (302.72 54.749 4.183)
2025-10-02 17:27:44,056 - INFO - (302.697 54.893 3.789)
2025-10-02 17:27:44,066 - INFO - (302.673 55.038 3.711)
2025-10-02 17:27:44,076 - INFO - (302.648 55.182 -1.895)
2025-10-02 17:27:44,086 - INFO - (302.622 55.326 3.357)
2025-10-02 17:27:44,096 - INFO - (302.596 55.471 5.17)
2025-10-02 17:27:44,106 - INFO - (302.569 55.616 5.542)
2025-10-02 17:27:44,116 - INFO - (302.542 55.762 0.478)
2025-10-02 17:27:44,126 - INFO - (302.514 55.907 -0.358)
2025-10-02 17:27:44,136 - INFO - (302.485 56.052 5.04)
2025-10-02 17:27:44,146 - INFO - (302.456 56.198 4.308)
2025-10-02 17:27:44,156 - INFO - (302.425 56.344 4.205)
2025-10-02 17:27:44,166 - INFO - (302.394 56.49 4.207)
2025-10-02 17:27:44,176 - INFO - (302.363 56.636 1.871)
2025-10-02 17:27:44,186 - INFO - (302.331 56.783 0.954)
2025-10-02 17:27:44,197 - INFO - (302.3 56.929 1.872)
2025-10-02 17:27:44,207 - INFO - (302.268 57.076 3.178)
2025-10-02 17:27:44,217 - INFO - (302.237 57.224 2.699)
2025-10-02 17:27:44,227 - INFO - (302.208 57.356 -2.131)
2025-10-02 17:27:44,237 - INFO - (302.177 57.503 2.14)
2025-10-02 17:27:44,247 - INFO - (302.145 57.651 2.969)
2025-10-02 17:27:44,257 - INFO - (302.113 57.799 2.073)
2025-10-02 17:27:44,267 - INFO - (302.081 57.947 2.607)
2025-10-02 17:27:44,276 - INFO - (302.05 58.095 -0.539)
2025-10-02 17:27:44,286 - INFO - (302.018 58.243 -0.007)
2025-10-02 17:27:44,297 - INFO - (301.983 58.406 -0.505)
2025-10-02 17:27:44,306 - INFO - (301.951 58.554 2.322)
2025-10-02 17:27:44,317 - INFO - (301.92 58.702 1.699)
2025-10-02 17:27:44,326 - INFO - (301.888 58.85 -5.776)
2025-10-02 17:27:44,336 - INFO - (301.856 58.998 3.207)
2025-10-02 17:27:44,346 - INFO - (301.824 59.147 3.148)
2025-10-02 17:27:44,357 - INFO - (301.793 59.295 2.647)
2025-10-02 17:27:44,367 - INFO - (301.761 59.444 0.18)
2025-10-02 17:27:44,377 - INFO - (301.729 59.593 -1.093)
2025-10-02 17:27:44,387 - INFO - (301.697 59.741 -0.237)
2025-10-02 17:27:44,397 - INFO - (301.669 59.875 -1.188)
2025-10-02 17:27:44,406 - INFO - (301.64 60.009 3.241)
2025-10-02 17:27:44,416 - INFO - (301.608 60.158 -0.133)
2025-10-02 17:27:44,426 - INFO - (301.577 60.306 -3.488)
2025-10-02 17:27:44,436 - INFO - (301.545 60.455 2.735)
2025-10-02 17:27:44,446 - INFO - (301.513 60.604 0.965)
2025-10-02 17:27:44,456 - INFO - (301.481 60.753 0.094)
2025-10-02 17:27:44,467 - INFO - (301.449 60.901 0.04)
2025-10-02 17:27:44,479 - INFO - (301.418 61.05 0.206)
2025-10-02 17:27:44,487 - INFO - (301.386 61.199 -2.314)
2025-10-02 17:27:44,497 - INFO - (301.354 61.348 0.861)
2025-10-02 17:27:44,506 - INFO - (301.322 61.496 2.215)
2025-10-02 17:27:44,517 - INFO - (301.29 61.645 -0.726)
2025-10-02 17:27:44,526 - INFO - (301.258 61.794 -8.211)
2025-10-02 17:27:44,536 - INFO - (301.226 61.942 -3.066)
2025-10-02 17:27:44,546 - INFO - (301.193 62.089 -6.498)
2025-10-02 17:27:44,556 - INFO - (301.16 62.235 -6.607)
2025-10-02 17:27:44,566 - INFO - (301.126 62.38 -4.859)
2025-10-02 17:27:44,577 - INFO - (301.091 62.525 -4.118)
2025-10-02 17:27:44,587 - INFO - (301.056 62.67 -5.145)
2025-10-02 17:27:44,597 - INFO - (301.021 62.814 -1.139)
2025-10-02 17:27:44,607 - INFO - (300.988 62.943 -5.967)
2025-10-02 17:27:44,617 - INFO - (300.951 63.086 -3.181)
2025-10-02 17:27:44,626 - INFO - (300.914 63.228 -9.443)
2025-10-02 17:27:44,636 - INFO - (300.877 63.369 -2.303)
2025-10-02 17:27:44,646 - INFO - (300.839 63.51 -0.939)
2025-10-02 17:27:44,656 - INFO - (300.8 63.651 -2.053)
2025-10-02 17:27:44,666 - INFO - (300.756 63.805 -3.892)
2025-10-02 17:27:44,676 - INFO - (300.719 63.931 2.299)
2025-10-02 17:27:44,686 - INFO - (300.678 64.071 -5.302)
2025-10-02 17:27:44,696 - INFO - (300.636 64.21 -2.218)
2025-10-02 17:27:44,706 - INFO - (300.593 64.348 -0.869)
2025-10-02 17:27:44,716 - INFO - (300.554 64.472 0.032)
2025-10-02 17:27:44,726 - INFO - (300.504 64.624 -2.225)
2025-10-02 17:27:44,736 - INFO - (300.459 64.761 -5.17)
2025-10-02 17:27:44,746 - INFO - (300.413 64.897 0.83)
2025-10-02 17:27:44,756 - INFO - (300.367 65.034 -0.061)
2025-10-02 17:27:44,766 - INFO - (300.319 65.17 -0.982)
2025-10-02 17:27:44,777 - INFO - (300.271 65.306 2.88)
2025-10-02 17:27:44,786 - INFO - (300.232 65.415 -1.415)
2025-10-02 17:27:44,796 - INFO - (300.213 65.469 -2.805)
2025-10-02 17:27:44,806 - INFO - (300.163 65.604 0.939)
2025-10-02 17:27:44,816 - INFO - (300.107 65.753 0.932)
2025-10-02 17:27:44,826 - INFO - (300.051 65.901 1.999)
2025-10-02 17:27:44,837 - INFO - (299.993 66.049 -0.353)
2025-10-02 17:27:44,847 - INFO - (299.94 66.183 -2.319)
2025-10-02 17:27:44,857 - INFO - (299.881 66.33 3.505)
2025-10-02 17:27:44,866 - INFO - (299.826 66.464 1.767)
2025-10-02 17:27:44,876 - INFO - (299.771 66.597 1.14)
2025-10-02 17:27:44,886 - INFO - (299.709 66.745 1.99)
2025-10-02 17:27:44,896 - INFO - (299.647 66.891 -1.212)
2025-10-02 17:27:44,906 - INFO - (299.59 67.024 4.922)
2025-10-02 17:27:44,916 - INFO - (299.532 67.158 1.197)
2025-10-02 17:27:44,926 - INFO - (299.468 67.305 4.201)
2025-10-02 17:27:44,936 - INFO - (299.409 67.438 0.414)
2025-10-02 17:27:44,946 - INFO - (299.35 67.571 -0.577)
2025-10-02 17:27:44,956 - INFO - (299.29 67.705 4.543)
2025-10-02 17:27:44,966 - INFO - (299.23 67.838 3.072)
2025-10-02 17:27:44,977 - INFO - (299.17 67.972 2.686)
2025-10-02 17:27:44,987 - INFO - (299.103 68.119 2.792)
2025-10-02 17:27:44,997 - INFO - (299.048 68.24 -0.632)
2025-10-02 17:27:45,007 - INFO - (298.987 68.374 2.973)
2025-10-02 17:27:45,017 - INFO - (298.926 68.508 0.321)
2025-10-02 17:27:45,026 - INFO - (298.865 68.642 4.924)
2025-10-02 17:27:45,036 - INFO - (298.804 68.777 0.217)
2025-10-02 17:27:45,046 - INFO - (298.742 68.912 -0.453)
2025-10-02 17:27:45,056 - INFO - (298.681 69.046 3.337)
2025-10-02 17:27:45,066 - INFO - (298.619 69.181 1.526)
2025-10-02 17:27:45,076 - INFO - (298.557 69.316 1.352)
2025-10-02 17:27:45,086 - INFO - (298.495 69.451 1.524)
2025-10-02 17:27:45,096 - INFO - (298.427 69.6 0.462)
2025-10-02 17:27:45,106 - INFO - (298.365 69.735 -0.274)
2025-10-02 17:27:45,117 - INFO - (298.303 69.87 0.5)
2025-10-02 17:27:45,127 - INFO - (298.241 70.005 2.4)
2025-10-02 17:27:45,137 - INFO - (298.179 70.14 -0.74)
2025-10-02 17:27:45,146 - INFO - (298.123 70.262 -5.465)
2025-10-02 17:27:45,156 - INFO - (298.061 70.397 3.463)
2025-10-02 17:27:45,166 - INFO - (297.992 70.546 2.351)
2025-10-02 17:27:45,176 - INFO - (297.93 70.681 0.712)
2025-10-02 17:27:45,186 - INFO - (297.867 70.816 2.33)
2025-10-02 17:27:45,196 - INFO - (297.805 70.952 -1.309)
2025-10-02 17:27:45,206 - INFO - (297.742 71.087 -0.128)
2025-10-02 17:27:45,216 - INFO - (297.68 71.222 0.02)
2025-10-02 17:27:45,226 - INFO - (297.617 71.358 2.647)
2025-10-02 17:27:45,237 - INFO - (297.555 71.493 -0.271)
2025-10-02 17:27:45,247 - INFO - (297.492 71.629 -5.798)
2025-10-02 17:27:45,257 - INFO - (297.43 71.764 1.487)
2025-10-02 17:27:45,267 - INFO - (297.367 71.899 3.607)
2025-10-02 17:27:45,277 - INFO - (297.304 72.035 -0.057)
2025-10-02 17:27:45,286 - INFO - (297.242 72.17 0.435)
2025-10-02 17:27:45,296 - INFO - (297.185 72.292 0.5)
2025-10-02 17:27:45,306 - INFO - (297.116 72.441 -0.833)
2025-10-02 17:27:45,316 - INFO - (297.053 72.576 0.264)
2025-10-02 17:27:45,326 - INFO - (296.991 72.712 0.346)
2025-10-02 17:27:45,336 - INFO - (296.928 72.847 0.923)
2025-10-02 17:27:45,346 - INFO - (296.865 72.983 -2.259)
2025-10-02 17:27:45,356 - INFO - (296.802 73.118 -0.893)
2025-10-02 17:27:45,366 - INFO - (296.74 73.253 1.88)
2025-10-02 17:27:45,376 - INFO - (296.677 73.389 0.022)
2025-10-02 17:27:45,386 - INFO - (296.614 73.524 -0.036)
2025-10-02 17:27:45,396 - INFO - (296.551 73.66 2.683)
2025-10-02 17:27:45,406 - INFO - (296.488 73.795 -3.716)
2025-10-02 17:27:45,416 - INFO - (296.425 73.931 0.056)
2025-10-02 17:27:45,426 - INFO - (296.363 74.066 1.351)
2025-10-02 17:27:45,436 - INFO - (296.3 74.202 0.406)
2025-10-02 17:27:45,447 - INFO - (296.237 74.337 -1.469)
2025-10-02 17:27:45,457 - INFO - (296.174 74.472 1.382)
2025-10-02 17:27:45,467 - INFO - (296.111 74.608 0.211)
2025-10-02 17:27:45,477 - INFO - (296.048 74.743 -0.158)
2025-10-02 17:27:45,486 - INFO - (295.985 74.879 -0.313)
2025-10-02 17:27:45,497 - INFO - (295.922 75.014 3.946)
2025-10-02 17:27:45,506 - INFO - (295.859 75.15 -2.639)
2025-10-02 17:27:45,516 - INFO - (295.797 75.285 -6.664)
2025-10-02 17:27:45,526 - INFO - (295.734 75.42 0.001)
2025-10-02 17:27:45,536 - INFO - (295.671 75.555 2.408)
2025-10-02 17:27:45,546 - INFO - (295.608 75.69 1.793)
2025-10-02 17:27:45,556 - INFO - (295.544 75.825 -7.517)
2025-10-02 17:27:45,567 - INFO - (295.48 75.958 -2.672)
2025-10-02 17:27:45,577 - INFO - (295.415 76.091 -2.555)
2025-10-02 17:27:45,587 - INFO - (295.349 76.224 -2.67)
2025-10-02 17:27:45,597 - INFO - (295.283 76.356 0.218)
2025-10-02 17:27:45,607 - INFO - (295.223 76.474 -4.725)
2025-10-02 17:27:45,617 - INFO - (295.156 76.605 -6.531)
2025-10-02 17:27:45,626 - INFO - (295.089 76.735 0.329)
2025-10-02 17:27:45,636 - INFO - (295.021 76.865 0.302)
2025-10-02 17:27:45,646 - INFO - (294.952 76.994 -1.699)
2025-10-02 17:27:45,656 - INFO - (294.882 77.123 -0.799)
2025-10-02 17:27:45,666 - INFO - (294.811 77.251 -2.601)
2025-10-02 17:27:45,676 - INFO - (294.74 77.379 -0.208)
2025-10-02 17:27:45,686 - INFO - (294.668 77.505 -1.333)
2025-10-02 17:27:45,696 - INFO - (294.595 77.632 -1.145)
2025-10-02 17:27:45,706 - INFO - (294.521 77.757 0.486)
2025-10-02 17:27:45,716 - INFO - (294.446 77.882 -6.244)
2025-10-02 17:27:45,726 - INFO - (294.372 78.007 0.335)
2025-10-02 17:27:45,736 - INFO - (294.296 78.131 0.427)
2025-10-02 17:27:45,746 - INFO - (294.219 78.255 -0.306)
2025-10-02 17:27:45,756 - INFO - (294.149 78.365 1.005)
2025-10-02 17:27:45,766 - INFO - (294.063 78.5 -4.503)
2025-10-02 17:27:45,776 - INFO - (293.985 78.622 -0.08)
2025-10-02 17:27:45,786 - INFO - (293.905 78.743 1.099)
2025-10-02 17:27:45,796 - INFO - (293.825 78.863 -0.514)
2025-10-02 17:27:45,806 - INFO - (293.743 78.984 3.483)
2025-10-02 17:27:45,816 - INFO - (293.661 79.104 -3.245)
2025-10-02 17:27:45,826 - INFO - (293.579 79.223 -2.1)
2025-10-02 17:27:45,836 - INFO - (293.495 79.341 -0.236)
2025-10-02 17:27:45,846 - INFO - (293.41 79.458 -0.176)
2025-10-02 17:27:45,856 - INFO - (293.325 79.575 0.33)
2025-10-02 17:27:45,866 - INFO - (293.238 79.691 1.122)
2025-10-02 17:27:45,876 - INFO - (293.151 79.807 -5.331)
2025-10-02 17:27:45,886 - INFO - (293.064 79.922 3.137)
2025-10-02 17:27:45,896 - INFO - (292.975 80.036 1.739)
2025-10-02 17:27:45,906 - INFO - (292.885 80.15 2.453)
2025-10-02 17:27:45,916 - INFO - (292.796 80.265 0.758)
2025-10-02 17:27:45,926 - INFO - (292.705 80.378 -2.691)
2025-10-02 17:27:45,936 - INFO - (292.613 80.49 1.731)
2025-10-02 17:27:45,946 - INFO - (292.521 80.602 1.047)
2025-10-02 17:27:45,956 - INFO - (292.427 80.713 1.075)
2025-10-02 17:27:45,966 - INFO - (292.333 80.824 2.647)
2025-10-02 17:27:45,976 - INFO - (292.238 80.934 -6.0)
2025-10-02 17:27:45,986 - INFO - (292.152 81.032 2.474)
2025-10-02 17:27:45,996 - INFO - (292.046 81.152 6.444)
2025-10-02 17:27:46,007 - INFO - (291.948 81.261 3.678)
2025-10-02 17:27:46,016 - INFO - (291.85 81.37 0.904)
2025-10-02 17:27:46,026 - INFO - (291.752 81.478 -0.634)
2025-10-02 17:27:46,036 - INFO - (291.652 81.585 3.566)
2025-10-02 17:27:46,047 - INFO - (291.551 81.692 2.241)
2025-10-02 17:27:46,057 - INFO - (291.449 81.798 0.74)
2025-10-02 17:27:46,067 - INFO - (291.346 81.903 3.498)
2025-10-02 17:27:46,077 - INFO - (291.243 82.007 -1.591)
2025-10-02 17:27:46,087 - INFO - (291.139 82.111 -3.89)
2025-10-02 17:27:46,096 - INFO - (291.035 82.215 2.857)
2025-10-02 17:27:46,106 - INFO - (290.929 82.317 1.048)
2025-10-02 17:27:46,117 - INFO - (290.823 82.419 3.184)
2025-10-02 17:27:46,126 - INFO - (290.716 82.52 -1.412)
2025-10-02 17:27:46,136 - INFO - (290.608 82.62 -0.73)
2025-10-02 17:27:46,146 - INFO - (290.499 82.72 1.897)
2025-10-02 17:27:46,156 - INFO - (290.401 82.809 1.293)
2025-10-02 17:27:46,166 - INFO - (290.291 82.907 1.575)
2025-10-02 17:27:46,176 - INFO - (290.18 83.005 3.499)
2025-10-02 17:27:46,186 - INFO - (290.068 83.102 -4.829)
2025-10-02 17:27:46,196 - INFO - (289.956 83.199 2.843)
2025-10-02 17:27:46,206 - INFO - (289.844 83.295 4.988)
2025-10-02 17:27:46,216 - INFO - (289.73 83.39 2.988)
2025-10-02 17:27:46,226 - INFO - (289.616 83.486 3.591)
2025-10-02 17:27:46,236 - INFO - (289.501 83.58 -2.444)
2025-10-02 17:27:46,247 - INFO - (289.385 83.675 6.133)
2025-10-02 17:27:46,257 - INFO - (289.269 83.769 3.661)
2025-10-02 17:27:46,267 - INFO - (289.152 83.862 3.724)
2025-10-02 17:27:46,277 - INFO - (289.034 83.956 5.404)
2025-10-02 17:27:46,287 - INFO - (288.915 84.049 -1.489)
2025-10-02 17:27:46,296 - INFO - (288.797 84.142 5.72)
2025-10-02 17:27:46,306 - INFO - (288.677 84.235 6.696)
2025-10-02 17:27:46,316 - INFO - (288.557 84.328 4.949)
2025-10-02 17:27:46,326 - INFO - (288.437 84.422 5.762)
2025-10-02 17:27:46,336 - INFO - (288.316 84.515 -3.891)
2025-10-02 17:27:46,346 - INFO - (288.195 84.608 2.926)
2025-10-02 17:27:46,356 - INFO - (288.074 84.701 -0.112)
2025-10-02 17:27:46,366 - INFO - (287.952 84.794 4.167)
2025-10-02 17:27:46,376 - INFO - (287.843 84.878 5.043)
2025-10-02 17:27:46,386 - INFO - (287.721 84.972 3.622)
2025-10-02 17:27:46,396 - INFO - (287.586 85.075 1.361)
2025-10-02 17:27:46,406 - INFO - (287.463 85.168 3.925)
2025-10-02 17:27:46,416 - INFO - (287.34 85.262 2.76)
2025-10-02 17:27:46,427 - INFO - (287.216 85.355 3.532)
2025-10-02 17:27:46,437 - INFO - (287.093 85.449 -0.404)
2025-10-02 17:27:46,448 - INFO - (286.981 85.533 0.776)
2025-10-02 17:27:46,456 - INFO - (286.858 85.627 0.34)
2025-10-02 17:27:46,467 - INFO - (286.734 85.72 2.219)
2025-10-02 17:27:46,476 - INFO - (286.609 85.814 2.386)
2025-10-02 17:27:46,486 - INFO - (286.485 85.908 0.741)
2025-10-02 17:27:46,496 - INFO - (286.348 86.01 -0.576)
2025-10-02 17:27:46,506 - INFO - (286.223 86.103 3.707)
2025-10-02 17:27:46,516 - INFO - (286.097 86.196 2.027)
2025-10-02 17:27:46,526 - INFO - (285.97 86.287 3.591)
2025-10-02 17:27:46,536 - INFO - (285.843 86.379 -1.868)
2025-10-02 17:27:46,546 - INFO - (285.716 86.47 -0.661)
2025-10-02 17:27:46,556 - INFO - (285.588 86.56 0.964)
2025-10-02 17:27:46,566 - INFO - (285.46 86.65 2.093)
2025-10-02 17:27:46,576 - INFO - (285.344 86.73 3.173)
2025-10-02 17:27:46,586 - INFO - (285.215 86.819 -6.167)
2025-10-02 17:27:46,596 - INFO - (285.086 86.908 1.379)
2025-10-02 17:27:46,606 - INFO - (284.943 87.005 4.581)
2025-10-02 17:27:46,616 - INFO - (284.813 87.092 1.025)
2025-10-02 17:27:46,626 - INFO - (284.695 87.17 1.547)
2025-10-02 17:27:46,636 - INFO - (284.563 87.257 -0.386)
2025-10-02 17:27:46,646 - INFO - (284.431 87.343 3.418)
2025-10-02 17:27:46,656 - INFO - (284.299 87.428 2.08)
2025-10-02 17:27:46,666 - INFO - (284.166 87.513 2.67)
2025-10-02 17:27:46,676 - INFO - (284.032 87.598 2.697)
2025-10-02 17:27:46,686 - INFO - (283.899 87.683 -1.097)
2025-10-02 17:27:46,697 - INFO - (283.765 87.767 3.119)
2025-10-02 17:27:46,706 - INFO - (283.63 87.851 5.073)
2025-10-02 17:27:46,716 - INFO - (283.495 87.936 4.115)
2025-10-02 17:27:46,726 - INFO - (283.359 88.02 3.696)
2025-10-02 17:27:46,736 - INFO - (283.223 88.104 -1.655)
2025-10-02 17:27:46,746 - INFO - (283.088 88.188 2.855)
2025-10-02 17:27:46,756 - INFO - (282.951 88.272 0.726)
2025-10-02 17:27:46,766 - INFO - (282.815 88.355 5.31)
2025-10-02 17:27:46,776 - INFO - (282.677 88.439 3.454)
2025-10-02 17:27:46,786 - INFO - (282.54 88.523 1.451)
2025-10-02 17:27:46,796 - INFO - (282.402 88.606 4.86)
2025-10-02 17:27:46,806 - INFO - (282.25 88.698 5.685)
2025-10-02 17:27:46,817 - INFO - (282.11 88.782 5.228)
2025-10-02 17:27:46,829 - INFO - (281.971 88.865 2.203)
2025-10-02 17:27:46,837 - INFO - (281.831 88.949 0.833)
2025-10-02 17:27:46,846 - INFO - (281.705 89.024 2.713)
2025-10-02 17:27:46,856 - INFO - (281.565 89.107 4.006)
2025-10-02 17:27:46,866 - INFO - (281.424 89.191 2.606)
2025-10-02 17:27:46,876 - INFO - (281.283 89.274 -10.19)
2025-10-02 17:27:46,886 - INFO - (281.143 89.357 -7.606)
2025-10-02 17:27:46,896 - INFO - (281.004 89.438 -12.748)
2025-10-02 17:27:46,906 - INFO - (280.866 89.519 -12.914)
2025-10-02 17:27:46,917 - INFO - (280.729 89.599 -8.572)
2025-10-02 17:27:46,927 - INFO - (280.592 89.679 -9.365)
2025-10-02 17:27:46,937 - INFO - (280.47 89.75 -0.393)
2025-10-02 17:27:46,946 - INFO - (280.334 89.829 -9.036)
2025-10-02 17:27:46,956 - INFO - (280.199 89.908 -6.831)
2025-10-02 17:27:46,966 - INFO - (280.051 89.994 -7.51)
2025-10-02 17:27:46,976 - INFO - (279.93 90.064 -6.067)
2025-10-02 17:27:46,986 - INFO - (279.796 90.141 -4.72)
2025-10-02 17:27:46,996 - INFO - (279.664 90.219 -7.868)
2025-10-02 17:27:47,006 - INFO - (279.532 90.296 -6.572)
2025-10-02 17:27:47,016 - INFO - (279.4 90.374 -4.137)
2025-10-02 17:27:47,026 - INFO - (279.269 90.451 -3.258)
2025-10-02 17:27:47,036 - INFO - (279.138 90.528 -2.198)
2025-10-02 17:27:47,046 - INFO - (279.007 90.605 -2.271)
2025-10-02 17:27:47,056 - INFO - (278.877 90.682 -0.93)
2025-10-02 17:27:47,066 - INFO - (278.746 90.759 -3.216)
2025-10-02 17:27:47,076 - INFO - (278.617 90.836 -3.588)
2025-10-02 17:27:47,086 - INFO - (278.487 90.912 1.2)
2025-10-02 17:27:47,096 - INFO - (278.357 90.989 -0.848)
2025-10-02 17:27:47,106 - INFO - (278.227 91.066 -1.396)
2025-10-02 17:27:47,116 - INFO - (278.098 91.143 -0.329)
2025-10-02 17:27:47,126 - INFO - (277.968 91.22 0.355)
2025-10-02 17:27:47,136 - INFO - (277.839 91.297 -2.162)
2025-10-02 17:27:47,146 - INFO - (277.71 91.374 -0.553)
2025-10-02 17:27:47,156 - INFO - (277.58 91.451 0.136)
2025-10-02 17:27:47,166 - INFO - (277.451 91.528 -0.834)
2025-10-02 17:27:47,176 - INFO - (277.322 91.605 -2.376)
2025-10-02 17:27:47,186 - INFO - (277.193 91.682 1.591)
2025-10-02 17:27:47,196 - INFO - (277.064 91.76 -0.218)
2025-10-02 17:27:47,207 - INFO - (276.935 91.837 -0.45)
2025-10-02 17:27:47,216 - INFO - (276.806 91.914 1.165)
2025-10-02 17:27:47,226 - INFO - (276.677 91.991 -0.365)
2025-10-02 17:27:47,236 - INFO - (276.548 92.068 -4.111)
2025-10-02 17:27:47,246 - INFO - (276.42 92.145 1.36)
2025-10-02 17:27:47,256 - INFO - (276.291 92.222 1.052)
2025-10-02 17:27:47,266 - INFO - (276.162 92.299 -0.65)
2025-10-02 17:27:47,276 - INFO - (276.034 92.376 -2.279)
2025-10-02 17:27:47,287 - INFO - (275.905 92.453 1.584)
2025-10-02 17:27:47,297 - INFO - (275.776 92.53 -1.141)
2025-10-02 17:27:47,306 - INFO - (275.646 92.605 -1.717)
2025-10-02 17:27:47,316 - INFO - (275.517 92.68 -0.363)
2025-10-02 17:27:47,326 - INFO - (275.387 92.754 -5.675)
2025-10-02 17:27:47,336 - INFO - (275.245 92.835 -5.247)
2025-10-02 17:27:47,346 - INFO - (275.115 92.908 1.947)
2025-10-02 17:27:47,356 - INFO - (274.985 92.98 0.677)
2025-10-02 17:27:47,366 - INFO - (274.854 93.051 -0.698)
2025-10-02 17:27:47,377 - INFO - (274.723 93.121 -4.207)
2025-10-02 17:27:47,387 - INFO - (274.606 93.184 2.762)
2025-10-02 17:27:47,397 - INFO - (274.474 93.254 2.986)
2025-10-02 17:27:47,407 - INFO - (274.355 93.316 1.377)
2025-10-02 17:27:47,416 - INFO - (274.222 93.384 1.091)
2025-10-02 17:27:47,426 - INFO - (274.089 93.451 -3.95)
2025-10-02 17:27:47,436 - INFO - (273.943 93.524 -4.218)
2025-10-02 17:27:47,446 - INFO - (273.81 93.59 2.44)
2025-10-02 17:27:47,456 - INFO - (273.676 93.654 3.272)
2025-10-02 17:27:47,466 - INFO - (273.541 93.718 2.266)
2025-10-02 17:27:47,476 - INFO - (273.407 93.782 -6.189)
2025-10-02 17:27:47,486 - INFO - (273.272 93.844 2.403)
2025-10-02 17:27:47,496 - INFO - (273.136 93.905 5.114)
2025-10-02 17:27:47,506 - INFO - (272.999 93.966 4.138)
2025-10-02 17:27:47,516 - INFO - (272.862 94.026 4.856)
2025-10-02 17:27:47,526 - INFO - (272.724 94.086 0.312)
2025-10-02 17:27:47,536 - INFO - (272.586 94.144 -0.67)
2025-10-02 17:27:47,546 - INFO - (272.447 94.202 4.454)
2025-10-02 17:27:47,556 - INFO - (272.307 94.259 4.189)
2025-10-02 17:27:47,567 - INFO - (272.166 94.315 3.588)
2025-10-02 17:27:47,577 - INFO - (272.026 94.37 -4.085)
2025-10-02 17:27:47,589 - INFO - (271.884 94.423 4.383)
2025-10-02 17:27:47,597 - INFO - (271.742 94.477 5.795)
2025-10-02 17:27:47,607 - INFO - (271.614 94.524 4.632)
2025-10-02 17:27:47,617 - INFO - (271.47 94.576 5.584)
2025-10-02 17:27:47,626 - INFO - (271.326 94.627 -2.631)
2025-10-02 17:27:47,636 - INFO - (271.182 94.677 -2.834)
2025-10-02 17:27:47,646 - INFO - (271.038 94.727 -0.957)
2025-10-02 17:27:47,656 - INFO - (270.893 94.775 0.568)
2025-10-02 17:27:47,666 - INFO - (270.748 94.823 1.06)
2025-10-02 17:27:47,676 - INFO - (270.603 94.869 -3.933)
2025-10-02 17:27:47,686 - INFO - (270.473 94.911 2.064)
2025-10-02 17:27:47,696 - INFO - (270.312 94.96 2.373)
2025-10-02 17:27:47,706 - INFO - (270.166 95.005 0.82)
2025-10-02 17:27:47,716 - INFO - (270.034 95.044 2.278)
2025-10-02 17:27:47,726 - INFO - (269.888 95.086 -8.205)
2025-10-02 17:27:47,736 - INFO - (269.741 95.127 2.171)
2025-10-02 17:27:47,746 - INFO - (269.58 95.172 4.367)
2025-10-02 17:27:47,756 - INFO - (269.432 95.212 2.369)
2025-10-02 17:27:47,766 - INFO - (269.284 95.252 0.986)
2025-10-02 17:27:47,776 - INFO - (269.136 95.291 -0.39)
2025-10-02 17:27:47,786 - INFO - (268.988 95.329 2.667)
2025-10-02 17:27:47,796 - INFO - (268.839 95.365 2.184)
2025-10-02 17:27:47,806 - INFO - (268.69 95.401 1.77)
2025-10-02 17:27:47,816 - INFO - (268.54 95.436 4.223)
2025-10-02 17:27:47,826 - INFO - (268.39 95.47 -6.118)
2025-10-02 17:27:47,836 - INFO - (268.39 95.47 0.0)
2025-10-02 17:27:47,846 - INFO - (268.24 95.503 1.329)
2025-10-02 17:27:47,857 - INFO - (268.074 95.54 6.435)
2025-10-02 17:27:47,866 - INFO - (267.939 95.568 1.553)
2025-10-02 17:27:47,876 - INFO - (267.787 95.599 -1.179)
2025-10-02 17:27:47,886 - INFO - (267.636 95.629 3.715)
2025-10-02 17:27:47,896 - INFO - (267.484 95.658 2.174)
2025-10-02 17:27:47,906 - INFO - (267.331 95.687 2.516)
2025-10-02 17:27:47,916 - INFO - (267.163 95.717 2.309)
2025-10-02 17:27:47,926 - INFO - (267.01 95.743 -2.228)
2025-10-02 17:27:47,936 - INFO - (266.857 95.769 3.898)
2025-10-02 17:27:47,946 - INFO - (266.703 95.794 4.025)
2025-10-02 17:27:47,956 - INFO - (266.548 95.818 1.359)
2025-10-02 17:27:47,966 - INFO - (266.394 95.841 1.961)
2025-10-02 17:27:47,976 - INFO - (266.224 95.865 -1.536)
2025-10-02 17:27:47,986 - INFO - (266.069 95.886 5.557)
2025-10-02 17:27:47,996 - INFO - (265.913 95.907 3.811)
2025-10-02 17:27:48,006 - INFO - (265.757 95.927 2.92)
2025-10-02 17:27:48,016 - INFO - (265.601 95.946 5.145)
2025-10-02 17:27:48,027 - INFO - (265.444 95.963 -4.143)
2025-10-02 17:27:48,037 - INFO - (265.272 95.983 2.256)
2025-10-02 17:27:48,047 - INFO - (265.131 95.998 0.014)
2025-10-02 17:27:48,056 - INFO - (264.974 96.013 -0.179)
2025-10-02 17:27:48,066 - INFO - (264.817 96.028 -5.38)
2025-10-02 17:27:48,076 - INFO - (264.661 96.041 2.872)
2025-10-02 17:27:48,086 - INFO - (264.504 96.054 -3.396)
2025-10-02 17:27:48,096 - INFO - (264.348 96.067 -3.061)
2025-10-02 17:27:48,106 - INFO - (264.191 96.078 -4.107)
2025-10-02 17:27:48,116 - INFO - (264.035 96.089 1.747)
2025-10-02 17:27:48,126 - INFO - (263.88 96.098 -5.358)
2025-10-02 17:27:48,136 - INFO - (263.724 96.108 1.347)
2025-10-02 17:27:48,146 - INFO - (263.568 96.116 0.901)
2025-10-02 17:27:48,156 - INFO - (263.412 96.124 -3.47)
2025-10-02 17:27:48,166 - INFO - (263.256 96.13 -3.622)
2025-10-02 17:27:48,176 - INFO - (263.101 96.136 -4.344)
2025-10-02 17:27:48,186 - INFO - (262.947 96.141 -4.642)
2025-10-02 17:27:48,196 - INFO - (262.792 96.145 -1.657)
2025-10-02 17:27:48,206 - INFO - (262.638 96.148 -2.457)
2025-10-02 17:27:48,216 - INFO - (262.483 96.15 2.391)
2025-10-02 17:27:48,226 - INFO - (262.329 96.152 -5.296)
2025-10-02 17:27:48,236 - INFO - (262.176 96.153 2.104)
2025-10-02 17:27:48,246 - INFO - (262.021 96.153 0.111)
2025-10-02 17:27:48,256 - INFO - (261.867 96.153 -1.084)
2025-10-02 17:27:48,266 - INFO - (261.713 96.151 -0.73)
2025-10-02 17:27:48,276 - INFO - (261.559 96.149 1.514)
2025-10-02 17:27:48,286 - INFO - (261.405 96.146 0.444)
2025-10-02 17:27:48,297 - INFO - (261.251 96.142 0.872)
2025-10-02 17:27:48,309 - INFO - (261.097 96.138 2.115)
2025-10-02 17:27:48,317 - INFO - (260.911 96.132 5.392)
2025-10-02 17:27:48,326 - INFO - (260.787 96.128 -5.865)
2025-10-02 17:27:48,336 - INFO - (260.633 96.123 3.878)
2025-10-02 17:27:48,346 - INFO - (260.478 96.118 3.478)
2025-10-02 17:27:48,356 - INFO - (260.323 96.114 0.842)
2025-10-02 17:27:48,366 - INFO - (260.167 96.11 3.441)
2025-10-02 17:27:48,376 - INFO - (260.012 96.106 1.708)
2025-10-02 17:27:48,386 - INFO - (259.856 96.102 3.587)
2025-10-02 17:27:48,396 - INFO - (259.7 96.101 4.863)
2025-10-02 17:27:48,406 - INFO - (259.543 96.1 2.931)
2025-10-02 17:27:48,416 - INFO - (259.386 96.1 4.622)
2025-10-02 17:27:48,426 - INFO - (259.228 96.101 2.323)
2025-10-02 17:27:48,436 - INFO - (259.07 96.102 4.781)
2025-10-02 17:27:48,446 - INFO - (258.912 96.104 -2.421)
2025-10-02 17:27:48,456 - INFO - (258.755 96.107 -0.015)
2025-10-02 17:27:48,466 - INFO - (258.612 96.109 6.031)
2025-10-02 17:27:48,476 - INFO - (258.438 96.113 8.806)
2025-10-02 17:27:48,486 - INFO - (258.278 96.118 9.202)
2025-10-02 17:27:48,496 - INFO - (258.133 96.122 7.935)
2025-10-02 17:27:48,506 - INFO - (257.956 96.129 8.242)
2025-10-02 17:27:48,517 - INFO - (257.794 96.136 0.936)
2025-10-02 17:27:48,527 - INFO - (257.648 96.142 3.005)
2025-10-02 17:27:48,537 - INFO - (257.487 96.15 -3.089)
2025-10-02 17:27:48,547 - INFO - (257.325 96.159 -1.132)
2025-10-02 17:27:48,556 - INFO - (257.164 96.167 -1.993)
2025-10-02 17:27:48,566 - INFO - (257.002 96.176 -2.176)
2025-10-02 17:27:48,576 - INFO - (256.841 96.186 0.852)
2025-10-02 17:27:48,586 - INFO - (256.68 96.197 -4.975)
2025-10-02 17:27:48,596 - INFO - (256.52 96.207 -4.996)
2025-10-02 17:27:48,606 - INFO - (256.36 96.218 -3.271)
2025-10-02 17:27:48,616 - INFO - (256.2 96.228 -0.437)
2025-10-02 17:27:48,627 - INFO - (256.041 96.239 -4.438)
2025-10-02 17:27:48,637 - INFO - (255.882 96.25 -3.569)
2025-10-02 17:27:48,647 - INFO - (255.723 96.26 2.018)
2025-10-02 17:27:48,657 - INFO - (255.564 96.27 1.149)
2025-10-02 17:27:48,666 - INFO - (255.404 96.281 0.381)
2025-10-02 17:27:48,676 - INFO - (255.245 96.291 -1.95)
2025-10-02 17:27:48,686 - INFO - (255.086 96.3 -0.22)
2025-10-02 17:27:48,696 - INFO - (254.927 96.309 0.063)
2025-10-02 17:27:48,706 - INFO - (254.767 96.317 -0.134)
2025-10-02 17:27:48,717 - INFO - (254.592 96.326 -3.516)
2025-10-02 17:27:48,727 - INFO - (254.434 96.334 1.879)
2025-10-02 17:27:48,736 - INFO - (254.274 96.343 2.584)
2025-10-02 17:27:48,746 - INFO - (254.115 96.351 1.114)
2025-10-02 17:27:48,756 - INFO - (253.971 96.357 0.273)
2025-10-02 17:27:48,767 - INFO - (253.812 96.365 -0.707)
2025-10-02 17:27:48,776 - INFO - (253.653 96.372 0.3)
2025-10-02 17:27:48,787 - INFO - (253.493 96.38 2.919)
2025-10-02 17:27:48,797 - INFO - (253.333 96.387 1.885)
2025-10-02 17:27:48,807 - INFO - (253.173 96.394 -0.531)
2025-10-02 17:27:48,816 - INFO - (253.013 96.401 1.11)
2025-10-02 17:27:48,826 - INFO - (252.837 96.408 1.621)
2025-10-02 17:27:48,836 - INFO - (252.677 96.414 1.037)
2025-10-02 17:27:48,846 - INFO - (252.517 96.421 0.716)
2025-10-02 17:27:48,856 - INFO - (252.356 96.427 0.873)
2025-10-02 17:27:48,866 - INFO - (252.212 96.433 0.675)
2025-10-02 17:27:48,876 - INFO - (252.035 96.44 0.54)
2025-10-02 17:27:48,887 - INFO - (251.874 96.446 0.486)
2025-10-02 17:27:48,896 - INFO - (251.73 96.451 0.643)
2025-10-02 17:27:48,906 - INFO - (251.569 96.457 0.473)
2025-10-02 17:27:48,916 - INFO - (251.392 96.463 0.288)
2025-10-02 17:27:48,927 - INFO - (251.231 96.469 0.525)
2025-10-02 17:27:48,937 - INFO - (251.07 96.473 0.344)
2025-10-02 17:27:48,947 - INFO - (250.91 96.478 0.159)
2025-10-02 17:27:48,957 - INFO - (250.749 96.481 0.296)
2025-10-02 17:27:48,966 - INFO - (250.588 96.484 0.376)
2025-10-02 17:27:48,976 - INFO - (250.426 96.487 0.203)
2025-10-02 17:27:48,986 - INFO - (250.282 96.49 0.059)
2025-10-02 17:27:48,996 - INFO - (250.12 96.492 1.64)
2025-10-02 17:27:49,006 - INFO - (249.959 96.495 1.174)
2025-10-02 17:27:49,016 - INFO - (249.798 96.497 0.813)
2025-10-02 17:27:49,026 - INFO - (249.636 96.499 1.47)
2025-10-02 17:27:49,036 - INFO - (249.474 96.501 1.587)
2025-10-02 17:27:49,046 - INFO - (249.313 96.503 1.145)
2025-10-02 17:27:49,056 - INFO - (249.151 96.504 1.091)
2025-10-02 17:27:49,066 - INFO - (248.989 96.506 1.765)
2025-10-02 17:27:49,076 - INFO - (248.826 96.507 1.282)
2025-10-02 17:27:49,086 - INFO - (248.664 96.508 0.901)
2025-10-02 17:27:49,096 - INFO - (248.502 96.509 1.993)
2025-10-02 17:27:49,106 - INFO - (248.339 96.51 1.753)
2025-10-02 17:27:49,116 - INFO - (248.176 96.511 1.272)
2025-10-02 17:27:49,126 - INFO - (248.013 96.512 1.411)
2025-10-02 17:27:49,136 - INFO - (247.85 96.513 1.667)
2025-10-02 17:27:49,147 - INFO - (247.687 96.514 1.205)
2025-10-02 17:27:49,157 - INFO - (247.523 96.514 0.839)
2025-10-02 17:27:49,168 - INFO - (247.36 96.515 1.597)
2025-10-02 17:27:49,177 - INFO - (247.18 96.515 1.234)
2025-10-02 17:27:49,187 - INFO - (247.033 96.516 0.696)
2025-10-02 17:27:49,196 - INFO - (246.869 96.516 1.143)
2025-10-02 17:27:49,206 - INFO - (246.705 96.516 1.148)
2025-10-02 17:27:49,216 - INFO - (246.524 96.517 0.857)
2025-10-02 17:27:49,227 - INFO - (246.377 96.517 0.742)
2025-10-02 17:27:49,237 - INFO - (246.213 96.517 1.618)
2025-10-02 17:27:49,246 - INFO - (246.048 96.517 1.088)
2025-10-02 17:27:49,256 - INFO - (245.884 96.518 0.774)
2025-10-02 17:27:49,266 - INFO - (245.736 96.518 1.09)
2025-10-02 17:27:49,276 - INFO - (245.571 96.518 1.051)
2025-10-02 17:27:49,286 - INFO - (245.406 96.517 0.754)
2025-10-02 17:27:49,296 - INFO - (245.241 96.517 0.817)
2025-10-02 17:27:49,306 - INFO - (245.077 96.517 1.428)
2025-10-02 17:27:49,316 - INFO - (244.911 96.517 1.085)
2025-10-02 17:27:49,326 - INFO - (244.746 96.517 0.803)
2025-10-02 17:27:49,336 - INFO - (244.581 96.517 1.718)
2025-10-02 17:27:49,346 - INFO - (244.416 96.517 1.403)
2025-10-02 17:27:49,356 - INFO - (244.25 96.516 1.05)
2025-10-02 17:27:49,366 - INFO - (244.084 96.516 1.419)
2025-10-02 17:27:49,376 - INFO - (243.919 96.516 1.699)
2025-10-02 17:27:49,386 - INFO - (243.753 96.515 1.322)
2025-10-02 17:27:49,396 - INFO - (243.586 96.515 0.938)
2025-10-02 17:27:49,406 - INFO - (243.42 96.515 0.013)
2025-10-02 17:27:49,416 - INFO - (243.254 96.514 0.005)
2025-10-02 17:27:49,426 - INFO - (243.105 96.514 0.004)
2025-10-02 17:27:49,436 - INFO - (242.922 96.514 -0.628)
2025-10-02 17:27:49,446 - INFO - (242.756 96.513 -0.733)
2025-10-02 17:27:49,458 - INFO - (242.59 96.513 -0.575)
2025-10-02 17:27:49,467 - INFO - (242.407 96.512 -0.705)
2025-10-02 17:27:49,477 - INFO - (242.258 96.512 -0.725)
2025-10-02 17:27:49,487 - INFO - (242.092 96.511 -0.641)
2025-10-02 17:27:49,497 - INFO - (241.943 96.511 -0.457)
2025-10-02 17:27:49,506 - INFO - (241.778 96.51 -0.741)
2025-10-02 17:27:49,516 - INFO - (241.612 96.51 -0.656)
2025-10-02 17:27:49,526 - INFO - (241.447 96.509 -0.514)
2025-10-02 17:27:49,536 - INFO - (241.281 96.509 -0.562)
2025-10-02 17:27:49,546 - INFO - (241.116 96.508 -0.649)
2025-10-02 17:27:49,556 - INFO - (240.95 96.508 -0.509)
2025-10-02 17:27:49,566 - INFO - (240.785 96.507 -0.399)
2025-10-02 17:27:49,576 - INFO - (240.62 96.507 -0.571)
2025-10-02 17:27:49,586 - INFO - (240.454 96.506 -0.447)
2025-10-02 17:27:49,596 - INFO - (240.306 96.506 -0.318)
2025-10-02 17:27:49,606 - INFO - (240.141 96.506 -0.264)
2025-10-02 17:27:49,616 - INFO - (239.976 96.505 -0.192)
2025-10-02 17:27:49,626 - INFO - (239.81 96.505 -0.15)
2025-10-02 17:27:49,636 - INFO - (239.645 96.505 -0.095)
2025-10-02 17:27:49,646 - INFO - (239.48 96.504 0.098)
2025-10-02 17:27:49,656 - INFO - (239.315 96.504 0.078)
2025-10-02 17:27:49,666 - INFO - (239.15 96.504 0.061)
2025-10-02 17:27:49,676 - INFO - (238.985 96.503 0.138)
2025-10-02 17:27:49,687 - INFO - (238.82 96.503 0.142)
2025-10-02 17:27:49,697 - INFO - (238.655 96.503 0.112)
2025-10-02 17:27:49,707 - INFO - (238.49 96.502 0.139)
2025-10-02 17:27:49,717 - INFO - (238.324 96.502 0.213)
2025-10-02 17:27:49,727 - INFO - (238.176 96.502 0.151)
2025-10-02 17:27:49,737 - INFO - (238.01 96.502 0.134)
2025-10-02 17:27:49,746 - INFO - (237.829 96.501 0.255)
2025-10-02 17:27:49,756 - INFO - (237.68 96.501 0.186)
2025-10-02 17:27:49,766 - INFO - (237.515 96.501 0.164)
2025-10-02 17:27:49,777 - INFO - (237.349 96.501 0.199)
2025-10-02 17:27:49,787 - INFO - (237.184 96.5 0.248)
2025-10-02 17:27:49,797 - INFO - (237.019 96.5 0.195)
2025-10-02 17:27:49,807 - INFO - (236.853 96.5 0.153)
2025-10-02 17:27:49,817 - INFO - (236.688 96.5 0.363)
2025-10-02 17:27:49,826 - INFO - (236.523 96.5 0.284)
2025-10-02 17:27:49,836 - INFO - (236.357 96.499 0.223)
2025-10-02 17:27:49,846 - INFO - (236.192 96.499 0.287)
2025-10-02 17:27:49,856 - INFO - (236.026 96.499 0.291)
2025-10-02 17:27:49,867 - INFO - (235.861 96.499 0.228)
2025-10-02 17:27:49,877 - INFO - (235.695 96.499 0.219)
2025-10-02 17:27:49,887 - INFO - (235.53 96.499 0.307)
2025-10-02 17:27:49,896 - INFO - (235.381 96.499 0.221)
2025-10-02 17:27:49,906 - INFO - (235.215 96.499 0.194)
2025-10-02 17:27:49,916 - INFO - (235.033 96.499 0.353)
2025-10-02 17:27:49,926 - INFO - (234.867 96.498 0.306)
2025-10-02 17:27:49,936 - INFO - (234.718 96.498 0.219)
2025-10-02 17:27:49,946 - INFO - (234.536 96.498 0.333)
2025-10-02 17:27:49,956 - INFO - (234.387 96.498 0.371)
2025-10-02 17:27:49,966 - INFO - (234.221 96.498 1.048)
2025-10-02 17:27:49,976 - INFO - (234.055 96.498 0.898)
2025-10-02 17:27:49,986 - INFO - (233.889 96.499 -0.175)
2025-10-02 17:27:49,996 - INFO - (233.74 96.499 0.292)
2025-10-02 17:27:50,006 - INFO - (233.573 96.499 0.967)
2025-10-02 17:27:50,016 - INFO - (233.391 96.5 0.202)
2025-10-02 17:27:50,026 - INFO - (233.225 96.5 1.749)
2025-10-02 17:27:50,036 - INFO - (233.075 96.5 1.428)
2025-10-02 17:27:50,047 - INFO - (232.892 96.5 1.266)
2025-10-02 17:27:50,057 - INFO - (232.725 96.5 0.092)
2025-10-02 17:27:50,067 - INFO - (232.559 96.5 -0.006)
2025-10-02 17:27:50,077 - INFO - (232.392 96.5 -1.344)
2025-10-02 17:27:50,086 - INFO - (232.226 96.5 0.472)
2025-10-02 17:27:50,096 - INFO - (232.059 96.5 1.312)
2025-10-02 17:27:50,107 - INFO - (231.893 96.5 -0.433)
2025-10-02 17:27:50,116 - INFO - (231.726 96.5 1.027)
2025-10-02 17:27:50,126 - INFO - (231.559 96.501 1.514)
2025-10-02 17:27:50,136 - INFO - (231.392 96.501 0.715)
2025-10-02 17:27:50,146 - INFO - (231.226 96.501 0.371)
2025-10-02 17:27:50,156 - INFO - (231.059 96.501 -0.297)
2025-10-02 17:27:50,166 - INFO - (230.892 96.501 -0.305)
2025-10-02 17:27:50,176 - INFO - (230.725 96.501 -0.348)
2025-10-02 17:27:50,186 - INFO - (230.558 96.501 -0.183)
2025-10-02 17:27:50,196 - INFO - (230.408 96.501 0.053)
2025-10-02 17:27:50,206 - INFO - (230.241 96.501 -0.158)
2025-10-02 17:27:50,217 - INFO - (230.074 96.501 -0.199)
2025-10-02 17:27:50,227 - INFO - (229.891 96.501 -0.083)
2025-10-02 17:27:50,237 - INFO - (229.724 96.501 -0.147)
2025-10-02 17:27:50,247 - INFO - (229.558 96.501 -0.25)
2025-10-02 17:27:50,257 - INFO - (229.391 96.501 -0.082)
2025-10-02 17:27:50,266 - INFO - (229.224 96.501 -0.068)
2025-10-02 17:27:50,276 - INFO - (229.057 96.501 -0.104)
2025-10-02 17:27:50,286 - INFO - (228.891 96.501 -0.049)
2025-10-02 17:27:50,296 - INFO - (228.724 96.501 0.078)
2025-10-02 17:27:50,306 - INFO - (228.557 96.501 0.009)
2025-10-02 17:27:50,316 - INFO - (228.391 96.501 -0.047)
2025-10-02 17:27:50,326 - INFO - (228.241 96.501 0.106)
2025-10-02 17:27:50,336 - INFO - (228.057 96.501 0.067)
2025-10-02 17:27:50,346 - INFO - (227.907 96.501 -0.006)
2025-10-02 17:27:50,357 - INFO - (227.724 96.501 0.055)
2025-10-02 17:27:50,367 - INFO - (227.557 96.501 0.095)
2025-10-02 17:27:50,377 - INFO - (227.39 96.501 0.02)
2025-10-02 17:27:50,387 - INFO - (227.24 96.501 -0.065)
2025-10-02 17:27:50,396 - INFO - (227.074 96.501 0.269)
2025-10-02 17:27:50,406 - INFO - (226.907 96.501 0.19)
2025-10-02 17:27:50,416 - INFO - (226.74 96.501 0.147)
2025-10-02 17:27:50,426 - INFO - (226.573 96.501 0.232)
2025-10-02 17:27:50,436 - INFO - (226.423 96.501 0.228)
2025-10-02 17:27:50,446 - INFO - (226.256 96.501 0.201)
2025-10-02 17:27:50,456 - INFO - (226.089 96.501 0.147)
2025-10-02 17:27:50,466 - INFO - (225.922 96.501 0.038)
2025-10-02 17:27:50,476 - INFO - (225.756 96.501 0.029)
2025-10-02 17:27:50,487 - INFO - (225.589 96.501 0.023)
2025-10-02 17:27:50,497 - INFO - (225.422 96.501 -0.092)
2025-10-02 17:27:50,507 - INFO - (225.272 96.501 -0.104)
2025-10-02 17:27:50,517 - INFO - (225.088 96.501 -0.1)
2025-10-02 17:27:50,526 - INFO - (224.938 96.501 -0.08)
2025-10-02 17:27:50,536 - INFO - (224.771 96.501 -0.124)
2025-10-02 17:27:50,547 - INFO - (224.604 96.501 -0.097)
2025-10-02 17:27:50,557 - INFO - (224.421 96.501 -0.083)
2025-10-02 17:27:50,567 - INFO - (224.271 96.501 -0.106)
2025-10-02 17:27:50,577 - INFO - (224.104 96.501 -0.1)
2025-10-02 17:27:50,587 - INFO - (223.937 96.501 -0.078)
2025-10-02 17:27:50,596 - INFO - (223.77 96.501 -0.096)
2025-10-02 17:27:50,606 - INFO - (223.604 96.501 -0.121)
2025-10-02 17:27:50,616 - INFO - (223.437 96.501 -0.095)
2025-10-02 17:27:50,626 - INFO - (223.27 96.501 0.94)
2025-10-02 17:27:50,636 - INFO - (223.103 96.501 0.292)
2025-10-02 17:27:50,646 - INFO - (222.936 96.501 -0.496)
2025-10-02 17:27:50,657 - INFO - (222.77 96.501 0.71)
2025-10-02 17:27:50,667 - INFO - (222.619 96.501 0.348)
2025-10-02 17:27:50,677 - INFO - (222.452 96.501 -0.261)
2025-10-02 17:27:50,687 - INFO - (222.269 96.5 0.856)
2025-10-02 17:27:50,697 - INFO - (222.102 96.5 0.697)
2025-10-02 17:27:50,707 - INFO - (221.935 96.5 0.497)
2025-10-02 17:27:50,716 - INFO - (221.768 96.5 0.213)
2025-10-02 17:27:50,726 - INFO - (221.6 96.5 0.095)
2025-10-02 17:27:50,736 - INFO - (221.433 96.5 -1.688)
2025-10-02 17:27:50,746 - INFO - (221.266 96.5 0.655)
2025-10-02 17:27:50,756 - INFO - (221.099 96.5 1.197)
2025-10-02 17:27:50,766 - INFO - (220.949 96.5 -0.852)
2025-10-02 17:27:50,776 - INFO - (220.782 96.5 1.036)
2025-10-02 17:27:50,786 - INFO - (220.615 96.5 0.87)
2025-10-02 17:27:50,796 - INFO - (220.447 96.5 0.118)
2025-10-02 17:27:50,806 - INFO - (220.28 96.5 -0.139)
2025-10-02 17:27:50,816 - INFO - (220.113 96.5 -0.159)
2025-10-02 17:27:50,826 - INFO - (219.946 96.5 -0.223)
2025-10-02 17:27:50,836 - INFO - (219.778 96.5 -0.27)
2025-10-02 17:27:50,847 - INFO - (219.611 96.5 -0.466)
2025-10-02 17:27:50,857 - INFO - (219.444 96.5 -0.457)
2025-10-02 17:27:50,866 - INFO - (219.277 96.5 -0.388)
2025-10-02 17:27:50,877 - INFO - (219.127 96.5 -0.053)
2025-10-02 17:27:50,886 - INFO - (218.96 96.5 -0.118)
2025-10-02 17:27:50,896 - INFO - (218.793 96.5 -0.165)
2025-10-02 17:27:50,906 - INFO - (218.626 96.5 -0.03)
2025-10-02 17:27:50,916 - INFO - (218.459 96.5 0.001)
2025-10-02 17:27:50,927 - INFO - (218.292 96.5 -0.165)
2025-10-02 17:27:50,937 - INFO - (218.108 96.5 -0.015)
2025-10-02 17:27:50,947 - INFO - (217.958 96.5 0.143)
2025-10-02 17:27:50,957 - INFO - (217.791 96.5 0.081)
2025-10-02 17:27:50,966 - INFO - (217.624 96.5 0.01)
2025-10-02 17:27:50,976 - INFO - (217.456 96.5 0.06)
2025-10-02 17:27:50,986 - INFO - (217.289 96.5 0.015)
2025-10-02 17:27:50,996 - INFO - (217.122 96.5 -0.042)
2025-10-02 17:27:51,006 - INFO - (216.955 96.5 -0.013)
2025-10-02 17:27:51,016 - INFO - (216.788 96.5 0.032)
2025-10-02 17:27:51,026 - INFO - (216.621 96.5 -0.029)
2025-10-02 17:27:51,036 - INFO - (216.454 96.5 -0.078)
2025-10-02 17:27:51,046 - INFO - (216.287 96.5 -0.244)
2025-10-02 17:27:51,056 - INFO - (216.12 96.5 -0.211)
2025-10-02 17:27:51,066 - INFO - (215.953 96.5 -0.157)
2025-10-02 17:27:51,076 - INFO - (215.786 96.5 -0.169)
2025-10-02 17:27:51,086 - INFO - (215.619 96.5 -0.159)
2025-10-02 17:27:51,097 - INFO - (215.453 96.5 -0.125)
2025-10-02 17:27:51,107 - INFO - (215.286 96.5 -0.094)
2025-10-02 17:27:51,117 - INFO - (215.119 96.5 -0.061)
2025-10-02 17:27:51,127 - INFO - (214.952 96.5 -0.048)
2025-10-02 17:27:51,136 - INFO - (214.785 96.5 -0.038)
2025-10-02 17:27:51,146 - INFO - (214.618 96.5 0.161)
2025-10-02 17:27:51,156 - INFO - (214.451 96.5 0.168)
2025-10-02 17:27:51,166 - INFO - (214.284 96.5 0.132)
2025-10-02 17:27:51,176 - INFO - (214.117 96.5 0.163)
2025-10-02 17:27:51,186 - INFO - (213.95 96.5 0.206)
2025-10-02 17:27:51,196 - INFO - (213.783 96.5 0.162)
2025-10-02 17:27:51,206 - INFO - (213.616 96.5 0.127)
2025-10-02 17:27:51,216 - INFO - (213.449 96.5 -0.143)
2025-10-02 17:27:51,226 - INFO - (213.282 96.5 -0.113)
2025-10-02 17:27:51,236 - INFO - (213.115 96.5 -0.088)
2025-10-02 17:27:51,246 - INFO - (212.965 96.5 -0.079)
2025-10-02 17:27:51,256 - INFO - (212.781 96.5 -0.089)
2025-10-02 17:27:51,266 - INFO - (212.614 96.5 -0.063)
2025-10-02 17:27:51,276 - INFO - (212.464 96.5 -0.044)
2025-10-02 17:27:51,286 - INFO - (212.281 96.5 -0.037)
2025-10-02 17:27:51,296 - INFO - (212.13 96.5 -0.023)
2025-10-02 17:27:51,307 - INFO - (211.963 96.5 -0.021)
2025-10-02 17:27:51,316 - INFO - (211.78 96.5 0.065)
2025-10-02 17:27:51,326 - INFO - (211.613 96.5 0.07)
2025-10-02 17:27:51,337 - INFO - (211.463 96.5 0.05)
2025-10-02 17:27:51,347 - INFO - (211.296 96.5 0.082)
2025-10-02 17:27:51,356 - INFO - (211.129 96.5 0.141)
2025-10-02 17:27:51,366 - INFO - (210.962 96.5 0.111)
2025-10-02 17:27:51,376 - INFO - (210.795 96.5 0.087)
2025-10-02 17:27:51,386 - INFO - (210.611 96.5 0.101)
2025-10-02 17:27:51,396 - INFO - (210.444 96.5 0.074)
2025-10-02 17:27:51,406 - INFO - (210.277 96.5 0.058)
2025-10-02 17:27:51,416 - INFO - (210.11 96.5 -0.029)
2025-10-02 17:27:51,426 - INFO - (209.943 96.5 -0.067)
2025-10-02 17:27:51,436 - INFO - (209.776 96.5 -0.052)
2025-10-02 17:27:51,446 - INFO - (209.609 96.5 -0.046)
2025-10-02 17:27:51,456 - INFO - (209.442 96.5 -0.054)
2025-10-02 17:27:51,466 - INFO - (209.275 96.5 -0.042)
2025-10-02 17:27:51,476 - INFO - (209.108 96.5 -0.033)
2025-10-02 17:27:51,486 - INFO - (208.941 96.5 0.157)
2025-10-02 17:27:51,497 - INFO - (208.774 96.5 0.164)
2025-10-02 17:27:51,507 - INFO - (208.624 96.5 0.117)
2025-10-02 17:27:51,517 - INFO - (208.457 96.5 0.076)
2025-10-02 17:27:51,527 - INFO - (208.29 96.5 0.005)
2025-10-02 17:27:51,536 - INFO - (208.123 96.5 0.004)
2025-10-02 17:27:51,546 - INFO - (207.956 96.5 0.003)
2025-10-02 17:27:51,556 - INFO - (207.788 96.5 -0.002)
2025-10-02 17:27:51,567 - INFO - (207.621 96.5 -0.002)
2025-10-02 17:27:51,577 - INFO - (207.454 96.5 -0.002)
2025-10-02 17:27:51,587 - INFO - (207.287 96.5 0.004)
2025-10-02 17:27:51,597 - INFO - (207.12 96.5 0.008)
2025-10-02 17:27:51,606 - INFO - (206.953 96.5 0.006)
2025-10-02 17:27:51,616 - INFO - (206.786 96.5 0.007)
2025-10-02 17:27:51,626 - INFO - (206.619 96.5 0.02)
2025-10-02 17:27:51,636 - INFO - (206.469 96.5 0.014)
2025-10-02 17:27:51,646 - INFO - (206.302 96.5 0.012)
2025-10-02 17:27:51,656 - INFO - (206.135 96.5 0.019)
2025-10-02 17:27:51,666 - INFO - (205.968 96.5 0.02)
2025-10-02 17:27:51,676 - INFO - (205.817 96.5 0.014)
2025-10-02 17:27:51,686 - INFO - (205.634 96.5 0.018)
2025-10-02 17:27:51,697 - INFO - (205.467 96.5 0.028)
2025-10-02 17:27:51,707 - INFO - (205.3 96.5 0.022)
2025-10-02 17:27:51,717 - INFO - (205.132 96.5 0.017)
2025-10-02 17:27:51,727 - INFO - (204.965 96.5 0.027)
2025-10-02 17:27:51,736 - INFO - (204.798 96.5 0.024)
2025-10-02 17:27:51,746 - INFO - (204.631 96.5 0.019)
2025-10-02 17:27:51,756 - INFO - (204.464 96.5 0.023)
2025-10-02 17:27:51,766 - INFO - (204.297 96.5 0.029)
2025-10-02 17:27:51,776 - INFO - (204.13 96.5 0.023)
2025-10-02 17:27:51,786 - INFO - (203.963 96.5 0.018)
2025-10-02 17:27:51,796 - INFO - (203.796 96.5 0.058)
2025-10-02 17:27:51,806 - INFO - (203.646 96.5 0.042)
2025-10-02 17:27:51,816 - INFO - (203.462 96.5 0.04)
2025-10-02 17:27:51,826 - INFO - (203.295 96.5 0.013)
2025-10-02 17:27:51,836 - INFO - (203.128 96.5 0.002)
2025-10-02 17:27:51,846 - INFO - (202.96 96.5 0.001)
2025-10-02 17:27:51,856 - INFO - (202.793 96.5 -0.005)
2025-10-02 17:27:51,866 - INFO - (202.626 96.5 -0.025)
2025-10-02 17:27:51,876 - INFO - (202.459 96.5 -0.02)
2025-10-02 17:27:51,886 - INFO - (202.292 96.5 -0.015)
2025-10-02 17:27:51,897 - INFO - (202.125 96.5 -0.034)
2025-10-02 17:27:51,909 - INFO - (201.958 96.5 -0.032)
2025-10-02 17:27:51,917 - INFO - (201.791 96.5 -0.025)
2025-10-02 17:27:51,927 - INFO - (201.624 96.5 -0.027)
2025-10-02 17:27:51,937 - INFO - (201.473 96.5 -0.028)
2025-10-02 17:27:51,946 - INFO - (201.29 96.5 -0.027)
2025-10-02 17:27:51,956 - INFO - (201.123 96.5 -0.019)
2025-10-02 17:27:51,966 - INFO - (200.956 96.5 -0.032)
2025-10-02 17:27:51,977 - INFO - (200.805 96.5 -0.023)
2025-10-02 17:27:51,986 - INFO - (200.621 96.5 -0.022)
2025-10-02 17:27:51,996 - INFO - (200.454 96.5 -0.026)
2025-10-02 17:27:52,006 - INFO - (200.304 96.5 -0.025)
2025-10-02 17:27:52,016 - INFO - (200.137 96.5 -0.022)
2025-10-02 17:27:52,026 - INFO - (199.97 96.5 -0.012)
2025-10-02 17:27:52,036 - INFO - (199.803 96.5 0.029)
2025-10-02 17:27:52,046 - INFO - (199.636 96.5 0.023)
2025-10-02 17:27:52,056 - INFO - (199.469 96.5 0.018)
2025-10-02 17:27:52,066 - INFO - (199.302 96.5 0.067)
2025-10-02 17:27:52,076 - INFO - (199.151 96.5 0.066)
2025-10-02 17:27:52,086 - INFO - (198.984 96.5 0.058)
2025-10-02 17:27:52,096 - INFO - (198.817 96.5 0.035)
2025-10-02 17:27:52,106 - INFO - (198.65 96.5 -0.007)
2025-10-02 17:27:52,116 - INFO - (198.483 96.5 -0.006)
2025-10-02 17:27:52,126 - INFO - (198.316 96.5 -0.004)
2025-10-02 17:27:52,136 - INFO - (198.149 96.5 -0.013)
2025-10-02 17:27:52,146 - INFO - (197.982 96.5 -0.013)
2025-10-02 17:27:52,156 - INFO - (197.815 96.5 -0.01)
2025-10-02 17:27:52,166 - INFO - (197.664 96.5 -0.005)
2025-10-02 17:27:52,176 - INFO - (197.497 96.5 -0.001)
2025-10-02 17:27:52,186 - INFO - (197.314 96.5 -0.001)
2025-10-02 17:27:52,196 - INFO - (197.147 96.5 -0.0)
2025-10-02 17:27:52,206 - INFO - (196.979 96.5 0.021)
2025-10-02 17:27:52,216 - INFO - (196.812 96.5 0.016)
2025-10-02 17:27:52,226 - INFO - (196.645 96.5 0.013)
2025-10-02 17:27:52,236 - INFO - (196.478 96.5 0.026)
2025-10-02 17:27:52,246 - INFO - (196.311 96.5 0.03)
2025-10-02 17:27:52,256 - INFO - (196.144 96.5 0.023)
2025-10-02 17:27:52,266 - INFO - (195.977 96.5 0.025)
2025-10-02 17:27:52,276 - INFO - (195.81 96.5 0.042)
2025-10-02 17:27:52,286 - INFO - (195.643 96.5 0.033)
2025-10-02 17:27:52,296 - INFO - (195.476 96.5 0.026)
2025-10-02 17:27:52,306 - INFO - (195.309 96.5 -0.008)
2025-10-02 17:27:52,316 - INFO - (195.141 96.5 -0.013)
2025-10-02 17:27:52,326 - INFO - (194.974 96.5 -0.01)
2025-10-02 17:27:52,336 - INFO - (194.807 96.5 -0.013)
2025-10-02 17:27:52,346 - INFO - (194.64 96.5 -0.017)
2025-10-02 17:27:52,356 - INFO - (194.473 96.5 -0.013)
2025-10-02 17:27:52,366 - INFO - (194.306 96.5 -0.01)
2025-10-02 17:27:52,376 - INFO - (194.122 96.5 -0.017)
2025-10-02 17:27:52,386 - INFO - (193.955 96.5 -0.012)
2025-10-02 17:27:52,396 - INFO - (193.788 96.5 -0.01)
2025-10-02 17:27:52,406 - INFO - (193.621 96.5 -0.014)
2025-10-02 17:27:52,416 - INFO - (193.471 96.5 -0.012)
2025-10-02 17:27:52,426 - INFO - (193.304 96.5 -0.011)
2025-10-02 17:27:52,436 - INFO - (193.136 96.5 -0.01)
2025-10-02 17:27:52,446 - INFO - (192.969 96.5 -0.013)
2025-10-02 17:27:52,456 - INFO - (192.786 96.5 -0.011)
2025-10-02 17:27:52,466 - INFO - (192.635 96.5 -0.007)
2025-10-02 17:27:52,477 - INFO - (192.468 96.5 -0.012)
2025-10-02 17:27:52,487 - INFO - (192.301 96.5 -0.01)
2025-10-02 17:27:52,497 - INFO - (192.134 96.5 -0.008)
2025-10-02 17:27:52,507 - INFO - (191.967 96.5 -0.011)
2025-10-02 17:27:52,516 - INFO - (191.8 96.5 -0.014)
2025-10-02 17:27:52,526 - INFO - (191.633 96.5 -0.011)
2025-10-02 17:27:52,537 - INFO - (191.466 96.5 -0.008)
2025-10-02 17:27:52,546 - INFO - (191.299 96.5 -0.014)
2025-10-02 17:27:52,556 - INFO - (191.132 96.5 -0.011)
2025-10-02 17:27:52,566 - INFO - (190.965 96.5 -0.009)
2025-10-02 17:27:52,576 - INFO - (190.797 96.5 -0.012)
2025-10-02 17:27:52,586 - INFO - (190.63 96.5 -0.012)
2025-10-02 17:27:52,596 - INFO - (190.463 96.5 -0.009)
2025-10-02 17:27:52,606 - INFO - (190.313 96.5 -0.008)
2025-10-02 17:27:52,616 - INFO - (190.146 96.5 -0.016)
2025-10-02 17:27:52,626 - INFO - (189.979 96.5 -0.013)
2025-10-02 17:27:52,636 - INFO - (189.812 96.5 -0.011)
2025-10-02 17:27:52,646 - INFO - (189.628 96.5 0.002)
2025-10-02 17:27:52,656 - INFO - (189.461 96.5 0.003)
2025-10-02 17:27:52,666 - INFO - (189.294 96.5 0.003)
2025-10-02 17:27:52,676 - INFO - (189.144 96.5 0.014)
2025-10-02 17:27:52,687 - INFO - (188.976 96.5 0.035)
2025-10-02 17:27:52,697 - INFO - (188.793 96.5 0.03)
2025-10-02 17:27:52,707 - INFO - (188.626 96.5 0.021)
2025-10-02 17:27:52,717 - INFO - (188.459 96.5 0.058)
2025-10-02 17:27:52,727 - INFO - (188.292 96.5 0.046)
2025-10-02 17:27:52,736 - INFO - (188.141 96.5 0.033)
2025-10-02 17:27:52,746 - INFO - (187.974 96.5 0.009)
2025-10-02 17:27:52,756 - INFO - (187.807 96.5 -0.009)
2025-10-02 17:27:52,766 - INFO - (187.64 96.5 -0.007)
2025-10-02 17:27:52,776 - INFO - (187.473 96.5 -0.007)
2025-10-02 17:27:52,786 - INFO - (187.306 96.5 -0.012)
2025-10-02 17:27:52,796 - INFO - (187.139 96.5 -0.01)
2025-10-02 17:27:52,806 - INFO - (186.988 96.5 -0.007)
2025-10-02 17:27:52,816 - INFO - (186.821 96.5 0.001)
2025-10-02 17:27:52,826 - INFO - (186.654 96.5 0.005)
2025-10-02 17:27:52,836 - INFO - (186.487 96.5 0.004)
2025-10-02 17:27:52,846 - INFO - (186.32 96.5 0.007)
2025-10-02 17:27:52,856 - INFO - (186.153 96.5 0.02)
2025-10-02 17:27:52,866 - INFO - (185.986 96.5 0.016)
2025-10-02 17:27:52,876 - INFO - (185.802 96.5 0.014)
2025-10-02 17:27:52,886 - INFO - (185.635 96.5 0.012)
2025-10-02 17:27:52,896 - INFO - (185.468 96.5 0.009)
2025-10-02 17:27:52,906 - INFO - (185.317 96.5 0.007)
2025-10-02 17:27:52,916 - INFO - (185.134 96.5 0.001)
2025-10-02 17:27:52,926 - INFO - (184.967 96.5 -0.005)
2025-10-02 17:27:52,936 - INFO - (184.799 96.5 -0.004)
2025-10-02 17:27:52,946 - INFO - (184.632 96.5 -0.003)
2025-10-02 17:27:52,956 - INFO - (184.465 96.5 0.0)
2025-10-02 17:27:52,966 - INFO - (184.298 96.5 0.0)
2025-10-02 17:27:52,976 - INFO - (184.148 96.5 0.0)
2025-10-02 17:27:52,986 - INFO - (183.981 96.5 0.0)
2025-10-02 17:27:52,996 - INFO - (183.814 96.5 0.0)
2025-10-02 17:27:53,007 - INFO - (183.647 96.5 0.0)
2025-10-02 17:27:53,017 - INFO - (183.48 96.5 -0.0)
2025-10-02 17:27:53,027 - INFO - (183.312 96.5 -0.002)
2025-10-02 17:27:53,037 - INFO - (183.145 96.5 -0.002)
2025-10-02 17:27:53,046 - INFO - (182.978 96.5 -0.001)
2025-10-02 17:27:53,057 - INFO - (182.811 96.5 -0.004)
2025-10-02 17:27:53,066 - INFO - (182.644 96.5 -0.004)
2025-10-02 17:27:53,076 - INFO - (182.477 96.5 -0.003)
2025-10-02 17:27:53,086 - INFO - (182.31 96.5 -0.005)
2025-10-02 17:27:53,096 - INFO - (182.143 96.5 -0.007)
2025-10-02 17:27:53,107 - INFO - (181.976 96.5 -0.006)
2025-10-02 17:27:53,116 - INFO - (181.809 96.5 -0.004)
2025-10-02 17:27:53,126 - INFO - (181.642 96.5 -0.008)
2025-10-02 17:27:53,136 - INFO - (181.474 96.5 -0.006)
2025-10-02 17:27:53,146 - INFO - (181.307 96.5 -0.005)
2025-10-02 17:27:53,156 - INFO - (181.14 96.5 -0.007)
2025-10-02 17:27:53,166 - INFO - (180.973 96.5 -0.007)
2025-10-02 17:27:53,176 - INFO - (180.806 96.5 -0.005)
2025-10-02 17:27:53,186 - INFO - (180.639 96.5 -0.005)
2025-10-02 17:27:53,196 - INFO - (180.472 96.5 -0.005)
2025-10-02 17:27:53,206 - INFO - (180.305 96.5 -0.004)
2025-10-02 17:27:53,216 - INFO - (180.138 96.5 -0.003)
2025-10-02 17:27:53,226 - INFO - (179.971 96.5 0.017)
2025-10-02 17:27:53,236 - INFO - (179.804 96.5 0.017)
2025-10-02 17:27:53,246 - INFO - (179.637 96.5 0.014)
2025-10-02 17:27:53,256 - INFO - (179.47 96.5 0.023)
2025-10-02 17:27:53,266 - INFO - (179.319 96.5 0.03)
2025-10-02 17:27:53,276 - INFO - (179.152 96.5 0.027)
2025-10-02 17:27:53,286 - INFO - (178.968 96.5 0.023)
2025-10-02 17:27:53,296 - INFO - (178.818 96.5 0.022)
2025-10-02 17:27:53,306 - INFO - (178.634 96.5 0.017)
2025-10-02 17:27:53,316 - INFO - (178.467 96.5 0.013)
2025-10-02 17:27:53,326 - INFO - (178.3 96.5 0.007)
2025-10-02 17:27:53,336 - INFO - (178.133 96.5 0.003)
2025-10-02 17:27:53,346 - INFO - (177.982 96.5 0.002)
2025-10-02 17:27:53,356 - INFO - (177.799 96.5 0.003)
2025-10-02 17:27:53,366 - INFO - (177.631 96.5 0.005)
2025-10-02 17:27:53,376 - INFO - (177.464 96.5 0.004)
2025-10-02 17:27:53,386 - INFO - (177.297 96.5 0.003)
2025-10-02 17:27:53,396 - INFO - (177.13 96.5 0.012)
2025-10-02 17:27:53,406 - INFO - (176.963 96.5 0.012)
2025-10-02 17:27:53,416 - INFO - (176.796 96.5 0.009)
2025-10-02 17:27:53,426 - INFO - (176.629 96.5 0.009)
2025-10-02 17:27:53,436 - INFO - (176.462 96.5 0.009)
2025-10-02 17:27:53,446 - INFO - (176.295 96.5 0.007)
2025-10-02 17:27:53,456 - INFO - (176.128 96.5 0.005)
2025-10-02 17:27:53,466 - INFO - (175.96 96.5 -0.005)
2025-10-02 17:27:53,476 - INFO - (175.81 96.5 -0.003)
2025-10-02 17:27:53,486 - INFO - (175.643 96.5 -0.003)
2025-10-02 17:27:53,496 - INFO - (175.476 96.5 -0.006)
2025-10-02 17:27:53,507 - INFO - (175.309 96.5 -0.008)
2025-10-02 17:27:53,517 - INFO - (175.142 96.5 -0.006)
2025-10-02 17:27:53,527 - INFO - (174.991 96.5 -0.004)
2025-10-02 17:27:53,537 - INFO - (174.824 96.5 -0.007)
2025-10-02 17:27:53,547 - INFO - (174.657 96.5 -0.006)
2025-10-02 17:27:53,556 - INFO - (174.49 96.5 -0.004)
2025-10-02 17:27:53,566 - INFO - (174.323 96.5 -0.005)
2025-10-02 17:27:53,577 - INFO - (174.172 96.5 -0.005)
2025-10-02 17:27:53,587 - INFO - (174.005 96.5 -0.004)
2025-10-02 17:27:53,597 - INFO - (173.822 96.5 -0.005)
2025-10-02 17:27:53,606 - INFO - (173.654 96.5 -0.006)
2025-10-02 17:27:53,616 - INFO - (173.487 96.5 -0.005)
2025-10-02 17:27:53,626 - INFO - (173.32 96.5 -0.004)
2025-10-02 17:27:53,636 - INFO - (173.153 96.5 -0.005)
2025-10-02 17:27:53,647 - INFO - (172.986 96.5 -0.005)
2025-10-02 17:27:53,657 - INFO - (172.836 96.5 -0.003)
2025-10-02 17:27:53,666 - INFO - (172.669 96.5 -0.004)
2025-10-02 17:27:53,676 - INFO - (172.501 96.5 -0.005)
2025-10-02 17:27:53,686 - INFO - (172.334 96.5 -0.004)
2025-10-02 17:27:53,696 - INFO - (172.151 96.5 -0.003)
2025-10-02 17:27:53,706 - INFO - (172.0 96.5 -0.005)
2025-10-02 17:27:53,717 - INFO - (171.833 96.5 -0.005)
2025-10-02 17:27:53,726 - INFO - (171.666 96.5 -0.004)
2025-10-02 17:27:53,737 - INFO - (171.499 96.5 -0.004)
2025-10-02 17:27:53,747 - INFO - (171.315 96.5 -0.005)
2025-10-02 17:27:53,757 - INFO - (171.148 96.5 -0.004)
2025-10-02 17:27:53,766 - INFO - (170.981 96.5 -0.003)
2025-10-02 17:27:53,776 - INFO - (170.814 96.5 -0.005)
2025-10-02 17:27:53,787 - INFO - (170.663 96.5 -0.003)
2025-10-02 17:27:53,796 - INFO - (170.496 96.5 -0.003)
2025-10-02 17:27:53,806 - INFO - (170.329 96.5 -0.005)
2025-10-02 17:27:53,816 - INFO - (170.162 96.5 -0.005)
2025-10-02 17:27:53,826 - INFO - (169.995 96.5 -0.004)
2025-10-02 17:27:53,836 - INFO - (169.828 96.5 -0.0)
2025-10-02 17:27:53,846 - INFO - (169.661 96.5 0.005)
2025-10-02 17:27:53,856 - INFO - (169.494 96.5 0.004)
2025-10-02 17:27:53,867 - INFO - (169.327 96.5 0.003)
2025-10-02 17:27:53,876 - INFO - (169.16 96.5 0.018)
2025-10-02 17:27:53,886 - INFO - (168.993 96.5 0.015)
2025-10-02 17:27:53,896 - INFO - (168.825 96.5 0.012)
2025-10-02 17:27:53,906 - INFO - (168.658 96.5 0.016)
2025-10-02 17:27:53,916 - INFO - (168.491 96.5 0.018)
2025-10-02 17:27:53,926 - INFO - (168.324 96.5 0.014)
2025-10-02 17:27:53,936 - INFO - (168.157 96.5 0.01)
2025-10-02 17:27:53,946 - INFO - (167.99 96.5 -0.002)
2025-10-02 17:27:53,956 - INFO - (167.823 96.5 -0.001)
2025-10-02 17:27:53,966 - INFO - (167.656 96.5 -0.001)
2025-10-02 17:27:53,976 - INFO - (167.489 96.5 -0.002)
2025-10-02 17:27:53,986 - INFO - (167.322 96.5 -0.002)
2025-10-02 17:27:53,996 - INFO - (167.154 96.5 -0.001)
2025-10-02 17:27:54,006 - INFO - (166.987 96.5 0.001)
2025-10-02 17:27:54,016 - INFO - (166.82 96.5 0.005)
2025-10-02 17:27:54,026 - INFO - (166.653 96.5 0.004)
2025-10-02 17:27:54,036 - INFO - (166.486 96.5 0.003)
2025-10-02 17:27:54,046 - INFO - (166.319 96.5 0.011)
2025-10-02 17:27:54,056 - INFO - (166.152 96.5 0.01)
2025-10-02 17:27:54,066 - INFO - (165.985 96.5 0.008)
2025-10-02 17:27:54,076 - INFO - (165.834 96.5 0.006)
2025-10-02 17:27:54,086 - INFO - (165.651 96.5 0.007)
2025-10-02 17:27:54,096 - INFO - (165.483 96.5 0.005)
2025-10-02 17:27:54,106 - INFO - (165.333 96.5 0.004)
2025-10-02 17:27:54,116 - INFO - (165.149 96.5 -0.007)
2025-10-02 17:27:54,126 - INFO - (164.982 96.5 -0.005)
2025-10-02 17:27:54,136 - INFO - (164.815 96.5 -0.004)
2025-10-02 17:27:54,146 - INFO - (164.648 96.5 -0.005)
2025-10-02 17:27:54,156 - INFO - (164.481 96.5 -0.005)
2025-10-02 17:27:54,167 - INFO - (164.314 96.5 -0.004)
2025-10-02 17:27:54,177 - INFO - (164.147 96.5 -0.003)
2025-10-02 17:27:54,187 - INFO - (163.979 96.5 -0.003)
2025-10-02 17:27:54,197 - INFO - (163.812 96.5 -0.003)
2025-10-02 17:27:54,207 - INFO - (163.645 96.5 -0.002)
2025-10-02 17:27:54,216 - INFO - (163.478 96.5 -0.002)
2025-10-02 17:27:54,226 - INFO - (163.328 96.5 -0.001)
2025-10-02 17:27:54,236 - INFO - (163.144 96.5 -0.001)
2025-10-02 17:27:54,246 - INFO - (162.994 96.5 -0.001)
2025-10-02 17:27:54,256 - INFO - (162.826 96.5 -0.001)
2025-10-02 17:27:54,266 - INFO - (162.659 96.5 -0.001)
2025-10-02 17:27:54,276 - INFO - (162.509 96.5 -0.0)
2025-10-02 17:27:54,286 - INFO - (162.342 96.5 -0.001)
2025-10-02 17:27:54,296 - INFO - (162.158 96.5 -0.001)
2025-10-02 17:27:54,306 - INFO - (162.008 96.5 -0.0)
2025-10-02 17:27:54,317 - INFO - (161.841 96.5 -0.002)
2025-10-02 17:27:54,326 - INFO - (161.673 96.5 -0.003)
2025-10-02 17:27:54,336 - INFO - (161.506 96.5 -0.002)
2025-10-02 17:27:54,346 - INFO - (161.339 96.5 -0.002)
2025-10-02 17:27:54,356 - INFO - (161.172 96.5 -0.003)
2025-10-02 17:27:54,366 - INFO - (161.005 96.5 -0.003)
2025-10-02 17:27:54,376 - INFO - (160.838 96.5 -0.002)
2025-10-02 17:27:54,386 - INFO - (160.671 96.5 -0.002)
2025-10-02 17:27:54,396 - INFO - (160.504 96.5 -0.001)
2025-10-02 17:27:54,406 - INFO - (160.337 96.5 -0.001)
2025-10-02 17:27:54,416 - INFO - (160.17 96.5 0.003)
2025-10-02 17:27:54,426 - INFO - (159.986 96.5 0.008)
2025-10-02 17:27:54,436 - INFO - (159.819 96.5 0.006)
2025-10-02 17:27:54,446 - INFO - (159.652 96.5 0.005)
2025-10-02 17:27:54,456 - INFO - (159.484 96.5 0.014)
2025-10-02 17:27:54,466 - INFO - (159.317 96.5 0.011)
2025-10-02 17:27:54,476 - INFO - (159.167 96.5 0.008)
2025-10-02 17:27:54,486 - INFO - (158.983 96.5 0.011)
2025-10-02 17:27:54,497 - INFO - (158.816 96.5 0.01)
2025-10-02 17:27:54,507 - INFO - (158.649 96.5 0.008)
2025-10-02 17:27:54,517 - INFO - (158.499 96.5 0.005)
2025-10-02 17:27:54,527 - INFO - (158.315 96.5 0.003)
2025-10-02 17:27:54,536 - INFO - (158.164 96.5 0.002)
2025-10-02 17:27:54,546 - INFO - (157.997 96.5 0.002)
2025-10-02 17:27:54,556 - INFO - (157.83 96.5 0.002)
2025-10-02 17:27:54,566 - INFO - (157.663 96.5 0.002)
2025-10-02 17:27:54,577 - INFO - (157.496 96.5 0.002)
2025-10-02 17:27:54,587 - INFO - (157.329 96.5 0.003)
2025-10-02 17:27:54,597 - INFO - (157.162 96.5 0.005)
2025-10-02 17:27:54,606 - INFO - (156.995 96.5 0.004)
2025-10-02 17:27:54,616 - INFO - (156.827 96.5 0.003)
2025-10-02 17:27:54,626 - INFO - (156.66 96.5 0.0)
2025-10-02 17:27:54,636 - INFO - (156.493 96.5 0.0)
2025-10-02 17:27:54,646 - INFO - (156.326 96.5 0.0)
2025-10-02 17:27:54,656 - INFO - (156.159 96.5 -0.001)
2025-10-02 17:27:54,666 - INFO - (155.992 96.5 -0.002)
2025-10-02 17:27:54,676 - INFO - (155.841 96.5 -0.069)
2025-10-02 17:27:54,687 - INFO - (155.658 96.5 -0.039)
2025-10-02 17:27:54,697 - INFO - (155.489 96.5 13.612)
2025-10-02 17:27:54,707 - INFO - (155.321 96.5 -3.609)
2025-10-02 17:27:54,716 - INFO - (155.153 96.5 -3.548)
2025-10-02 17:27:54,726 - INFO - (154.986 96.5 -2.969)
2025-10-02 17:27:54,736 - INFO - (154.818 96.5 -2.62)
2025-10-02 17:27:54,746 - INFO - (154.668 96.5 -2.084)
2025-10-02 17:27:54,756 - INFO - (154.501 96.5 -2.054)
2025-10-02 17:27:54,766 - INFO - (154.334 96.5 -1.837)
2025-10-02 17:27:54,776 - INFO - (154.168 96.5 -1.604)
2025-10-02 17:27:54,786 - INFO - (154.002 96.5 -1.212)
2025-10-02 17:27:54,796 - INFO - (153.836 96.5 -28.252)
2025-10-02 17:27:54,806 - INFO - (153.673 96.5 -0.002)
2025-10-02 17:27:54,816 - INFO - (153.509 96.5 -0.001)
2025-10-02 17:27:54,826 - INFO - (153.362 96.5 -0.001)
2025-10-02 17:27:54,836 - INFO - (153.199 96.5 0.0)
2025-10-02 17:27:54,846 - INFO - (153.035 96.5 0.001)
2025-10-02 17:27:54,856 - INFO - (152.872 96.5 0.002)
2025-10-02 17:27:54,866 - INFO - (152.708 96.5 0.003)
2025-10-02 17:27:54,876 - INFO - (152.56 96.5 22.813)
2025-10-02 17:27:54,886 - INFO - (152.377 96.5 7.114)
2025-10-02 17:27:54,896 - INFO - (152.21 96.5 4.662)
2025-10-02 17:27:54,906 - INFO - (152.043 96.5 4.08)
2025-10-02 17:27:54,917 - INFO - (151.876 96.5 3.471)
2025-10-02 17:27:54,926 - INFO - (151.708 96.5 2.912)
2025-10-02 17:27:54,936 - INFO - (151.523 96.5 2.583)
2025-10-02 17:27:54,946 - INFO - (151.371 96.5 1.739)
2025-10-02 17:27:54,956 - INFO - (151.186 96.5 1.726)
2025-10-02 17:27:54,967 - INFO - (151.017 96.5 1.168)
2025-10-02 17:27:54,977 - INFO - (150.848 96.5 0.888)
2025-10-02 17:27:54,987 - INFO - (150.68 96.5 0.664)
2025-10-02 17:27:54,997 - INFO - (150.529 96.5 -18.338)
2025-10-02 17:27:55,007 - INFO - (150.362 96.5 1.22)
2025-10-02 17:27:55,017 - INFO - (150.194 96.5 1.465)
2025-10-02 17:27:55,026 - INFO - (150.027 96.5 0.932)
2025-10-02 17:27:55,036 - INFO - (149.86 96.5 0.392)
2025-10-02 17:27:55,046 - INFO - (149.692 96.5 0.079)
2025-10-02 17:27:55,056 - INFO - (149.525 96.5 -0.159)
2025-10-02 17:27:55,066 - INFO - (149.357 96.5 -0.023)
2025-10-02 17:27:55,076 - INFO - (149.19 96.5 -0.356)
2025-10-02 17:27:55,086 - INFO - (149.023 96.5 -0.42)
2025-10-02 17:27:55,096 - INFO - (148.855 96.5 -0.42)
2025-10-02 17:27:55,106 - INFO - (148.688 96.5 -0.357)
2025-10-02 17:27:55,116 - INFO - (148.537 96.5 -0.35)
2025-10-02 17:27:55,126 - INFO - (148.354 96.5 -0.455)
2025-10-02 17:27:55,136 - INFO - (148.186 96.5 -0.368)
2025-10-02 17:27:55,146 - INFO - (148.019 96.5 -0.375)
2025-10-02 17:27:55,156 - INFO - (147.852 96.5 -0.404)
2025-10-02 17:27:55,166 - INFO - (147.685 96.5 -0.535)
2025-10-02 17:27:55,176 - INFO - (147.535 96.5 -0.366)
2025-10-02 17:27:55,186 - INFO - (147.368 96.5 -0.215)
2025-10-02 17:27:55,196 - INFO - (147.201 96.5 -0.165)
2025-10-02 17:27:55,206 - INFO - (147.034 96.5 -0.054)
2025-10-02 17:27:55,217 - INFO - (146.867 96.5 -0.027)
2025-10-02 17:27:55,227 - INFO - (146.7 96.5 -0.021)
2025-10-02 17:27:55,237 - INFO - (146.55 96.5 0.007)
2025-10-02 17:27:55,247 - INFO - (146.383 96.5 0.046)
2025-10-02 17:27:55,257 - INFO - (146.216 96.5 0.036)
2025-10-02 17:27:55,266 - INFO - (146.049 96.5 0.028)
2025-10-02 17:27:55,276 - INFO - (145.882 96.5 0.081)
2025-10-02 17:27:55,286 - INFO - (145.715 96.5 0.069)
2025-10-02 17:27:55,296 - INFO - (145.548 96.5 0.054)
2025-10-02 17:27:55,306 - INFO - (145.365 96.5 0.1)
2025-10-02 17:27:55,316 - INFO - (145.198 96.5 0.104)
2025-10-02 17:27:55,326 - INFO - (145.031 96.5 0.082)
2025-10-02 17:27:55,336 - INFO - (144.864 96.5 0.08)
2025-10-02 17:27:55,346 - INFO - (144.697 96.5 0.116)
2025-10-02 17:27:55,356 - INFO - (144.53 96.5 0.09)
2025-10-02 17:27:55,367 - INFO - (144.363 96.5 0.071)
2025-10-02 17:27:55,377 - INFO - (144.196 96.5 0.062)
2025-10-02 17:27:55,387 - INFO - (144.029 96.5 0.05)
2025-10-02 17:27:55,397 - INFO - (143.878 96.5 0.036)
2025-10-02 17:27:55,407 - INFO - (143.694 96.5 0.005)
2025-10-02 17:27:55,417 - INFO - (143.527 96.5 -0.036)
2025-10-02 17:27:55,426 - INFO - (143.36 96.5 -0.028)
2025-10-02 17:27:55,436 - INFO - (143.193 96.5 -0.022)
2025-10-02 17:27:55,446 - INFO - (143.01 96.5 -0.076)
2025-10-02 17:27:55,456 - INFO - (142.843 96.5 -0.053)
2025-10-02 17:27:55,466 - INFO - (142.676 96.5 -0.041)
2025-10-02 17:27:55,477 - INFO - (142.509 96.5 -0.053)
2025-10-02 17:27:55,487 - INFO - (142.342 96.5 -0.048)
2025-10-02 17:27:55,497 - INFO - (142.175 96.5 -0.038)
2025-10-02 17:27:55,507 - INFO - (142.008 96.5 -0.038)
2025-10-02 17:27:55,517 - INFO - (141.857 96.5 -0.041)
2025-10-02 17:27:55,526 - INFO - (141.69 96.5 -0.036)
2025-10-02 17:27:55,536 - INFO - (141.523 96.5 -0.028)
2025-10-02 17:27:55,546 - INFO - (141.356 96.5 -0.033)
2025-10-02 17:27:55,556 - INFO - (141.189 96.5 -0.028)
2025-10-02 17:27:55,566 - INFO - (141.022 96.5 -0.022)
2025-10-02 17:27:55,576 - INFO - (140.855 96.5 -0.023)
2025-10-02 17:27:55,586 - INFO - (140.688 96.5 -0.025)
2025-10-02 17:27:55,596 - INFO - (140.522 96.5 -0.02)
2025-10-02 17:27:55,606 - INFO - (140.355 96.5 -0.015)
2025-10-02 17:27:55,616 - INFO - (140.188 96.5 -0.028)
2025-10-02 17:27:55,626 - INFO - (140.037 96.5 -0.019)
2025-10-02 17:27:55,636 - INFO - (139.854 96.5 -0.019)
2025-10-02 17:27:55,646 - INFO - (139.687 96.5 -0.008)
2025-10-02 17:27:55,656 - INFO - (139.536 96.5 -0.003)
2025-10-02 17:27:55,666 - INFO - (139.369 96.5 -0.002)
2025-10-02 17:27:55,676 - INFO - (139.203 96.5 0.002)
2025-10-02 17:27:55,686 - INFO - (139.036 96.5 0.028)
2025-10-02 17:27:55,696 - INFO - (138.869 96.5 0.022)
2025-10-02 17:27:55,707 - INFO - (138.702 96.5 0.017)
2025-10-02 17:27:55,717 - INFO - (138.551 96.5 0.046)
2025-10-02 17:27:55,727 - INFO - (138.368 96.5 0.047)
2025-10-02 17:27:55,737 - INFO - (138.217 96.5 0.034)
2025-10-02 17:27:55,746 - INFO - (138.05 96.5 0.038)
2025-10-02 17:27:55,756 - INFO - (137.883 96.5 0.058)
2025-10-02 17:27:55,766 - INFO - (137.7 96.5 0.049)
2025-10-02 17:27:55,776 - INFO - (137.533 96.5 0.035)
2025-10-02 17:27:55,786 - INFO - (137.366 96.5 0.057)
2025-10-02 17:27:55,796 - INFO - (137.199 96.5 0.047)
2025-10-02 17:27:55,806 - INFO - (137.032 96.5 0.037)
2025-10-02 17:27:55,817 - INFO - (136.865 96.5 0.066)
2025-10-02 17:27:55,827 - INFO - (136.698 96.5 0.082)
2025-10-02 17:27:55,837 - INFO - (136.531 96.5 0.064)
2025-10-02 17:27:55,847 - INFO - (136.364 96.5 0.051)
2025-10-02 17:27:55,856 - INFO - (136.197 96.5 0.043)
2025-10-02 17:27:55,866 - INFO - (136.03 96.5 0.033)
2025-10-02 17:27:55,877 - INFO - (135.863 96.5 0.026)
2025-10-02 17:27:55,887 - INFO - (135.696 96.5 -0.003)
2025-10-02 17:27:55,896 - INFO - (135.528 96.5 -0.01)
2025-10-02 17:27:55,906 - INFO - (135.361 96.5 -0.008)
2025-10-02 17:27:55,916 - INFO - (135.194 96.5 -0.011)
2025-10-02 17:27:55,926 - INFO - (135.027 96.5 -0.017)
2025-10-02 17:27:55,936 - INFO - (134.86 96.5 -0.013)
2025-10-02 17:27:55,946 - INFO - (134.677 96.5 -0.011)
2025-10-02 17:27:55,957 - INFO - (134.51 96.5 -0.011)
2025-10-02 17:27:55,967 - INFO - (134.359 96.5 -0.008)
2025-10-02 17:27:55,977 - INFO - (134.192 96.5 -0.007)
2025-10-02 17:27:55,986 - INFO - (134.025 96.5 -0.006)
2025-10-02 17:27:55,996 - INFO - (133.858 96.5 0.424)
2025-10-02 17:27:56,006 - INFO - (133.691 96.5 1.15)
2025-10-02 17:27:56,016 - INFO - (133.524 96.5 -0.543)
2025-10-02 17:27:56,026 - INFO - (133.357 96.5 -0.332)
2025-10-02 17:27:56,036 - INFO - (133.19 96.5 -0.018)
2025-10-02 17:27:56,046 - INFO - (133.023 96.5 -0.087)
2025-10-02 17:27:56,056 - INFO - (132.855 96.5 -0.101)
2025-10-02 17:27:56,066 - INFO - (132.688 96.5 -0.023)
2025-10-02 17:27:56,076 - INFO - (132.521 96.5 -1.003)
2025-10-02 17:27:56,086 - INFO - (132.354 96.5 -0.604)
2025-10-02 17:27:56,096 - INFO - (132.187 96.5 -0.318)
2025-10-02 17:27:56,106 - INFO - (132.021 96.5 -1.747)
2025-10-02 17:27:56,117 - INFO - (131.854 96.5 0.909)
2025-10-02 17:27:56,126 - INFO - (131.687 96.5 1.114)
2025-10-02 17:27:56,136 - INFO - (131.52 96.5 0.837)
2025-10-02 17:27:56,146 - INFO - (131.353 96.5 0.458)
2025-10-02 17:27:56,156 - INFO - (131.186 96.5 -0.184)
2025-10-02 17:27:56,166 - INFO - (131.019 96.5 -1.064)
2025-10-02 17:27:56,177 - INFO - (130.852 96.5 -0.005)
2025-10-02 17:27:56,187 - INFO - (130.685 96.5 -0.051)
2025-10-02 17:27:56,197 - INFO - (130.535 96.5 -0.059)
2025-10-02 17:27:56,207 - INFO - (130.368 96.5 -0.05)
2025-10-02 17:27:56,216 - INFO - (130.201 96.5 -0.039)
2025-10-02 17:27:56,226 - INFO - (130.034 96.5 0.112)
2025-10-02 17:27:56,236 - INFO - (129.867 96.5 0.166)
2025-10-02 17:27:56,246 - INFO - (129.7 96.5 0.131)
2025-10-02 17:27:56,256 - INFO - (129.533 96.5 0.047)
2025-10-02 17:27:56,266 - INFO - (129.366 96.5 -0.149)
2025-10-02 17:27:56,276 - INFO - (129.2 96.5 -0.115)
2025-10-02 17:27:56,287 - INFO - (129.033 96.5 -0.091)
2025-10-02 17:27:56,297 - INFO - (128.866 96.5 0.177)
2025-10-02 17:27:56,307 - INFO - (128.699 96.5 0.188)
2025-10-02 17:27:56,316 - INFO - (128.532 96.5 0.148)
2025-10-02 17:27:56,327 - INFO - (128.365 96.5 0.067)
2025-10-02 17:27:56,336 - INFO - (128.198 96.5 -0.009)
2025-10-02 17:27:56,346 - INFO - (128.031 96.5 -0.007)
2025-10-02 17:27:56,356 - INFO - (127.864 96.5 -0.006)
2025-10-02 17:27:56,366 - INFO - (127.697 96.5 -0.117)
2025-10-02 17:27:56,376 - INFO - (127.53 96.5 -0.09)
2025-10-02 17:27:56,386 - INFO - (127.363 96.5 -0.071)
2025-10-02 17:27:56,396 - INFO - (127.196 96.5 -0.1)
2025-10-02 17:27:56,406 - INFO - (127.029 96.5 -0.102)
2025-10-02 17:27:56,416 - INFO - (126.862 96.5 -0.08)
2025-10-02 17:27:56,431 - INFO - (126.695 96.5 -0.068)
2025-10-02 17:27:56,436 - INFO - (126.478 96.5 -0.089)
2025-10-02 17:27:56,446 - INFO - (126.445 96.5 -0.011)
2025-10-02 17:27:56,457 - INFO - (126.261 96.5 -0.054)
2025-10-02 17:27:56,466 - INFO - (126.078 96.5 -0.043)
2025-10-02 17:27:56,476 - INFO - (125.911 96.5 -0.032)
2025-10-02 17:27:56,486 - INFO - (125.727 96.5 -0.027)
2025-10-02 17:27:56,496 - INFO - (125.561 96.5 -0.018)
2025-10-02 17:27:56,506 - INFO - (125.394 96.5 -0.012)
2025-10-02 17:27:56,516 - INFO - (125.227 96.5 -0.009)
2025-10-02 17:27:56,526 - INFO - (125.06 96.5 -0.007)
2025-10-02 17:27:56,536 - INFO - (124.893 96.5 -0.003)
2025-10-02 17:27:56,546 - INFO - (124.726 96.5 -0.002)
2025-10-02 17:27:56,556 - INFO - (124.559 96.5 -0.002)
2025-10-02 17:27:56,566 - INFO - (124.392 96.5 -0.001)
2025-10-02 17:27:56,577 - INFO - (124.226 96.5 -0.0)
2025-10-02 17:27:56,587 - INFO - (124.059 96.5 -0.0)
2025-10-02 17:27:56,597 - INFO - (123.892 96.5 -0.0)
2025-10-02 17:27:56,607 - INFO - (123.725 96.5 -0.002)
2025-10-02 17:27:56,617 - INFO - (123.558 96.5 -0.002)
2025-10-02 17:27:56,626 - INFO - (123.391 96.5 -0.001)
2025-10-02 17:27:56,636 - INFO - (123.224 96.5 -0.003)
2025-10-02 17:27:56,646 - INFO - (123.057 96.5 -0.084)
2025-10-02 17:27:56,657 - INFO - (122.874 96.5 1.519)
2025-10-02 17:27:56,667 - INFO - (122.707 96.5 -0.105)
2025-10-02 17:27:56,677 - INFO - (122.54 96.5 -0.601)
2025-10-02 17:27:56,686 - INFO - (122.39 96.5 0.021)
2025-10-02 17:27:56,696 - INFO - (122.223 96.5 -0.268)
2025-10-02 17:27:56,706 - INFO - (122.039 96.5 -0.2)
2025-10-02 17:27:56,717 - INFO - (121.889 96.5 0.613)
2025-10-02 17:27:56,726 - INFO - (121.722 96.5 -0.355)
2025-10-02 17:27:56,736 - INFO - (121.538 96.5 -0.45)
2025-10-02 17:27:56,746 - INFO - (121.371 96.5 -0.17)
2025-10-02 17:27:56,756 - INFO - (121.205 96.5 -0.129)
2025-10-02 17:27:56,766 - INFO - (121.055 96.5 -1.491)
2025-10-02 17:27:56,776 - INFO - (120.871 96.5 1.437)
2025-10-02 17:27:56,786 - INFO - (120.704 96.5 1.337)
2025-10-02 17:27:56,796 - INFO - (120.537 96.5 1.19)
2025-10-02 17:27:56,806 - INFO - (120.37 96.5 0.204)
2025-10-02 17:27:56,816 - INFO - (120.203 96.5 -0.089)
2025-10-02 17:27:56,826 - INFO - (120.036 96.5 -1.259)
2025-10-02 17:27:56,836 - INFO - (119.869 96.5 -0.227)
2025-10-02 17:27:56,846 - INFO - (119.702 96.5 -0.466)
2025-10-02 17:27:56,856 - INFO - (119.535 96.5 -0.362)
2025-10-02 17:27:56,866 - INFO - (119.368 96.5 -0.283)
2025-10-02 17:27:56,876 - INFO - (119.201 96.5 0.082)
2025-10-02 17:27:56,886 - INFO - (119.034 96.5 0.089)
2025-10-02 17:27:56,896 - INFO - (118.868 96.5 0.07)
2025-10-02 17:27:56,906 - INFO - (118.701 96.5 -0.054)
2025-10-02 17:27:56,916 - INFO - (118.534 96.5 -0.134)
2025-10-02 17:27:56,926 - INFO - (118.367 96.5 -0.105)
2025-10-02 17:27:56,936 - INFO - (118.2 96.5 -0.058)
2025-10-02 17:27:56,946 - INFO - (118.033 96.5 0.14)
2025-10-02 17:27:56,957 - INFO - (117.85 96.5 0.118)
2025-10-02 17:27:56,966 - INFO - (117.7 96.5 0.083)
2025-10-02 17:27:56,976 - INFO - (117.533 96.5 0.042)
2025-10-02 17:27:56,986 - INFO - (117.366 96.5 0.033)
2025-10-02 17:27:56,996 - INFO - (117.199 96.5 0.026)
2025-10-02 17:27:57,007 - INFO - (117.032 96.5 0.053)
2025-10-02 17:27:57,017 - INFO - (116.865 96.5 0.104)
2025-10-02 17:27:57,027 - INFO - (116.698 96.5 0.082)
2025-10-02 17:27:57,037 - INFO - (116.548 96.5 0.058)
2025-10-02 17:27:57,047 - INFO - (116.381 96.5 0.112)
2025-10-02 17:27:57,057 - INFO - (116.214 96.5 0.099)
2025-10-02 17:27:57,067 - INFO - (116.031 96.5 0.085)
2025-10-02 17:27:57,076 - INFO - (115.864 96.5 0.089)
2025-10-02 17:27:57,086 - INFO - (115.697 96.5 0.094)
2025-10-02 17:27:57,096 - INFO - (115.546 96.5 0.067)
2025-10-02 17:27:57,106 - INFO - (115.379 96.5 0.059)
2025-10-02 17:27:57,116 - INFO - (115.212 96.5 0.108)
2025-10-02 17:27:57,126 - INFO - (115.045 96.5 0.083)
2025-10-02 17:27:57,136 - INFO - (114.878 96.5 0.066)
2025-10-02 17:27:57,146 - INFO - (114.711 96.5 0.08)
2025-10-02 17:27:57,157 - INFO - (114.544 96.5 0.079)
2025-10-02 17:27:57,167 - INFO - (114.394 96.5 0.056)
2025-10-02 17:27:57,177 - INFO - (114.227 96.5 0.058)
2025-10-02 17:27:57,186 - INFO - (114.06 96.5 0.112)
2025-10-02 17:27:57,196 - INFO - (113.893 96.5 0.087)
2025-10-02 17:27:57,206 - INFO - (113.726 96.5 0.068)
2025-10-02 17:27:57,216 - INFO - (113.559 96.5 0.011)
2025-10-02 17:27:57,227 - INFO - (113.392 96.5 -0.006)
2025-10-02 17:27:57,236 - INFO - (113.225 96.5 -0.005)
2025-10-02 17:27:57,246 - INFO - (113.058 96.5 -0.02)
2025-10-02 17:27:57,257 - INFO - (112.874 96.5 -0.05)
2025-10-02 17:27:57,266 - INFO - (112.724 96.5 -0.032)
2025-10-02 17:27:57,276 - INFO - (112.54 96.5 -0.031)
2025-10-02 17:27:57,286 - INFO - (112.373 96.5 -0.045)
2025-10-02 17:27:57,296 - INFO - (112.206 96.5 -0.035)
2025-10-02 17:27:57,306 - INFO - (112.039 96.5 -0.027)
2025-10-02 17:27:57,317 - INFO - (111.872 96.5 -0.037)
2025-10-02 17:27:57,326 - INFO - (111.705 96.5 -0.038)
2025-10-02 17:27:57,336 - INFO - (111.538 96.5 -0.03)
2025-10-02 17:27:57,346 - INFO - (111.371 96.5 -0.027)
2025-10-02 17:27:57,356 - INFO - (111.204 96.5 -0.033)
2025-10-02 17:27:57,366 - INFO - (111.037 96.5 -0.026)
2025-10-02 17:27:57,376 - INFO - (110.87 96.5 -0.02)
2025-10-02 17:27:57,386 - INFO - (110.719 96.5 -0.035)
2025-10-02 17:27:57,396 - INFO - (110.536 96.5 -0.04)
2025-10-02 17:27:57,406 - INFO - (110.369 96.5 -0.028)
2025-10-02 17:27:57,416 - INFO - (110.202 96.5 -0.022)
2025-10-02 17:27:57,426 - INFO - (110.035 96.5 -0.017)
2025-10-02 17:27:57,436 - INFO - (109.868 96.5 -0.014)
2025-10-02 17:27:57,446 - INFO - (109.701 96.5 -0.011)
2025-10-02 17:27:57,456 - INFO - (109.534 96.5 0.019)
2025-10-02 17:27:57,466 - INFO - (109.367 96.5 0.015)
2025-10-02 17:27:57,476 - INFO - (109.2 96.5 0.011)
2025-10-02 17:27:57,486 - INFO - (109.033 96.5 0.028)
2025-10-02 17:27:57,496 - INFO - (108.866 96.5 0.032)
2025-10-02 17:27:57,506 - INFO - (108.699 96.5 0.025)
2025-10-02 17:27:57,516 - INFO - (108.532 96.5 0.024)
2025-10-02 17:27:57,526 - INFO - (108.365 96.5 0.034)
2025-10-02 17:27:57,536 - INFO - (108.198 96.5 0.026)
2025-10-02 17:27:57,546 - INFO - (108.031 96.5 0.021)
2025-10-02 17:27:57,556 - INFO - (107.864 96.5 0.035)
2025-10-02 17:27:57,566 - INFO - (107.697 96.5 0.031)
2025-10-02 17:27:57,576 - INFO - (107.53 96.5 0.025)
2025-10-02 17:27:57,586 - INFO - (107.363 96.5 0.029)
2025-10-02 17:27:57,596 - INFO - (107.196 96.5 0.034)
2025-10-02 17:27:57,606 - INFO - (107.029 96.5 0.027)
2025-10-02 17:27:57,616 - INFO - (106.862 96.5 0.021)
2025-10-02 17:27:57,626 - INFO - (106.694 96.5 0.025)
2025-10-02 17:27:57,636 - INFO - (106.527 96.5 0.019)
2025-10-02 17:27:57,646 - INFO - (106.36 96.5 0.015)
2025-10-02 17:27:57,656 - INFO - (106.177 96.5 0.015)
2025-10-02 17:27:57,666 - INFO - (106.026 96.5 0.01)
2025-10-02 17:27:57,676 - INFO - (105.859 96.5 0.009)
2025-10-02 17:27:57,686 - INFO - (105.692 96.5 0.007)
2025-10-02 17:27:57,696 - INFO - (105.525 96.5 0.006)
2025-10-02 17:27:57,706 - INFO - (105.358 96.5 0.005)
2025-10-02 17:27:57,716 - INFO - (105.191 96.5 0.004)
2025-10-02 17:27:57,726 - INFO - (105.024 96.5 0.004)
2025-10-02 17:27:57,736 - INFO - (104.857 96.5 0.003)
2025-10-02 17:27:57,746 - INFO - (104.69 96.5 0.002)
2025-10-02 17:27:57,756 - INFO - (104.523 96.5 0.002)
2025-10-02 17:27:57,766 - INFO - (104.356 96.5 0.002)
2025-10-02 17:27:57,776 - INFO - (104.189 96.5 0.002)
2025-10-02 17:27:57,786 - INFO - (104.022 96.5 0.001)
2025-10-02 17:27:57,796 - INFO - (103.855 96.5 0.002)
2025-10-02 17:27:57,806 - INFO - (103.688 96.5 0.002)
2025-10-02 17:27:57,816 - INFO - (103.521 96.5 0.001)
2025-10-02 17:27:57,826 - INFO - (103.354 96.5 0.002)
2025-10-02 17:27:57,836 - INFO - (103.187 96.5 0.002)
2025-10-02 17:27:57,846 - INFO - (103.019 96.5 0.001)
2025-10-02 17:27:57,856 - INFO - (102.852 96.5 0.001)
2025-10-02 17:27:57,866 - INFO - (102.685 96.5 0.002)
2025-10-02 17:27:57,876 - INFO - (102.518 96.5 0.002)
2025-10-02 17:27:57,886 - INFO - (102.351 96.5 0.001)
2025-10-02 17:27:57,896 - INFO - (102.184 96.5 0.003)
2025-10-02 17:27:57,906 - INFO - (102.017 96.5 0.002)
2025-10-02 17:27:57,917 - INFO - (101.85 96.5 0.002)
2025-10-02 17:27:57,926 - INFO - (101.683 96.5 0.002)
2025-10-02 17:27:57,936 - INFO - (101.516 96.5 0.002)
2025-10-02 17:27:57,946 - INFO - (101.349 96.5 0.002)
2025-10-02 17:27:57,956 - INFO - (101.182 96.5 0.001)
2025-10-02 17:27:57,966 - INFO - (101.015 96.5 0.003)
2025-10-02 17:27:57,976 - INFO - (100.848 96.5 0.002)
2025-10-02 17:27:57,986 - INFO - (100.681 96.5 0.002)
2025-10-02 17:27:57,996 - INFO - (100.514 96.5 0.004)
2025-10-02 17:27:58,006 - INFO - (100.347 96.5 0.004)
2025-10-02 17:27:58,016 - INFO - (100.18 96.5 0.003)
2025-10-02 17:27:58,026 - INFO - (100.013 96.5 0.006)
2025-10-02 17:27:58,036 - INFO - (99.845 96.5 0.015)
2025-10-02 17:27:58,046 - INFO - (99.678 96.5 0.012)
2025-10-02 17:27:58,056 - INFO - (99.511 96.5 0.009)
2025-10-02 17:27:58,066 - INFO - (99.344 96.5 0.021)
2025-10-02 17:27:58,076 - INFO - (99.177 96.5 0.019)
2025-10-02 17:27:58,086 - INFO - (99.01 96.5 0.015)
2025-10-02 17:27:58,096 - INFO - (98.86 96.5 0.016)
2025-10-02 17:27:58,106 - INFO - (98.693 96.5 0.025)
2025-10-02 17:27:58,116 - INFO - (98.526 96.5 0.019)
2025-10-02 17:27:58,126 - INFO - (98.359 96.5 0.015)
2025-10-02 17:27:58,136 - INFO - (98.192 96.5 0.019)
2025-10-02 17:27:58,146 - INFO - (98.024 96.5 0.015)
2025-10-02 17:27:58,156 - INFO - (97.857 96.5 0.012)
2025-10-02 17:27:58,166 - INFO - (97.674 96.5 0.01)
2025-10-02 17:27:58,176 - INFO - (97.507 96.5 0.008)
2025-10-02 17:27:58,186 - INFO - (97.356 96.5 0.005)
2025-10-02 17:27:58,196 - INFO - (97.189 96.5 0.004)
2025-10-02 17:27:58,206 - INFO - (97.022 96.5 0.001)
2025-10-02 17:27:58,216 - INFO - (96.855 96.5 0.001)
2025-10-02 17:27:58,226 - INFO - (96.688 96.5 0.001)
2025-10-02 17:27:58,236 - INFO - (96.521 96.5 -0.001)
2025-10-02 17:27:58,246 - INFO - (96.354 96.5 -0.001)
2025-10-02 17:27:58,257 - INFO - (96.187 96.5 -0.001)
2025-10-02 17:27:58,267 - INFO - (96.02 96.5 -0.001)
2025-10-02 17:27:58,277 - INFO - (95.852 96.5 -0.001)
2025-10-02 17:27:58,287 - INFO - (95.702 96.5 -0.001)
2025-10-02 17:27:58,296 - INFO - (95.535 96.5 -0.001)
2025-10-02 17:27:58,306 - INFO - (95.368 96.5 -0.0)
2025-10-02 17:27:58,316 - INFO - (95.184 96.5 0.0)
2025-10-02 17:27:58,326 - INFO - (95.017 96.5 0.0)
2025-10-02 17:27:58,336 - INFO - (94.85 96.5 0.001)
2025-10-02 17:27:58,346 - INFO - (94.683 96.5 0.001)
2025-10-02 17:27:58,356 - INFO - (94.516 96.5 0.001)
2025-10-02 17:27:58,366 - INFO - (94.349 96.5 0.001)
2025-10-02 17:27:58,376 - INFO - (94.182 96.5 0.003)
2025-10-02 17:27:58,386 - INFO - (94.015 96.5 0.002)
2025-10-02 17:27:58,396 - INFO - (93.848 96.5 0.002)
2025-10-02 17:27:58,406 - INFO - (93.68 96.5 0.003)
2025-10-02 17:27:58,416 - INFO - (93.513 96.5 0.003)
2025-10-02 17:27:58,426 - INFO - (93.346 96.5 0.003)
2025-10-02 17:27:58,436 - INFO - (93.162 96.5 0.003)
2025-10-02 17:27:58,447 - INFO - (92.995 96.5 0.003)
2025-10-02 17:27:58,456 - INFO - (92.828 96.5 0.003)
2025-10-02 17:27:58,466 - INFO - (92.661 96.5 0.002)
2025-10-02 17:27:58,476 - INFO - (92.494 96.5 0.004)
2025-10-02 17:27:58,486 - INFO - (92.327 96.5 0.003)
2025-10-02 17:27:58,496 - INFO - (92.16 96.5 0.002)
2025-10-02 17:27:58,507 - INFO - (91.993 96.5 0.003)
2025-10-02 17:27:58,516 - INFO - (91.826 96.5 0.004)
2025-10-02 17:27:58,526 - INFO - (91.659 96.5 0.003)
2025-10-02 17:27:58,536 - INFO - (91.492 96.5 0.003)
2025-10-02 17:27:58,546 - INFO - (91.325 96.5 0.004)
2025-10-02 17:27:58,556 - INFO - (91.158 96.5 0.003)
2025-10-02 17:27:58,566 - INFO - (90.99 96.5 0.002)
2025-10-02 17:27:58,576 - INFO - (90.823 96.5 0.004)
2025-10-02 17:27:58,586 - INFO - (90.656 96.5 0.004)
2025-10-02 17:27:58,596 - INFO - (90.506 96.5 0.003)
2025-10-02 17:27:58,606 - INFO - (90.322 96.5 0.005)
2025-10-02 17:27:58,616 - INFO - (90.155 96.5 0.006)
2025-10-02 17:27:58,626 - INFO - (90.005 96.5 0.005)
2025-10-02 17:27:58,636 - INFO - (89.838 96.5 0.004)
2025-10-02 17:27:58,646 - INFO - (89.67 96.5 0.004)
2025-10-02 17:27:58,656 - INFO - (89.487 96.5 0.003)
2025-10-02 17:27:58,666 - INFO - (89.32 96.5 0.002)
2025-10-02 17:27:58,676 - INFO - (89.152 96.5 -0.001)
2025-10-02 17:27:58,686 - INFO - (89.002 96.5 -0.002)
2025-10-02 17:27:58,696 - INFO - (88.835 96.5 -0.001)
2025-10-02 17:27:58,706 - INFO - (88.668 96.5 -0.001)
2025-10-02 17:27:58,717 - INFO - (88.501 96.5 -0.004)
2025-10-02 17:27:58,727 - INFO - (88.334 96.5 -0.003)
2025-10-02 17:27:58,737 - INFO - (88.167 96.5 -0.003)
2025-10-02 17:27:58,747 - INFO - (88.0 96.5 -0.003)
2025-10-02 17:27:58,757 - INFO - (87.832 96.5 -0.003)
2025-10-02 17:27:58,766 - INFO - (87.665 96.5 -0.002)
2025-10-02 17:27:58,776 - INFO - (87.498 96.5 -0.002)
2025-10-02 17:27:58,786 - INFO - (87.331 96.5 -0.001)
2025-10-02 17:27:58,796 - INFO - (87.164 96.5 -0.001)
2025-10-02 17:27:58,806 - INFO - (86.997 96.5 -0.001)
2025-10-02 17:27:58,816 - INFO - (86.83 96.5 0.001)
2025-10-02 17:27:58,826 - INFO - (86.663 96.5 0.001)
2025-10-02 17:27:58,836 - INFO - (86.496 96.5 0.0)
2025-10-02 17:27:58,846 - INFO - (86.329 96.5 0.001)
2025-10-02 17:27:58,857 - INFO - (86.162 96.5 0.002)
2025-10-02 17:27:58,867 - INFO - (85.995 96.5 0.001)
2025-10-02 17:27:58,876 - INFO - (85.827 96.5 0.001)
2025-10-02 17:27:58,886 - INFO - (85.66 96.5 0.003)
2025-10-02 17:27:58,896 - INFO - (85.493 96.5 0.002)
2025-10-02 17:27:58,906 - INFO - (85.326 96.5 0.002)
2025-10-02 17:27:58,916 - INFO - (85.159 96.5 0.003)
2025-10-02 17:27:58,926 - INFO - (84.992 96.5 0.003)
2025-10-02 17:27:58,936 - INFO - (84.825 96.5 0.002)
2025-10-02 17:27:58,946 - INFO - (84.658 96.5 0.003)
2025-10-02 17:27:58,956 - INFO - (84.491 96.5 0.004)
2025-10-02 17:27:58,966 - INFO - (84.324 96.5 0.003)
2025-10-02 17:27:58,976 - INFO - (84.157 96.5 0.003)
2025-10-02 17:27:58,986 - INFO - (83.989 96.5 0.005)
2025-10-02 17:27:58,996 - INFO - (83.822 96.5 0.004)
2025-10-02 17:27:59,006 - INFO - (83.655 96.5 0.003)
2025-10-02 17:27:59,016 - INFO - (83.488 96.5 0.003)
2025-10-02 17:27:59,026 - INFO - (83.321 96.5 0.003)
2025-10-02 17:27:59,036 - INFO - (83.154 96.5 0.003)
2025-10-02 17:27:59,046 - INFO - (82.987 96.5 0.002)
2025-10-02 17:27:59,056 - INFO - (82.803 96.5 -0.002)
2025-10-02 17:27:59,066 - INFO - (82.636 96.5 -0.001)
2025-10-02 17:27:59,076 - INFO - (82.469 96.5 -0.001)
2025-10-02 17:27:59,086 - INFO - (82.302 96.5 -0.002)
2025-10-02 17:27:59,096 - INFO - (82.151 96.5 -0.002)
2025-10-02 17:27:59,107 - INFO - (81.984 96.5 -0.002)
2025-10-02 17:27:59,116 - INFO - (81.817 96.5 -0.002)
2025-10-02 17:27:59,126 - INFO - (81.65 96.5 -0.003)
2025-10-02 17:27:59,136 - INFO - (81.483 96.5 -0.002)
2025-10-02 17:27:59,146 - INFO - (81.316 96.5 -0.002)
2025-10-02 17:27:59,156 - INFO - (81.149 96.5 -0.003)
2025-10-02 17:27:59,166 - INFO - (80.982 96.5 -0.002)
2025-10-02 17:27:59,176 - INFO - (80.815 96.5 -0.002)
2025-10-02 17:27:59,186 - INFO - (80.648 96.5 -0.002)
2025-10-02 17:27:59,196 - INFO - (80.497 96.5 -0.001)
2025-10-02 17:27:59,206 - INFO - (80.33 96.5 -0.001)
2025-10-02 17:27:59,216 - INFO - (80.163 96.5 -0.001)
2025-10-02 17:27:59,226 - INFO - (79.996 96.5 0.007)
2025-10-02 17:27:59,236 - INFO - (79.829 96.5 0.006)
2025-10-02 17:27:59,246 - INFO - (79.662 96.5 0.004)
2025-10-02 17:27:59,256 - INFO - (79.495 96.5 0.0)
2025-10-02 17:27:59,266 - INFO - (79.328 96.5 -0.001)
2025-10-02 17:27:59,276 - INFO - (79.161 96.5 -0.001)
2025-10-02 17:27:59,286 - INFO - (78.994 96.5 -0.001)
2025-10-02 17:27:59,296 - INFO - (78.826 96.5 -0.003)
2025-10-02 17:27:59,307 - INFO - (78.659 96.5 -0.002)
2025-10-02 17:27:59,316 - INFO - (78.492 96.5 -0.002)
2025-10-02 17:27:59,326 - INFO - (78.325 96.5 -0.002)
2025-10-02 17:27:59,336 - INFO - (78.158 96.5 -0.001)
2025-10-02 17:27:59,346 - INFO - (77.991 96.5 -0.001)
2025-10-02 17:27:59,356 - INFO - (77.824 96.5 -0.001)
2025-10-02 17:27:59,366 - INFO - (77.657 96.5 -0.0)
2025-10-02 17:27:59,377 - INFO - (77.49 96.5 -0.0)
2025-10-02 17:27:59,386 - INFO - (77.306 96.5 -0.0)
2025-10-02 17:27:59,397 - INFO - (77.156 96.5 0.001)
2025-10-02 17:27:59,407 - INFO - (76.988 96.5 0.001)
2025-10-02 17:27:59,416 - INFO - (76.821 96.5 0.0)
2025-10-02 17:27:59,427 - INFO - (76.654 96.5 0.001)
2025-10-02 17:27:59,436 - INFO - (76.487 96.5 0.001)
2025-10-02 17:27:59,446 - INFO - (76.32 96.5 0.001)
2025-10-02 17:27:59,456 - INFO - (76.153 96.5 0.001)
2025-10-02 17:27:59,466 - INFO - (75.986 96.5 0.001)
2025-10-02 17:27:59,476 - INFO - (75.819 96.5 0.001)
2025-10-02 17:27:59,486 - INFO - (75.652 96.5 0.001)
2025-10-02 17:27:59,496 - INFO - (75.485 96.5 0.001)
2025-10-02 17:27:59,506 - INFO - (75.318 96.5 0.001)
2025-10-02 17:27:59,516 - INFO - (75.15 96.5 0.001)
2025-10-02 17:27:59,526 - INFO - (74.983 96.5 0.001)
2025-10-02 17:27:59,536 - INFO - (74.816 96.5 0.001)
2025-10-02 17:27:59,546 - INFO - (74.649 96.5 0.001)
2025-10-02 17:27:59,556 - INFO - (74.482 96.5 0.001)
2025-10-02 17:27:59,566 - INFO - (74.315 96.5 0.001)
2025-10-02 17:27:59,576 - INFO - (74.148 96.5 0.001)
2025-10-02 17:27:59,586 - INFO - (73.981 96.5 0.001)
2025-10-02 17:27:59,596 - INFO - (73.814 96.5 0.001)
2025-10-02 17:27:59,606 - INFO - (73.647 96.5 0.001)
2025-10-02 17:27:59,616 - INFO - (73.48 96.5 0.001)
2025-10-02 17:27:59,626 - INFO - (73.329 96.5 0.001)
2025-10-02 17:27:59,636 - INFO - (73.145 96.5 0.002)
2025-10-02 17:27:59,646 - INFO - (72.978 96.5 0.001)
2025-10-02 17:27:59,656 - INFO - (72.811 96.5 0.001)
2025-10-02 17:27:59,666 - INFO - (72.661 96.5 0.001)
2025-10-02 17:27:59,676 - INFO - (72.477 96.5 0.002)
2025-10-02 17:27:59,686 - INFO - (72.31 96.5 0.001)
2025-10-02 17:27:59,696 - INFO - (72.143 96.5 0.002)
2025-10-02 17:27:59,707 - INFO - (71.976 96.5 0.003)
2025-10-02 17:27:59,716 - INFO - (71.809 96.5 0.002)
2025-10-02 17:27:59,726 - INFO - (71.658 96.5 0.002)
2025-10-02 17:27:59,736 - INFO - (71.491 96.5 -0.0)
2025-10-02 17:27:59,746 - INFO - (71.307 96.5 -0.0)
2025-10-02 17:27:59,756 - INFO - (71.14 96.5 -0.0)
2025-10-02 17:27:59,766 - INFO - (70.99 96.5 -0.001)
2025-10-02 17:27:59,776 - INFO - (70.806 96.5 -0.001)
2025-10-02 17:27:59,786 - INFO - (70.639 96.5 -0.001)
2025-10-02 17:27:59,796 - INFO - (70.472 96.5 -0.001)
2025-10-02 17:27:59,806 - INFO - (70.305 96.5 -0.002)
2025-10-02 17:27:59,817 - INFO - (70.138 96.5 -0.001)
2025-10-02 17:27:59,827 - INFO - (69.987 96.5 -0.001)
2025-10-02 17:27:59,837 - INFO - (69.82 96.5 0.001)
2025-10-02 17:27:59,847 - INFO - (69.653 96.5 0.001)
2025-10-02 17:27:59,857 - INFO - (69.486 96.5 0.001)
2025-10-02 17:27:59,866 - INFO - (69.319 96.5 -0.001)
2025-10-02 17:27:59,877 - INFO - (69.152 96.5 -0.003)
2025-10-02 17:27:59,886 - INFO - (68.985 96.5 -0.003)
2025-10-02 17:27:59,896 - INFO - (68.818 96.5 -0.002)
2025-10-02 17:27:59,906 - INFO - (68.651 96.5 -0.004)
2025-10-02 17:27:59,916 - INFO - (68.484 96.5 -0.003)
2025-10-02 17:27:59,926 - INFO - (68.316 96.5 -0.002)
2025-10-02 17:27:59,936 - INFO - (68.149 96.5 -0.002)
2025-10-02 17:27:59,946 - INFO - (67.966 96.5 -0.002)
2025-10-02 17:27:59,956 - INFO - (67.798 96.5 -0.002)
2025-10-02 17:27:59,966 - INFO - (67.648 96.5 -0.001)
2025-10-02 17:27:59,976 - INFO - (67.464 96.5 -0.001)
2025-10-02 17:27:59,986 - INFO - (67.297 96.5 -0.001)
2025-10-02 17:27:59,996 - INFO - (67.147 96.5 -0.001)
2025-10-02 17:28:00,006 - INFO - (66.98 96.5 0.0)
2025-10-02 17:28:00,016 - INFO - (66.813 96.5 0.0)
2025-10-02 17:28:00,026 - INFO - (66.646 96.5 0.0)
2025-10-02 17:28:00,036 - INFO - (66.478 96.5 0.0)
2025-10-02 17:28:00,046 - INFO - (66.311 96.5 0.001)
2025-10-02 17:28:00,056 - INFO - (66.128 96.5 0.0)
2025-10-02 17:28:00,066 - INFO - (65.977 96.5 0.0)
2025-10-02 17:28:00,076 - INFO - (65.81 96.5 0.001)
2025-10-02 17:28:00,086 - INFO - (65.626 96.5 0.001)
2025-10-02 17:28:00,096 - INFO - (65.476 96.5 0.0)
2025-10-02 17:28:00,106 - INFO - (65.309 96.5 0.001)
2025-10-02 17:28:00,116 - INFO - (65.142 96.5 0.001)
2025-10-02 17:28:00,126 - INFO - (64.975 96.5 0.001)
2025-10-02 17:28:00,136 - INFO - (64.808 96.5 0.0)
2025-10-02 17:28:00,146 - INFO - (64.64 96.5 0.0)
2025-10-02 17:28:00,156 - INFO - (64.473 96.5 0.0)
2025-10-02 17:28:00,166 - INFO - (64.306 96.5 0.0)
2025-10-02 17:28:00,176 - INFO - (64.139 96.5 0.0)
2025-10-02 17:28:00,186 - INFO - (63.972 96.5 0.0)
2025-10-02 17:28:00,196 - INFO - (63.805 96.5 0.0)
2025-10-02 17:28:00,206 - INFO - (63.638 96.5 0.0)
2025-10-02 17:28:00,217 - INFO - (63.471 96.5 0.0)
2025-10-02 17:28:00,227 - INFO - (63.304 96.5 0.0)
2025-10-02 17:28:00,237 - INFO - (63.153 96.5 0.0)
2025-10-02 17:28:00,247 - INFO - (62.986 96.5 0.0)
2025-10-02 17:28:00,256 - INFO - (62.819 96.5 0.0)
2025-10-02 17:28:00,267 - INFO - (62.652 96.5 0.0)
2025-10-02 17:28:00,276 - INFO - (62.468 96.5 0.0)
2025-10-02 17:28:00,286 - INFO - (62.301 96.5 0.0)
2025-10-02 17:28:00,297 - INFO - (62.134 96.5 0.0)
2025-10-02 17:28:00,307 - INFO - (61.967 96.5 0.0)
2025-10-02 17:28:00,316 - INFO - (61.8 96.5 0.0)
2025-10-02 17:28:00,326 - INFO - (61.633 96.5 0.0)
2025-10-02 17:28:00,336 - INFO - (61.466 96.5 0.0)
2025-10-02 17:28:00,346 - INFO - (61.299 96.5 0.0)
2025-10-02 17:28:00,357 - INFO - (61.132 96.5 0.0)
2025-10-02 17:28:00,367 - INFO - (60.965 96.5 0.0)
2025-10-02 17:28:00,377 - INFO - (60.798 96.5 -2.961)
2025-10-02 17:28:00,386 - INFO - (60.631 96.5 -9.83)
2025-10-02 17:28:00,396 - INFO - (60.466 96.5 -9.812)
2025-10-02 17:28:00,406 - INFO - (60.302 96.5 -9.801)
2025-10-02 17:28:00,416 - INFO - (60.139 96.5 -9.804)
2025-10-02 17:28:00,427 - INFO - (59.976 96.5 -9.804)
2025-10-02 17:28:00,437 - INFO - (59.815 96.5 -9.804)
2025-10-02 17:28:00,446 - INFO - (59.655 96.5 -9.804)
2025-10-02 17:28:00,456 - INFO - (59.495 96.5 -9.804)
2025-10-02 17:28:00,466 - INFO - (59.337 96.5 -9.804)
2025-10-02 17:28:00,477 - INFO - (59.18 96.5 -9.804)
2025-10-02 17:28:00,486 - INFO - (59.008 96.5 -10.784)
2025-10-02 17:28:00,496 - INFO - (58.868 96.5 -8.822)
2025-10-02 17:28:00,507 - INFO - (58.713 96.5 -9.655)
2025-10-02 17:28:00,516 - INFO - (58.544 96.5 -10.461)
2025-10-02 17:28:00,526 - INFO - (58.392 96.5 -9.437)
2025-10-02 17:28:00,536 - INFO - (58.256 96.5 -8.738)
2025-10-02 17:28:00,546 - INFO - (58.105 96.5 -6.545)
2025-10-02 17:28:00,556 - INFO - (57.954 96.5 -5.77)
2025-10-02 17:28:00,566 - INFO - (57.805 96.5 -4.521)
2025-10-02 17:28:00,576 - INFO - (57.655 96.5 -3.541)
2025-10-02 17:28:00,586 - INFO - (57.506 96.5 -2.773)
2025-10-02 17:28:00,596 - INFO - (57.373 96.5 -1.978)
2025-10-02 17:28:00,606 - INFO - (57.209 96.5 -1.896)
2025-10-02 17:28:00,616 - INFO - (57.061 96.5 -1.333)
2025-10-02 17:28:00,626 - INFO - (56.927 96.5 -0.951)
2025-10-02 17:28:00,637 - INFO - (56.764 96.5 -0.911)
2025-10-02 17:28:00,646 - INFO - (56.616 96.5 -0.641)
2025-10-02 17:28:00,656 - INFO - (56.468 96.5 -0.502)
2025-10-02 17:28:00,666 - INFO - (56.32 96.5 -0.393)
2025-10-02 17:28:00,676 - INFO - (56.172 96.5 -0.308)
2025-10-02 17:28:00,686 - INFO - (56.024 96.5 -0.241)
2025-10-02 17:28:00,696 - INFO - (55.875 96.5 16.591)
2025-10-02 17:28:00,706 - INFO - (55.726 96.5 -2.251)
2025-10-02 17:28:00,716 - INFO - (55.577 96.5 -4.153)
2025-10-02 17:28:00,726 - INFO - (55.428 96.5 -3.55)
2025-10-02 17:28:00,736 - INFO - (55.279 96.5 -3.121)
2025-10-02 17:28:00,746 - INFO - (55.131 96.5 -2.75)
2025-10-02 17:28:00,756 - INFO - (54.983 96.5 -2.416)
2025-10-02 17:28:00,766 - INFO - (54.836 96.5 -2.117)
2025-10-02 17:28:00,776 - INFO - (54.688 96.5 -1.85)
2025-10-02 17:28:00,786 - INFO - (54.541 96.5 -1.612)
2025-10-02 17:28:00,796 - INFO - (54.394 96.5 -1.4)
2025-10-02 17:28:00,807 - INFO - (54.247 96.5 -1.213)
2025-10-02 17:28:00,817 - INFO - (54.101 96.5 -32.015)
2025-10-02 17:28:00,827 - INFO - (53.958 96.5 -0.004)
2025-10-02 17:28:00,837 - INFO - (53.814 96.5 -0.003)
2025-10-02 17:28:00,846 - INFO - (53.67 96.5 -0.002)
2025-10-02 17:28:00,856 - INFO - (53.526 96.5 -0.001)
2025-10-02 17:28:00,866 - INFO - (53.382 96.5 -0.001)
2025-10-02 17:28:00,876 - INFO - (53.253 96.5 0.0)
2025-10-02 17:28:00,886 - INFO - (53.095 96.5 0.001)
2025-10-02 17:28:00,896 - INFO - (52.965 96.5 0.002)
2025-10-02 17:28:00,906 - INFO - (52.822 96.5 0.003)
2025-10-02 17:28:00,916 - INFO - (52.678 96.5 0.004)
2025-10-02 17:28:00,926 - INFO - (52.533 96.5 23.563)
2025-10-02 17:28:00,936 - INFO - (52.387 96.5 8.556)
2025-10-02 17:28:00,946 - INFO - (52.239 96.5 3.961)
2025-10-02 17:28:00,956 - INFO - (52.077 96.5 4.11)
2025-10-02 17:28:00,967 - INFO - (51.929 96.5 3.186)
2025-10-02 17:28:00,976 - INFO - (51.781 96.5 2.684)
2025-10-02 17:28:00,986 - INFO - (51.632 96.5 2.1)
2025-10-02 17:28:00,996 - INFO - (51.484 96.501 2.687)
2025-10-02 17:28:01,006 - INFO - (51.335 96.503 0.834)
2025-10-02 17:28:01,016 - INFO - (51.185 96.505 6.045)
2025-10-02 17:28:01,027 - INFO - (51.051 96.507 -4.104)
2025-10-02 17:28:01,037 - INFO - (50.903 96.509 -11.861)
2025-10-02 17:28:01,047 - INFO - (50.756 96.511 -15.442)
2025-10-02 17:28:01,056 - INFO - (50.61 96.513 -6.211)
2025-10-02 17:28:01,066 - INFO - (50.464 96.516 -4.856)
2025-10-02 17:28:01,076 - INFO - (50.319 96.518 -4.874)
2025-10-02 17:28:01,086 - INFO - (50.174 96.522 -4.898)
2025-10-02 17:28:01,096 - INFO - (50.03 96.527 1.017)
2025-10-02 17:28:01,106 - INFO - (49.886 96.533 -1.866)
2025-10-02 17:28:01,116 - INFO - (49.742 96.539 1.051)
2025-10-02 17:28:01,126 - INFO - (49.598 96.547 -3.321)
2025-10-02 17:28:01,136 - INFO - (49.454 96.555 1.298)
2025-10-02 17:28:01,146 - INFO - (49.31 96.564 6.68)
2025-10-02 17:28:01,156 - INFO - (49.165 96.573 2.007)
2025-10-02 17:28:01,166 - INFO - (49.02 96.583 -0.157)
2025-10-02 17:28:01,176 - INFO - (48.875 96.593 3.745)
2025-10-02 17:28:01,186 - INFO - (48.73 96.603 3.906)
2025-10-02 17:28:01,197 - INFO - (48.599 96.613 3.107)
2025-10-02 17:28:01,206 - INFO - (48.439 96.625 2.474)
2025-10-02 17:28:01,216 - INFO - (48.293 96.637 2.056)
2025-10-02 17:28:01,226 - INFO - (48.147 96.65 -2.066)
2025-10-02 17:28:01,236 - INFO - (48.001 96.665 0.849)
2025-10-02 17:28:01,246 - INFO - (47.856 96.681 2.859)
2025-10-02 17:28:01,256 - INFO - (47.711 96.698 -5.142)
2025-10-02 17:28:01,266 - INFO - (47.565 96.715 0.423)
2025-10-02 17:28:01,276 - INFO - (47.42 96.732 2.336)
2025-10-02 17:28:01,286 - INFO - (47.275 96.751 -0.042)
2025-10-02 17:28:01,296 - INFO - (47.129 96.77 1.934)
2025-10-02 17:28:01,307 - INFO - (46.984 96.791 2.601)
2025-10-02 17:28:01,316 - INFO - (46.839 96.812 1.502)
2025-10-02 17:28:01,326 - INFO - (46.708 96.832 0.585)
2025-10-02 17:28:01,336 - INFO - (46.548 96.857 2.41)
2025-10-02 17:28:01,346 - INFO - (46.417 96.878 1.812)
2025-10-02 17:28:01,356 - INFO - (46.271 96.903 2.389)
2025-10-02 17:28:01,366 - INFO - (46.126 96.929 -4.654)
2025-10-02 17:28:01,376 - INFO - (45.967 96.957 0.861)
2025-10-02 17:28:01,386 - INFO - (45.822 96.984 -0.325)
2025-10-02 17:28:01,396 - INFO - (45.677 97.011 4.426)
2025-10-02 17:28:01,406 - INFO - (45.531 97.04 3.966)
2025-10-02 17:28:01,416 - INFO - (45.4 97.066 2.861)
2025-10-02 17:28:01,426 - INFO - (45.255 97.096 2.49)
2025-10-02 17:28:01,436 - INFO - (45.109 97.127 2.709)
2025-10-02 17:28:01,446 - INFO - (44.964 97.159 2.505)
2025-10-02 17:28:01,457 - INFO - (44.803 97.196 3.041)
2025-10-02 17:28:01,466 - INFO - (44.658 97.23 0.921)
2025-10-02 17:28:01,477 - INFO - (44.513 97.265 -4.998)
2025-10-02 17:28:01,486 - INFO - (44.368 97.3 0.816)
2025-10-02 17:28:01,496 - INFO - (44.223 97.336 1.14)
2025-10-02 17:28:01,506 - INFO - (44.077 97.372 6.738)
2025-10-02 17:28:01,516 - INFO - (43.917 97.413 3.991)
2025-10-02 17:28:01,526 - INFO - (43.786 97.448 3.245)
2025-10-02 17:28:01,536 - INFO - (43.64 97.487 4.552)
2025-10-02 17:28:01,546 - INFO - (43.494 97.527 4.358)
2025-10-02 17:28:01,556 - INFO - (43.348 97.568 3.596)
2025-10-02 17:28:01,566 - INFO - (43.202 97.611 4.415)
2025-10-02 17:28:01,576 - INFO - (43.055 97.654 0.85)
2025-10-02 17:28:01,586 - INFO - (42.909 97.698 0.011)
2025-10-02 17:28:01,596 - INFO - (42.763 97.742 -1.688)
2025-10-02 17:28:01,606 - INFO - (42.617 97.786 3.862)
2025-10-02 17:28:01,616 - INFO - (42.471 97.831 6.089)
2025-10-02 17:28:01,626 - INFO - (42.325 97.878 7.932)
2025-10-02 17:28:01,636 - INFO - (42.192 97.92 5.405)
2025-10-02 17:28:01,646 - INFO - (42.03 97.973 7.049)
2025-10-02 17:28:01,657 - INFO - (41.882 98.023 5.17)
2025-10-02 17:28:01,666 - INFO - (41.749 98.068 3.728)
2025-10-02 17:28:01,676 - INFO - (41.601 98.119 8.618)
2025-10-02 17:28:01,686 - INFO - (41.439 98.176 -5.928)
2025-10-02 17:28:01,696 - INFO - (41.291 98.229 4.035)
2025-10-02 17:28:01,706 - INFO - (41.143 98.282 -0.057)
2025-10-02 17:28:01,716 - INFO - (40.996 98.336 -5.222)
2025-10-02 17:28:01,726 - INFO - (40.85 98.391 -6.971)
2025-10-02 17:28:01,736 - INFO - (40.705 98.447 -6.007)
2025-10-02 17:28:01,746 - INFO - (40.561 98.503 -5.265)
2025-10-02 17:28:01,756 - INFO - (40.418 98.561 -4.432)
2025-10-02 17:28:01,766 - INFO - (40.275 98.619 -3.425)
2025-10-02 17:28:01,776 - INFO - (40.133 98.679 -1.555)
2025-10-02 17:28:01,786 - INFO - (39.992 98.738 -2.742)
2025-10-02 17:28:01,797 - INFO - (39.865 98.792 0.02)
2025-10-02 17:28:01,807 - INFO - (39.709 98.859 2.42)
2025-10-02 17:28:01,817 - INFO - (39.582 98.913 2.475)
2025-10-02 17:28:01,827 - INFO - (39.441 98.975 2.776)
2025-10-02 17:28:01,836 - INFO - (39.3 99.037 3.095)
2025-10-02 17:28:01,846 - INFO - (39.158 99.099 2.611)
2025-10-02 17:28:01,856 - INFO - (39.002 99.167 2.049)
2025-10-02 17:28:01,866 - INFO - (38.86 99.229 1.247)
2025-10-02 17:28:01,876 - INFO - (38.718 99.291 0.834)
2025-10-02 17:28:01,886 - INFO - (38.575 99.352 2.832)
2025-10-02 17:28:01,896 - INFO - (38.433 99.414 -5.52)
2025-10-02 17:28:01,906 - INFO - (38.29 99.475 1.562)
2025-10-02 17:28:01,916 - INFO - (38.148 99.537 2.824)
2025-10-02 17:28:01,926 - INFO - (38.005 99.598 0.284)
2025-10-02 17:28:01,936 - INFO - (37.877 99.653 0.787)
2025-10-02 17:28:01,946 - INFO - (37.734 99.715 0.264)
2025-10-02 17:28:01,957 - INFO - (37.591 99.776 -0.06)
2025-10-02 17:28:01,966 - INFO - (37.448 99.837 -0.247)
2025-10-02 17:28:01,977 - INFO - (37.377 99.868 -0.181)
2025-10-02 17:28:01,987 - INFO - (37.262 99.917 -0.668)
2025-10-02 17:28:01,996 - INFO - (37.12 99.978 0.502)
2025-10-02 17:28:02,006 - INFO - (37.02 100.021 -1.997)
2025-10-02 17:28:02,016 - INFO - (36.891 100.075 -1.283)
2025-10-02 17:28:02,026 - INFO - (36.734 100.142 2.529)
2025-10-02 17:28:02,036 - INFO - (36.577 100.209 -2.766)
2025-10-02 17:28:02,046 - INFO - (36.421 100.276 1.38)
2025-10-02 17:28:02,056 - INFO - (36.264 100.343 0.172)
2025-10-02 17:28:02,066 - INFO - (36.121 100.404 -0.142)
2025-10-02 17:28:02,076 - INFO - (35.964 100.471 -0.328)
2025-10-02 17:28:02,086 - INFO - (35.821 100.532 -0.506)
2025-10-02 17:28:02,096 - INFO - (35.664 100.599 1.509)
2025-10-02 17:28:02,106 - INFO - (35.507 100.666 -1.82)
2025-10-02 17:28:02,116 - INFO - (35.365 100.727 -1.659)
2025-10-02 17:28:02,126 - INFO - (35.222 100.787 0.743)
2025-10-02 17:28:02,136 - INFO - (35.079 100.848 -0.532)
2025-10-02 17:28:02,146 - INFO - (34.937 100.909 1.237)
2025-10-02 17:28:02,156 - INFO - (34.78 100.975 -0.019)
2025-10-02 17:28:02,166 - INFO - (34.637 101.036 -0.246)
2025-10-02 17:28:02,176 - INFO - (34.48 101.103 -0.438)
2025-10-02 17:28:02,187 - INFO - (34.338 101.163 -0.569)
2025-10-02 17:28:02,197 - INFO - (34.195 101.224 0.301)
2025-10-02 17:28:02,207 - INFO - (34.053 101.284 -2.325)
2025-10-02 17:28:02,217 - INFO - (33.91 101.345 -0.373)
2025-10-02 17:28:02,226 - INFO - (33.768 101.405 1.026)
2025-10-02 17:28:02,236 - INFO - (33.611 101.471 0.876)
2025-10-02 17:28:02,246 - INFO - (33.468 101.532 0.187)
2025-10-02 17:28:02,257 - INFO - (33.326 101.592 0.307)
2025-10-02 17:28:02,266 - INFO - (33.169 101.659 0.067)
2025-10-02 17:28:02,276 - INFO - (33.026 101.72 -0.159)
2025-10-02 17:28:02,287 - INFO - (32.884 101.78 -0.352)
2025-10-02 17:28:02,296 - INFO - (32.741 101.84 -0.486)
2025-10-02 17:28:02,306 - INFO - (32.599 101.901 -1.907)
2025-10-02 17:28:02,316 - INFO - (32.456 101.961 2.492)
2025-10-02 17:28:02,326 - INFO - (32.314 102.022 -1.809)
2025-10-02 17:28:02,336 - INFO - (32.171 102.082 1.484)
2025-10-02 17:28:02,346 - INFO - (32.029 102.142 -4.04)
2025-10-02 17:28:02,357 - INFO - (31.887 102.203 2.432)
2025-10-02 17:28:02,366 - INFO - (31.744 102.263 0.723)
2025-10-02 17:28:02,376 - INFO - (31.602 102.323 0.118)
2025-10-02 17:28:02,386 - INFO - (31.459 102.384 -4.427)
2025-10-02 17:28:02,396 - INFO - (31.318 102.444 -8.495)
2025-10-02 17:28:02,406 - INFO - (31.177 102.505 -7.923)
2025-10-02 17:28:02,416 - INFO - (31.038 102.566 -7.507)
2025-10-02 17:28:02,426 - INFO - (30.899 102.627 -7.681)
2025-10-02 17:28:02,436 - INFO - (30.775 102.682 -0.338)
2025-10-02 17:28:02,446 - INFO - (30.637 102.744 1.464)
2025-10-02 17:28:02,456 - INFO - (30.499 102.806 -1.941)
2025-10-02 17:28:02,466 - INFO - (30.362 102.868 -9.182)
2025-10-02 17:28:02,477 - INFO - (30.226 102.932 -6.503)
2025-10-02 17:28:02,486 - INFO - (30.091 102.995 -6.651)
2025-10-02 17:28:02,496 - INFO - (29.957 103.059 -6.128)
2025-10-02 17:28:02,507 - INFO - (29.824 103.124 -5.811)
2025-10-02 17:28:02,516 - INFO - (29.692 103.189 -4.711)
2025-10-02 17:28:02,526 - INFO - (29.561 103.255 -4.89)
2025-10-02 17:28:02,536 - INFO - (29.443 103.314 -0.156)
2025-10-02 17:28:02,546 - INFO - (29.312 103.38 -4.732)
2025-10-02 17:28:02,556 - INFO - (29.169 103.453 -2.69)
2025-10-02 17:28:02,566 - INFO - (29.052 103.513 -1.191)
2025-10-02 17:28:02,576 - INFO - (28.923 103.58 -1.135)
2025-10-02 17:28:02,586 - INFO - (28.794 103.648 -1.971)
2025-10-02 17:28:02,596 - INFO - (28.666 103.717 -2.482)
2025-10-02 17:28:02,606 - INFO - (28.539 103.787 -2.487)
2025-10-02 17:28:02,616 - INFO - (28.412 103.857 -2.216)
2025-10-02 17:28:02,626 - INFO - (28.286 103.928 -1.45)
2025-10-02 17:28:02,636 - INFO - (28.173 103.992 -0.658)
2025-10-02 17:28:02,646 - INFO - (28.047 104.063 -1.361)
2025-10-02 17:28:02,656 - INFO - (27.909 104.142 -1.628)
2025-10-02 17:28:02,666 - INFO - (27.796 104.206 2.202)
2025-10-02 17:28:02,676 - INFO - (27.671 104.278 -0.058)
2025-10-02 17:28:02,686 - INFO - (27.546 104.35 0.614)
2025-10-02 17:28:02,696 - INFO - (27.421 104.424 1.117)
2025-10-02 17:28:02,706 - INFO - (27.296 104.497 2.062)
2025-10-02 17:28:02,716 - INFO - (27.171 104.571 1.236)
2025-10-02 17:28:02,727 - INFO - (27.034 104.652 1.112)
2025-10-02 17:28:02,737 - INFO - (26.909 104.726 1.153)
2025-10-02 17:28:02,746 - INFO - (26.785 104.801 1.475)
2025-10-02 17:28:02,756 - INFO - (26.66 104.876 -2.332)
2025-10-02 17:28:02,766 - INFO - (26.535 104.95 0.617)
2025-10-02 17:28:02,776 - INFO - (26.411 105.025 1.778)
2025-10-02 17:28:02,786 - INFO - (26.286 105.1 3.254)
2025-10-02 17:28:02,796 - INFO - (26.162 105.175 -3.458)
2025-10-02 17:28:02,806 - INFO - (26.037 105.25 1.238)
2025-10-02 17:28:02,817 - INFO - (25.913 105.326 2.81)
2025-10-02 17:28:02,826 - INFO - (25.788 105.402 1.696)
2025-10-02 17:28:02,836 - INFO - (25.663 105.478 1.465)
2025-10-02 17:28:02,846 - INFO - (25.539 105.554 0.972)
2025-10-02 17:28:02,856 - INFO - (25.414 105.63 0.577)
2025-10-02 17:28:02,866 - INFO - (25.289 105.707 -2.154)
2025-10-02 17:28:02,876 - INFO - (25.165 105.783 4.288)
2025-10-02 17:28:02,886 - INFO - (25.04 105.86 -2.658)
2025-10-02 17:28:02,896 - INFO - (24.915 105.936 0.929)
2025-10-02 17:28:02,906 - INFO - (24.791 106.013 1.588)
2025-10-02 17:28:02,916 - INFO - (24.666 106.09 1.458)
2025-10-02 17:28:02,926 - INFO - (24.541 106.167 0.878)
2025-10-02 17:28:02,936 - INFO - (24.416 106.244 0.674)
2025-10-02 17:28:02,946 - INFO - (24.292 106.321 0.358)
2025-10-02 17:28:02,956 - INFO - (24.167 106.398 0.094)
2025-10-02 17:28:02,966 - INFO - (24.042 106.475 -0.034)
2025-10-02 17:28:02,977 - INFO - (23.917 106.553 0.577)
2025-10-02 17:28:02,986 - INFO - (23.78 106.638 -1.131)
2025-10-02 17:28:02,996 - INFO - (23.655 106.715 -1.164)
2025-10-02 17:28:03,006 - INFO - (23.53 106.792 2.639)
2025-10-02 17:28:03,016 - INFO - (23.406 106.87 -2.918)
2025-10-02 17:28:03,026 - INFO - (23.281 106.947 1.074)
2025-10-02 17:28:03,036 - INFO - (23.157 107.025 2.129)
2025-10-02 17:28:03,046 - INFO - (23.032 107.102 0.82)
2025-10-02 17:28:03,056 - INFO - (22.907 107.18 0.436)
2025-10-02 17:28:03,066 - INFO - (22.782 107.258 0.197)
2025-10-02 17:28:03,076 - INFO - (22.658 107.336 0.011)
2025-10-02 17:28:03,086 - INFO - (22.533 107.413 0.44)
2025-10-02 17:28:03,096 - INFO - (22.408 107.491 -1.948)
2025-10-02 17:28:03,106 - INFO - (22.283 107.569 3.218)
2025-10-02 17:28:03,117 - INFO - (22.159 107.646 -2.335)
2025-10-02 17:28:03,127 - INFO - (22.034 107.724 -0.629)
2025-10-02 17:28:03,137 - INFO - (21.909 107.802 1.107)
2025-10-02 17:28:03,146 - INFO - (21.785 107.88 0.625)
2025-10-02 17:28:03,156 - INFO - (21.66 107.958 0.273)
2025-10-02 17:28:03,166 - INFO - (21.535 108.036 0.165)
2025-10-02 17:28:03,176 - INFO - (21.41 108.114 -0.034)
2025-10-02 17:28:03,187 - INFO - (21.286 108.192 -0.215)
2025-10-02 17:28:03,196 - INFO - (21.161 108.27 -0.359)
2025-10-02 17:28:03,206 - INFO - (21.037 108.349 -4.466)
2025-10-02 17:28:03,217 - INFO - (20.913 108.428 0.844)
2025-10-02 17:28:03,226 - INFO - (20.79 108.507 0.068)
2025-10-02 17:28:03,236 - INFO - (20.679 108.579 -0.043)
2025-10-02 17:28:03,246 - INFO - (20.544 108.667 0.218)
2025-10-02 17:28:03,257 - INFO - (20.421 108.747 0.049)
2025-10-02 17:28:03,266 - INFO - (20.298 108.828 -0.13)
2025-10-02 17:28:03,276 - INFO - (20.189 108.901 0.032)
2025-10-02 17:28:03,286 - INFO - (20.067 108.984 -0.019)
2025-10-02 17:28:03,296 - INFO - (19.947 109.067 -3.51)
2025-10-02 17:28:03,307 - INFO - (19.828 109.152 -0.558)
2025-10-02 17:28:03,316 - INFO - (19.709 109.237 -0.508)
2025-10-02 17:28:03,326 - INFO - (19.591 109.324 -1.35)
2025-10-02 17:28:03,336 - INFO - (19.474 109.411 -0.344)
2025-10-02 17:28:03,346 - INFO - (19.356 109.498 -1.755)
2025-10-02 17:28:03,356 - INFO - (19.239 109.585 0.084)
2025-10-02 17:28:03,366 - INFO - (19.134 109.664 -2.418)
2025-10-02 17:28:03,377 - INFO - (19.018 109.752 -1.914)
2025-10-02 17:28:03,386 - INFO - (18.892 109.85 -1.528)
2025-10-02 17:28:03,396 - INFO - (18.777 109.939 -1.118)
2025-10-02 17:28:03,406 - INFO - (18.675 110.02 -0.171)
2025-10-02 17:28:03,416 - INFO - (18.563 110.113 -0.877)
2025-10-02 17:28:03,426 - INFO - (18.452 110.206 -0.128)
2025-10-02 17:28:03,436 - INFO - (18.353 110.291 -0.309)
2025-10-02 17:28:03,446 - INFO - (18.243 110.386 -0.294)
2025-10-02 17:28:03,456 - INFO - (18.123 110.492 -1.533)
2025-10-02 17:28:03,466 - INFO - (18.026 110.578 0.012)
2025-10-02 17:28:03,476 - INFO - (17.917 110.674 -0.362)
2025-10-02 17:28:03,486 - INFO - (17.799 110.78 0.637)
2025-10-02 17:28:03,496 - INFO - (17.691 110.878 0.233)
2025-10-02 17:28:03,506 - INFO - (17.584 110.975 -2.08)
2025-10-02 17:28:03,516 - INFO - (17.478 111.074 -0.888)
2025-10-02 17:28:03,526 - INFO - (17.374 111.174 -0.934)
2025-10-02 17:28:03,536 - INFO - (17.27 111.275 -0.868)
2025-10-02 17:28:03,546 - INFO - (17.157 111.386 -0.749)
2025-10-02 17:28:03,556 - INFO - (17.065 111.478 -0.563)
2025-10-02 17:28:03,566 - INFO - (16.964 111.582 3.214)
2025-10-02 17:28:03,577 - INFO - (16.864 111.685 -5.567)
2025-10-02 17:28:03,586 - INFO - (16.754 111.8 2.249)
2025-10-02 17:28:03,596 - INFO - (16.665 111.895 2.032)
2025-10-02 17:28:03,606 - INFO - (16.568 112.001 -2.467)
2025-10-02 17:28:03,616 - INFO - (16.471 112.108 0.314)
2025-10-02 17:28:03,626 - INFO - (16.376 112.217 0.191)
2025-10-02 17:28:03,636 - INFO - (16.281 112.326 0.203)
2025-10-02 17:28:03,646 - INFO - (16.187 112.435 0.334)
2025-10-02 17:28:03,656 - INFO - (16.095 112.546 0.457)
2025-10-02 17:28:03,666 - INFO - (16.003 112.658 0.572)
2025-10-02 17:28:03,676 - INFO - (15.912 112.771 5.777)
2025-10-02 17:28:03,687 - INFO - (15.823 112.884 -5.582)
2025-10-02 17:28:03,697 - INFO - (15.734 112.998 0.347)
2025-10-02 17:28:03,707 - INFO - (15.644 113.112 0.043)
2025-10-02 17:28:03,717 - INFO - (15.555 113.225 0.038)
2025-10-02 17:28:03,726 - INFO - (15.468 113.341 3.355)
2025-10-02 17:28:03,736 - INFO - (15.382 113.458 1.551)
2025-10-02 17:28:03,746 - INFO - (15.298 113.576 1.352)
2025-10-02 17:28:03,756 - INFO - (15.214 113.695 1.453)
2025-10-02 17:28:03,766 - INFO - (15.132 113.815 1.576)
2025-10-02 17:28:03,776 - INFO - (15.051 113.935 1.698)
2025-10-02 17:28:03,786 - INFO - (14.97 114.057 3.709)
2025-10-02 17:28:03,796 - INFO - (14.89 114.179 -4.631)
2025-10-02 17:28:03,806 - INFO - (14.811 114.301 1.131)
2025-10-02 17:28:03,816 - INFO - (14.732 114.423 0.576)
2025-10-02 17:28:03,826 - INFO - (14.661 114.534 2.471)
2025-10-02 17:28:03,836 - INFO - (14.574 114.669 2.585)
2025-10-02 17:28:03,846 - INFO - (14.497 114.794 1.989)
2025-10-02 17:28:03,856 - INFO - (14.421 114.919 2.4)
2025-10-02 17:28:03,866 - INFO - (14.345 115.045 2.417)
2025-10-02 17:28:03,876 - INFO - (14.271 115.171 2.332)
2025-10-02 17:28:03,886 - INFO - (14.197 115.299 2.514)
2025-10-02 17:28:03,896 - INFO - (14.124 115.428 12.27)
2025-10-02 17:28:03,906 - INFO - (14.052 115.557 -6.662)
2025-10-02 17:28:03,916 - INFO - (13.981 115.687 1.915)
2025-10-02 17:28:03,927 - INFO - (13.909 115.817 7.78)
2025-10-02 17:28:03,937 - INFO - (13.837 115.948 7.063)
2025-10-02 17:28:03,947 - INFO - (13.766 116.08 4.343)
2025-10-02 17:28:03,956 - INFO - (13.702 116.199 3.554)
2025-10-02 17:28:03,966 - INFO - (13.633 116.333 4.778)
2025-10-02 17:28:03,976 - INFO - (13.563 116.467 5.316)
2025-10-02 17:28:03,986 - INFO - (13.495 116.603 5.437)
2025-10-02 17:28:03,996 - INFO - (13.426 116.739 6.175)
2025-10-02 17:28:04,006 - INFO - (13.351 116.889 9.666)
2025-10-02 17:28:04,016 - INFO - (13.283 117.027 -4.868)
2025-10-02 17:28:04,026 - INFO - (13.215 117.164 2.356)
2025-10-02 17:28:04,036 - INFO - (13.148 117.302 6.31)
2025-10-02 17:28:04,046 - INFO - (13.08 117.441 5.398)
2025-10-02 17:28:04,056 - INFO - (13.013 117.58 1.249)
2025-10-02 17:28:04,066 - INFO - (12.945 117.719 10.711)
2025-10-02 17:28:04,076 - INFO - (12.876 117.86 10.988)
2025-10-02 17:28:04,086 - INFO - (12.807 118.001 8.841)
2025-10-02 17:28:04,096 - INFO - (12.736 118.142 5.989)
2025-10-02 17:28:04,106 - INFO - (12.672 118.27 4.256)
2025-10-02 17:28:04,116 - INFO - (12.6 118.412 6.183)
2025-10-02 17:28:04,126 - INFO - (12.528 118.553 -5.396)
2025-10-02 17:28:04,136 - INFO - (12.457 118.695 0.036)
2025-10-02 17:28:04,146 - INFO - (12.385 118.837 1.998)
2025-10-02 17:28:04,156 - INFO - (12.312 118.978 1.512)
2025-10-02 17:28:04,166 - INFO - (12.238 119.119 -0.339)
2025-10-02 17:28:04,176 - INFO - (12.165 119.26 -0.364)
2025-10-02 17:28:04,187 - INFO - (12.09 119.401 -0.482)
2025-10-02 17:28:04,197 - INFO - (12.016 119.541 -2.267)
2025-10-02 17:28:04,207 - INFO - (11.942 119.681 -2.124)
2025-10-02 17:28:04,217 - INFO - (11.868 119.822 1.381)
2025-10-02 17:28:04,226 - INFO - (11.801 119.947 -7.728)
2025-10-02 17:28:04,236 - INFO - (11.727 120.087 0.333)
2025-10-02 17:28:04,246 - INFO - (11.645 120.24 2.01)
2025-10-02 17:28:04,256 - INFO - (11.57 120.38 1.616)
2025-10-02 17:28:04,266 - INFO - (11.495 120.519 -3.048)
2025-10-02 17:28:04,276 - INFO - (11.42 120.658 -2.007)
2025-10-02 17:28:04,286 - INFO - (11.344 120.797 -1.445)
2025-10-02 17:28:04,296 - INFO - (11.269 120.935 -2.076)
2025-10-02 17:28:04,306 - INFO - (11.194 121.073 -2.1)
2025-10-02 17:28:04,316 - INFO - (11.118 121.211 0.04)
2025-10-02 17:28:04,326 - INFO - (11.043 121.349 -4.548)
2025-10-02 17:28:04,336 - INFO - (10.968 121.487 -0.998)
2025-10-02 17:28:04,346 - INFO - (10.893 121.624 3.115)
2025-10-02 17:28:04,356 - INFO - (10.817 121.762 0.604)
2025-10-02 17:28:04,366 - INFO - (10.741 121.899 -3.124)
2025-10-02 17:28:04,376 - INFO - (10.666 122.036 -0.999)
2025-10-02 17:28:04,386 - INFO - (10.59 122.173 -0.902)
2025-10-02 17:28:04,396 - INFO - (10.514 122.31 -1.186)
2025-10-02 17:28:04,406 - INFO - (10.438 122.447 -1.361)
2025-10-02 17:28:04,416 - INFO - (10.362 122.584 0.543)
2025-10-02 17:28:04,426 - INFO - (10.287 122.72 -4.938)
2025-10-02 17:28:04,436 - INFO - (10.211 122.857 -0.969)
2025-10-02 17:28:04,447 - INFO - (10.135 122.993 1.18)
2025-10-02 17:28:04,459 - INFO - (10.051 123.143 3.189)
2025-10-02 17:28:04,467 - INFO - (9.983 123.266 -0.363)
2025-10-02 17:28:04,477 - INFO - (9.907 123.402 -1.876)
2025-10-02 17:28:04,486 - INFO - (9.83 123.538 -0.335)
2025-10-02 17:28:04,496 - INFO - (9.754 123.674 -3.614)
2025-10-02 17:28:04,506 - INFO - (9.679 123.81 -9.268)
2025-10-02 17:28:04,516 - INFO - (9.605 123.945 -8.287)
2025-10-02 17:28:04,526 - INFO - (9.531 124.079 -5.825)
2025-10-02 17:28:04,536 - INFO - (9.458 124.214 -2.885)
2025-10-02 17:28:04,546 - INFO - (9.385 124.348 -5.403)
2025-10-02 17:28:04,556 - INFO - (9.312 124.482 -3.495)
2025-10-02 17:28:04,566 - INFO - (9.24 124.615 -4.336)
2025-10-02 17:28:04,576 - INFO - (9.169 124.749 -6.875)
2025-10-02 17:28:04,586 - INFO - (9.098 124.882 -5.827)
2025-10-02 17:28:04,596 - INFO - (9.029 125.015 -5.319)
2025-10-02 17:28:04,606 - INFO - (8.967 125.135 -4.677)
2025-10-02 17:28:04,616 - INFO - (8.899 125.267 -5.037)
2025-10-02 17:28:04,626 - INFO - (8.832 125.4 -4.837)
2025-10-02 17:28:04,636 - INFO - (8.766 125.533 -2.775)
2025-10-02 17:28:04,646 - INFO - (8.7 125.666 -0.885)
2025-10-02 17:28:04,656 - INFO - (8.635 125.798 -6.605)
2025-10-02 17:28:04,666 - INFO - (8.57 125.93 0.632)
2025-10-02 17:28:04,676 - INFO - (8.506 126.063 0.875)
2025-10-02 17:28:04,686 - INFO - (8.441 126.196 1.088)
2025-10-02 17:28:04,696 - INFO - (8.379 126.329 -3.687)
2025-10-02 17:28:04,706 - INFO - (8.317 126.463 -0.906)
2025-10-02 17:28:04,716 - INFO - (8.257 126.597 -2.01)
2025-10-02 17:28:04,726 - INFO - (8.197 126.731 -2.117)
2025-10-02 17:28:04,736 - INFO - (8.138 126.865 -1.88)
2025-10-02 17:28:04,746 - INFO - (8.08 127.0 -1.468)
2025-10-02 17:28:04,756 - INFO - (8.023 127.134 1.801)
2025-10-02 17:28:04,766 - INFO - (7.965 127.269 -2.809)
2025-10-02 17:28:04,776 - INFO - (7.908 127.404 -0.636)
2025-10-02 17:28:04,786 - INFO - (7.852 127.539 -0.741)
2025-10-02 17:28:04,796 - INFO - (7.796 127.674 1.163)
2025-10-02 17:28:04,806 - INFO - (7.74 127.809 2.729)
2025-10-02 17:28:04,816 - INFO - (7.685 127.945 1.547)
2025-10-02 17:28:04,827 - INFO - (7.63 128.081 0.74)
2025-10-02 17:28:04,837 - INFO - (7.576 128.218 0.932)
2025-10-02 17:28:04,847 - INFO - (7.521 128.354 1.255)
2025-10-02 17:28:04,857 - INFO - (7.467 128.491 1.42)
2025-10-02 17:28:04,867 - INFO - (7.413 128.628 -0.209)
2025-10-02 17:28:04,876 - INFO - (7.359 128.765 -2.492)
2025-10-02 17:28:04,886 - INFO - (7.305 128.901 3.171)
2025-10-02 17:28:04,896 - INFO - (7.251 129.039 2.625)
2025-10-02 17:28:04,906 - INFO - (7.198 129.176 -1.407)
2025-10-02 17:28:04,916 - INFO - (7.144 129.313 2.602)
2025-10-02 17:28:04,927 - INFO - (7.091 129.451 1.907)
2025-10-02 17:28:04,937 - INFO - (7.038 129.589 1.266)
2025-10-02 17:28:04,947 - INFO - (6.985 129.727 1.334)
2025-10-02 17:28:04,957 - INFO - (6.932 129.866 0.856)
2025-10-02 17:28:04,966 - INFO - (6.879 130.004 0.514)
2025-10-02 17:28:04,976 - INFO - (6.826 130.142 0.87)
2025-10-02 17:28:04,986 - INFO - (6.772 130.281 -2.222)
2025-10-02 17:28:04,996 - INFO - (6.725 130.405 1.836)
2025-10-02 17:28:05,006 - INFO - (6.672 130.544 1.478)
2025-10-02 17:28:05,016 - INFO - (6.62 130.682 0.387)
2025-10-02 17:28:05,027 - INFO - (6.562 130.835 1.481)
2025-10-02 17:28:05,037 - INFO - (6.509 130.974 0.676)
2025-10-02 17:28:05,047 - INFO - (6.456 131.113 0.538)
2025-10-02 17:28:05,057 - INFO - (6.404 131.252 0.273)
2025-10-02 17:28:05,066 - INFO - (6.351 131.391 0.024)
2025-10-02 17:28:05,077 - INFO - (6.298 131.531 0.296)
2025-10-02 17:28:05,086 - INFO - (6.246 131.67 -0.604)
2025-10-02 17:28:05,096 - INFO - (6.194 131.809 -0.987)
2025-10-02 17:28:05,106 - INFO - (6.141 131.948 1.357)
2025-10-02 17:28:05,116 - INFO - (6.088 132.087 1.411)
2025-10-02 17:28:05,126 - INFO - (6.036 132.226 0.915)
2025-10-02 17:28:05,136 - INFO - (5.989 132.352 0.781)
2025-10-02 17:28:05,146 - INFO - (5.931 132.505 0.642)
2025-10-02 17:28:05,156 - INFO - (5.879 132.645 0.314)
2025-10-02 17:28:05,166 - INFO - (5.827 132.785 0.056)
2025-10-02 17:28:05,176 - INFO - (5.78 132.91 -0.113)
2025-10-02 17:28:05,187 - INFO - (5.722 133.064 -1.961)
2025-10-02 17:28:05,196 - INFO - (5.67 133.204 3.005)
2025-10-02 17:28:05,206 - INFO - (5.617 133.343 -3.382)
2025-10-02 17:28:05,216 - INFO - (5.565 133.483 4.009)
2025-10-02 17:28:05,226 - INFO - (5.513 133.623 -1.182)
2025-10-02 17:28:05,236 - INFO - (5.461 133.762 -1.611)
2025-10-02 17:28:05,246 - INFO - (5.409 133.902 3.206)
2025-10-02 17:28:05,256 - INFO - (5.358 134.042 3.915)
2025-10-02 17:28:05,266 - INFO - (5.307 134.183 3.65)
2025-10-02 17:28:05,277 - INFO - (5.257 134.325 3.41)
2025-10-02 17:28:05,287 - INFO - (5.213 134.453 2.789)
2025-10-02 17:28:05,297 - INFO - (5.165 134.596 1.347)
2025-10-02 17:28:05,307 - INFO - (5.117 134.74 5.772)
2025-10-02 17:28:05,317 - INFO - (5.07 134.883 -6.722)
2025-10-02 17:28:05,326 - INFO - (5.023 135.026 0.308)
2025-10-02 17:28:05,336 - INFO - (4.977 135.17 0.912)
2025-10-02 17:28:05,346 - INFO - (4.931 135.314 3.634)
2025-10-02 17:28:05,356 - INFO - (4.887 135.459 2.141)
2025-10-02 17:28:05,366 - INFO - (4.843 135.604 3.587)
2025-10-02 17:28:05,376 - INFO - (4.801 135.75 3.532)
2025-10-02 17:28:05,386 - INFO - (4.76 135.897 2.642)
2025-10-02 17:28:05,396 - INFO - (4.719 136.044 1.934)
2025-10-02 17:28:05,406 - INFO - (4.68 136.191 0.975)
2025-10-02 17:28:05,416 - INFO - (4.642 136.339 -2.281)
2025-10-02 17:28:05,426 - INFO - (4.604 136.487 0.097)
2025-10-02 17:28:05,436 - INFO - (4.57 136.62 4.813)
2025-10-02 17:28:05,446 - INFO - (4.534 136.769 -1.972)
2025-10-02 17:28:05,457 - INFO - (4.494 136.932 3.887)
2025-10-02 17:28:05,467 - INFO - (4.46 137.082 3.046)
2025-10-02 17:28:05,477 - INFO - (4.426 137.232 2.377)
2025-10-02 17:28:05,487 - INFO - (4.394 137.382 2.392)
2025-10-02 17:28:05,496 - INFO - (4.365 137.518 2.164)
2025-10-02 17:28:05,507 - INFO - (4.334 137.669 2.382)
2025-10-02 17:28:05,516 - INFO - (4.302 137.836 2.942)
2025-10-02 17:28:05,526 - INFO - (4.273 137.987 -8.014)
2025-10-02 17:28:05,536 - INFO - (4.245 138.138 0.493)
2025-10-02 17:28:05,546 - INFO - (4.217 138.29 4.242)
2025-10-02 17:28:05,556 - INFO - (4.19 138.442 4.79)
2025-10-02 17:28:05,566 - INFO - (4.163 138.595 4.142)
2025-10-02 17:28:05,576 - INFO - (4.137 138.748 0.888)
2025-10-02 17:28:05,586 - INFO - (4.113 138.902 2.987)
2025-10-02 17:28:05,596 - INFO - (4.09 139.056 4.489)
2025-10-02 17:28:05,606 - INFO - (4.07 139.195 3.502)
2025-10-02 17:28:05,617 - INFO - (4.048 139.35 5.036)
2025-10-02 17:28:05,627 - INFO - (4.026 139.521 -4.236)
2025-10-02 17:28:05,637 - INFO - (4.008 139.677 2.863)
2025-10-02 17:28:05,647 - INFO - (3.991 139.818 5.624)
2025-10-02 17:28:05,657 - INFO - (3.972 139.974 0.068)
2025-10-02 17:28:05,666 - INFO - (3.953 140.13 0.038)
2025-10-02 17:28:05,677 - INFO - (3.936 140.287 8.4)
2025-10-02 17:28:05,686 - INFO - (3.92 140.445 8.435)
2025-10-02 17:28:05,696 - INFO - (3.906 140.603 2.742)
2025-10-02 17:28:05,706 - INFO - (3.892 140.762 2.298)
2025-10-02 17:28:05,716 - INFO - (3.879 140.921 4.433)
2025-10-02 17:28:05,727 - INFO - (3.866 141.097 -6.455)
2025-10-02 17:28:05,738 - INFO - (3.856 141.256 0.346)
2025-10-02 17:28:05,747 - INFO - (3.846 141.415 2.885)
2025-10-02 17:28:05,757 - INFO - (3.836 141.575 2.255)
2025-10-02 17:28:05,766 - INFO - (3.828 141.734 -4.212)
2025-10-02 17:28:05,777 - INFO - (3.82 141.893 -4.375)
2025-10-02 17:28:05,786 - INFO - (3.814 142.052 -2.343)
2025-10-02 17:28:05,796 - INFO - (3.808 142.21 -4.866)
2025-10-02 17:28:05,806 - INFO - (3.803 142.369 -4.397)
2025-10-02 17:28:05,816 - INFO - (3.8 142.526 -0.981)
2025-10-02 17:28:05,827 - INFO - (3.798 142.684 -9.58)
2025-10-02 17:28:05,837 - INFO - (3.796 142.84 0.248)
2025-10-02 17:28:05,847 - INFO - (3.796 142.997 3.775)
2025-10-02 17:28:05,858 - INFO - (3.795 143.139 0.073)
2025-10-02 17:28:05,866 - INFO - (3.794 143.312 0.592)
2025-10-02 17:28:05,876 - INFO - (3.795 143.453 -5.781)
2025-10-02 17:28:05,886 - INFO - (3.798 143.61 -3.941)
2025-10-02 17:28:05,897 - INFO - (3.8 143.766 -5.8)
2025-10-02 17:28:05,907 - INFO - (3.803 143.921 -8.025)
2025-10-02 17:28:05,917 - INFO - (3.806 144.091 -8.684)
2025-10-02 17:28:05,926 - INFO - (3.809 144.23 -1.929)
2025-10-02 17:28:05,936 - INFO - (3.812 144.383 -4.937)
2025-10-02 17:28:05,946 - INFO - (3.816 144.536 -4.135)
2025-10-02 17:28:05,956 - INFO - (3.819 144.689 -8.664)
2025-10-02 17:28:05,966 - INFO - (3.822 144.841 -4.196)
2025-10-02 17:28:05,976 - INFO - (3.825 144.992 -5.446)
2025-10-02 17:28:05,986 - INFO - (3.827 145.143 -5.877)
2025-10-02 17:28:05,996 - INFO - (3.828 145.293 -4.745)
2025-10-02 17:28:06,007 - INFO - (3.829 145.443 -4.132)
2025-10-02 17:28:06,017 - INFO - (3.828 145.593 -3.818)
2025-10-02 17:28:06,027 - INFO - (3.827 145.742 0.177)
2025-10-02 17:28:06,036 - INFO - (3.825 145.891 -4.398)
2025-10-02 17:28:06,046 - INFO - (3.823 146.04 -1.638)
2025-10-02 17:28:06,056 - INFO - (3.82 146.189 0.127)
2025-10-02 17:28:06,067 - INFO - (3.817 146.337 0.182)
2025-10-02 17:28:06,077 - INFO - (3.813 146.486 -2.272)
2025-10-02 17:28:06,087 - INFO - (3.808 146.634 1.269)
2025-10-02 17:28:06,096 - INFO - (3.803 146.768 0.062)
2025-10-02 17:28:06,107 - INFO - (3.795 146.931 1.228)
2025-10-02 17:28:06,116 - INFO - (3.788 147.08 0.723)
2025-10-02 17:28:06,126 - INFO - (3.78 147.229 0.376)
2025-10-02 17:28:06,136 - INFO - (3.771 147.378 1.663)
2025-10-02 17:28:06,147 - INFO - (3.762 147.526 -1.255)
2025-10-02 17:28:06,157 - INFO - (3.753 147.675 2.288)
2025-10-02 17:28:06,166 - INFO - (3.743 147.824 2.975)
2025-10-02 17:28:06,176 - INFO - (3.733 147.973 3.083)
2025-10-02 17:28:06,186 - INFO - (3.723 148.122 -2.541)
2025-10-02 17:28:06,196 - INFO - (3.712 148.272 2.525)
2025-10-02 17:28:06,207 - INFO - (3.702 148.421 4.033)
2025-10-02 17:28:06,216 - INFO - (3.691 148.571 2.712)
2025-10-02 17:28:06,226 - INFO - (3.68 148.721 2.042)
2025-10-02 17:28:06,236 - INFO - (3.669 148.872 1.109)
2025-10-02 17:28:06,246 - INFO - (3.659 149.022 -1.145)
2025-10-02 17:28:06,256 - INFO - (3.648 149.173 2.731)
2025-10-02 17:28:06,266 - INFO - (3.636 149.323 0.875)
2025-10-02 17:28:06,276 - INFO - (3.625 149.474 3.444)
2025-10-02 17:28:06,287 - INFO - (3.613 149.625 -1.478)
2025-10-02 17:28:06,297 - INFO - (3.601 149.775 -1.029)
2025-10-02 17:28:06,307 - INFO - (3.59 149.926 3.391)
2025-10-02 17:28:06,316 - INFO - (3.579 150.062 1.715)
2025-10-02 17:28:06,326 - INFO - (3.567 150.213 1.436)
2025-10-02 17:28:06,336 - INFO - (3.554 150.38 0.577)
2025-10-02 17:28:06,346 - INFO - (3.543 150.516 0.801)
2025-10-02 17:28:06,356 - INFO - (3.53 150.682 -0.066)
2025-10-02 17:28:06,366 - INFO - (3.519 150.819 1.352)
2025-10-02 17:28:06,376 - INFO - (3.507 150.97 2.805)
2025-10-02 17:28:06,386 - INFO - (3.493 151.137 -3.491)
2025-10-02 17:28:06,396 - INFO - (3.482 151.273 0.257)
2025-10-02 17:28:06,406 - INFO - (3.47 151.425 2.56)
2025-10-02 17:28:06,417 - INFO - (3.457 151.577 1.207)
2025-10-02 17:28:06,427 - INFO - (3.444 151.744 0.946)
2025-10-02 17:28:06,437 - INFO - (3.431 151.896 1.561)
2025-10-02 17:28:06,447 - INFO - (3.42 152.033 -1.201)
2025-10-02 17:28:06,457 - INFO - (3.407 152.185 -0.99)
2025-10-02 17:28:06,466 - INFO - (3.395 152.337 1.319)
2025-10-02 17:28:06,476 - INFO - (3.382 152.489 0.803)
2025-10-02 17:28:06,486 - INFO - (3.369 152.641 -2.922)
2025-10-02 17:28:06,496 - INFO - (3.357 152.792 0.924)
2025-10-02 17:28:06,506 - INFO - (3.344 152.944 2.141)
2025-10-02 17:28:06,516 - INFO - (3.331 153.097 0.527)
2025-10-02 17:28:06,526 - INFO - (3.319 153.249 0.143)
2025-10-02 17:28:06,536 - INFO - (3.306 153.401 2.634)
2025-10-02 17:28:06,546 - INFO - (3.293 153.553 -2.703)
2025-10-02 17:28:06,556 - INFO - (3.28 153.705 -0.344)
2025-10-02 17:28:06,566 - INFO - (3.267 153.857 0.893)
2025-10-02 17:28:06,576 - INFO - (3.256 153.994 2.119)
2025-10-02 17:28:06,587 - INFO - (3.243 154.147 -1.911)
2025-10-02 17:28:06,597 - INFO - (3.23 154.299 -1.945)
2025-10-02 17:28:06,607 - INFO - (3.217 154.451 2.682)
2025-10-02 17:28:06,617 - INFO - (3.205 154.603 0.804)
2025-10-02 17:28:06,627 - INFO - (3.192 154.755 -0.452)
2025-10-02 17:28:06,636 - INFO - (3.179 154.908 0.578)
2025-10-02 17:28:06,647 - INFO - (3.166 155.06 -0.823)
2025-10-02 17:28:06,656 - INFO - (3.153 155.212 -0.085)
2025-10-02 17:28:06,666 - INFO - (3.14 155.365 0.055)
2025-10-02 17:28:06,676 - INFO - (3.127 155.517 1.556)
2025-10-02 17:28:06,686 - INFO - (3.114 155.669 -4.754)
2025-10-02 17:28:06,696 - INFO - (3.101 155.821 -1.412)
2025-10-02 17:28:06,706 - INFO - (3.088 155.973 2.697)
2025-10-02 17:28:06,716 - INFO - (3.075 156.125 -1.394)
2025-10-02 17:28:06,727 - INFO - (3.061 156.277 -2.49)
2025-10-02 17:28:06,737 - INFO - (3.047 156.428 -3.239)
2025-10-02 17:28:06,747 - INFO - (3.033 156.579 -10.51)
2025-10-02 17:28:06,757 - INFO - (3.019 156.714 -5.729)
2025-10-02 17:28:06,766 - INFO - (3.004 156.863 -6.214)
2025-10-02 17:28:06,777 - INFO - (2.988 157.011 -5.726)
2025-10-02 17:28:06,786 - INFO - (2.971 157.159 -4.104)
2025-10-02 17:28:06,796 - INFO - (2.954 157.307 -6.165)
2025-10-02 17:28:06,806 - INFO - (2.937 157.454 -3.772)
2025-10-02 17:28:06,816 - INFO - (2.918 157.6 -4.5)
2025-10-02 17:28:06,826 - INFO - (2.899 157.746 -4.284)
2025-10-02 17:28:06,836 - INFO - (2.879 157.891 -2.61)
2025-10-02 17:28:06,846 - INFO - (2.858 158.036 -6.328)
2025-10-02 17:28:06,856 - INFO - (2.838 158.18 -1.646)
2025-10-02 17:28:06,866 - INFO - (2.816 158.324 -2.554)
2025-10-02 17:28:06,876 - INFO - (2.793 158.468 -2.271)
2025-10-02 17:28:06,886 - INFO - (2.769 158.611 -0.517)
2025-10-02 17:28:06,896 - INFO - (2.745 158.754 -7.237)
2025-10-02 17:28:06,906 - INFO - (2.721 158.897 0.61)
2025-10-02 17:28:06,916 - INFO - (2.697 159.039 0.846)
2025-10-02 17:28:06,926 - INFO - (2.671 159.181 -1.444)
2025-10-02 17:28:06,936 - INFO - (2.644 159.323 2.412)
2025-10-02 17:28:06,946 - INFO - (2.617 159.465 -3.581)
2025-10-02 17:28:06,956 - INFO - (2.59 159.607 -1.952)
2025-10-02 17:28:06,966 - INFO - (2.558 159.762 -0.051)
2025-10-02 17:28:06,976 - INFO - (2.531 159.889 -0.566)
2025-10-02 17:28:06,986 - INFO - (2.497 160.044 1.509)
2025-10-02 17:28:06,996 - INFO - (2.466 160.185 -1.152)
2025-10-02 17:28:07,006 - INFO - (2.434 160.325 -3.937)
2025-10-02 17:28:07,016 - INFO - (2.401 160.465 2.744)
2025-10-02 17:28:07,026 - INFO - (2.372 160.592 2.757)
2025-10-02 17:28:07,036 - INFO - (2.334 160.746 0.539)
2025-10-02 17:28:07,046 - INFO - (2.3 160.886 1.679)
2025-10-02 17:28:07,056 - INFO - (2.264 161.026 -1.468)
2025-10-02 17:28:07,067 - INFO - (2.228 161.166 1.939)
2025-10-02 17:28:07,076 - INFO - (2.187 161.32 1.335)
2025-10-02 17:28:07,086 - INFO - (2.16 161.418 1.127)
2025-10-02 17:28:07,096 - INFO - (2.134 161.516 3.564)
2025-10-02 17:28:07,106 - INFO - (2.095 161.656 -0.867)
2025-10-02 17:28:07,116 - INFO - (2.056 161.795 -3.266)
2025-10-02 17:28:07,126 - INFO - (2.016 161.935 5.371)
2025-10-02 17:28:07,136 - INFO - (1.976 162.075 3.709)
2025-10-02 17:28:07,146 - INFO - (1.931 162.229 4.111)
2025-10-02 17:28:07,156 - INFO - (1.89 162.369 1.482)
2025-10-02 17:28:07,166 - INFO - (1.844 162.523 0.404)
2025-10-02 17:28:07,176 - INFO - (1.807 162.649 1.959)
2025-10-02 17:28:07,186 - INFO - (1.76 162.804 2.363)
2025-10-02 17:28:07,196 - INFO - (1.718 162.944 6.316)
2025-10-02 17:28:07,206 - INFO - (1.68 163.071 -1.068)
2025-10-02 17:28:07,216 - INFO - (1.633 163.226 -4.415)
2025-10-02 17:28:07,226 - INFO - (1.59 163.367 -0.006)
2025-10-02 17:28:07,236 - INFO - (1.548 163.507 1.073)
2025-10-02 17:28:07,246 - INFO - (1.505 163.648 3.819)
2025-10-02 17:28:07,257 - INFO - (1.457 163.803 1.785)
2025-10-02 17:28:07,267 - INFO - (1.414 163.944 -1.024)
2025-10-02 17:28:07,277 - INFO - (1.371 164.085 1.873)
2025-10-02 17:28:07,287 - INFO - (1.327 164.226 2.604)
2025-10-02 17:28:07,297 - INFO - (1.284 164.367 3.092)
2025-10-02 17:28:07,306 - INFO - (1.24 164.509 -0.847)
2025-10-02 17:28:07,316 - INFO - (1.196 164.65 -1.971)
2025-10-02 17:28:07,326 - INFO - (1.152 164.792 3.095)
2025-10-02 17:28:07,336 - INFO - (1.108 164.933 1.654)
2025-10-02 17:28:07,346 - INFO - (1.064 165.075 0.835)
2025-10-02 17:28:07,356 - INFO - (1.019 165.216 0.683)
2025-10-02 17:28:07,366 - INFO - (0.975 165.358 -1.653)
2025-10-02 17:28:07,376 - INFO - (0.931 165.5 1.28)
2025-10-02 17:28:07,386 - INFO - (0.886 165.642 1.097)
2025-10-02 17:28:07,396 - INFO - (0.842 165.783 0.398)
2025-10-02 17:28:07,406 - INFO - (0.797 165.925 2.919)
2025-10-02 17:28:07,416 - INFO - (0.752 166.067 -2.793)
2025-10-02 17:28:07,426 - INFO - (0.708 166.209 -2.074)
2025-10-02 17:28:07,436 - INFO - (0.663 166.35 2.228)
2025-10-02 17:28:07,446 - INFO - (0.619 166.492 0.895)
2025-10-02 17:28:07,456 - INFO - (0.574 166.634 1.729)
2025-10-02 17:28:07,466 - INFO - (0.529 166.776 -1.309)
2025-10-02 17:28:07,476 - INFO - (0.484 166.917 -3.573)
2025-10-02 17:28:07,486 - INFO - (0.439 167.059 2.738)
2025-10-02 17:28:07,496 - INFO - (0.394 167.201 1.972)
2025-10-02 17:28:07,506 - INFO - (0.349 167.343 0.478)
2025-10-02 17:28:07,516 - INFO - (0.3 167.499 -0.322)
2025-10-02 17:28:07,527 - INFO - (0.255 167.641 0.576)
2025-10-02 17:28:07,536 - INFO - (0.21 167.783 0.262)
2025-10-02 17:28:07,546 - INFO - (0.165 167.925 -0.021)
2025-10-02 17:28:07,557 - INFO - (0.12 168.067 -0.21)
2025-10-02 17:28:07,566 - INFO - (0.074 168.209 2.526)
2025-10-02 17:28:07,576 - INFO - (0.029 168.351 -6.859)
2025-10-02 17:28:07,586 - INFO - (-0.016 168.493 0.004)
2025-10-02 17:28:07,596 - INFO - (-0.061 168.634 1.727)
2025-10-02 17:28:07,606 - INFO - (-0.107 168.775 -2.585)
2025-10-02 17:28:07,616 - INFO - (-0.153 168.916 -3.047)
2025-10-02 17:28:07,626 - INFO - (-0.2 169.056 -5.132)
2025-10-02 17:28:07,636 - INFO - (-0.248 169.196 -1.453)
2025-10-02 17:28:07,646 - INFO - (-0.296 169.335 -2.667)
2025-10-02 17:28:07,656 - INFO - (-0.345 169.474 -2.777)
2025-10-02 17:28:07,666 - INFO - (-0.395 169.612 -2.686)
2025-10-02 17:28:07,676 - INFO - (-0.445 169.749 -9.192)
2025-10-02 17:28:07,686 - INFO - (-0.496 169.886 -0.555)
2025-10-02 17:28:07,696 - INFO - (-0.542 170.008 -0.59)
2025-10-02 17:28:07,706 - INFO - (-0.599 170.158 -2.289)
2025-10-02 17:28:07,716 - INFO - (-0.652 170.293 -2.177)
2025-10-02 17:28:07,726 - INFO - (-0.706 170.428 1.567)
2025-10-02 17:28:07,736 - INFO - (-0.761 170.563 -2.129)
2025-10-02 17:28:07,746 - INFO - (-0.815 170.697 -1.533)
2025-10-02 17:28:07,756 - INFO - (-0.871 170.831 -3.866)
2025-10-02 17:28:07,766 - INFO - (-0.928 170.963 1.183)
2025-10-02 17:28:07,776 - INFO - (-0.986 171.096 -2.494)
2025-10-02 17:28:07,786 - INFO - (-1.044 171.227 -5.626)
2025-10-02 17:28:07,796 - INFO - (-1.103 171.359 -0.103)
2025-10-02 17:28:07,806 - INFO - (-1.162 171.49 0.149)
2025-10-02 17:28:07,816 - INFO - (-1.223 171.62 -2.13)
2025-10-02 17:28:07,826 - INFO - (-1.284 171.75 2.284)
2025-10-02 17:28:07,836 - INFO - (-1.347 171.88 -3.443)
2025-10-02 17:28:07,846 - INFO - (-1.403 171.996 -0.306)
2025-10-02 17:28:07,856 - INFO - (-1.467 172.125 -0.942)
2025-10-02 17:28:07,866 - INFO - (-1.531 172.253 -1.322)
2025-10-02 17:28:07,876 - INFO - (-1.597 172.38 0.207)
2025-10-02 17:28:07,886 - INFO - (-1.67 172.519 -4.268)
2025-10-02 17:28:07,896 - INFO - (-1.737 172.646 0.719)
2025-10-02 17:28:07,906 - INFO - (-1.798 172.759 0.162)
2025-10-02 17:28:07,916 - INFO - (-1.867 172.884 -0.561)
2025-10-02 17:28:07,927 - INFO - (-1.937 173.009 -0.949)
2025-10-02 17:28:07,937 - INFO - (-2.015 173.145 3.007)
2025-10-02 17:28:07,947 - INFO - (-2.087 173.269 -6.034)
2025-10-02 17:28:07,957 - INFO - (-2.158 173.392 0.019)
2025-10-02 17:28:07,966 - INFO - (-2.223 173.503 2.083)
2025-10-02 17:28:07,976 - INFO - (-2.296 173.626 2.45)
2025-10-02 17:28:07,986 - INFO - (-2.37 173.748 0.824)
2025-10-02 17:28:07,996 - INFO - (-2.445 173.87 0.222)
2025-10-02 17:28:08,006 - INFO - (-2.521 173.991 1.665)
2025-10-02 17:28:08,016 - INFO - (-2.598 174.112 2.74)
2025-10-02 17:28:08,026 - INFO - (-2.676 174.233 1.989)
2025-10-02 17:28:08,036 - INFO - (-2.755 174.353 1.453)
2025-10-02 17:28:08,046 - INFO - (-2.835 174.473 2.955)
2025-10-02 17:28:08,056 - INFO - (-2.915 174.592 -3.965)
2025-10-02 17:28:08,066 - INFO - (-2.996 174.712 5.55)
2025-10-02 17:28:08,076 - INFO - (-3.078 174.831 3.697)
2025-10-02 17:28:08,086 - INFO - (-3.16 174.95 5.512)
2025-10-02 17:28:08,096 - INFO - (-3.244 175.069 1.005)
2025-10-02 17:28:08,107 - INFO - (-3.319 175.175 -2.253)
2025-10-02 17:28:08,117 - INFO - (-3.412 175.306 7.386)
2025-10-02 17:28:08,127 - INFO - (-3.489 175.412 4.794)
2025-10-02 17:28:08,136 - INFO - (-3.576 175.531 3.993)
2025-10-02 17:28:08,146 - INFO - (-3.663 175.649 6.07)
2025-10-02 17:28:08,156 - INFO - (-3.76 175.779 -3.333)
2025-10-02 17:28:08,166 - INFO - (-3.84 175.884 2.788)
2025-10-02 17:28:08,176 - INFO - (-3.938 176.014 8.057)
2025-10-02 17:28:08,186 - INFO - (-4.027 176.132 5.958)
2025-10-02 17:28:08,196 - INFO - (-4.118 176.25 5.339)
2025-10-02 17:28:08,206 - INFO - (-4.2 176.357 0.569)
2025-10-02 17:28:08,216 - INFO - (-4.301 176.487 5.051)
2025-10-02 17:28:08,226 - INFO - (-4.393 176.606 6.346)
2025-10-02 17:28:08,236 - INFO - (-4.485 176.725 5.152)
2025-10-02 17:28:08,246 - INFO - (-4.578 176.844 4.412)
2025-10-02 17:28:08,256 - INFO - (-4.67 176.964 3.313)
2025-10-02 17:28:08,266 - INFO - (-4.763 177.084 -2.287)
2025-10-02 17:28:08,276 - INFO - (-4.856 177.204 3.204)
2025-10-02 17:28:08,286 - INFO - (-4.949 177.325 4.076)
2025-10-02 17:28:08,296 - INFO - (-5.042 177.445 2.696)
2025-10-02 17:28:08,306 - INFO - (-5.125 177.554 1.746)
2025-10-02 17:28:08,316 - INFO - (-5.219 177.675 0.957)
2025-10-02 17:28:08,326 - INFO - (-5.312 177.796 -1.183)
2025-10-02 17:28:08,336 - INFO - (-5.405 177.917 2.73)
2025-10-02 17:28:08,347 - INFO - (-5.498 178.039 1.41)
2025-10-02 17:28:08,356 - INFO - (-5.592 178.16 2.959)
2025-10-02 17:28:08,366 - INFO - (-5.694 178.294 -5.625)
2025-10-02 17:28:08,377 - INFO - (-5.787 178.415 1.864)
2025-10-02 17:28:08,387 - INFO - (-5.881 178.536 2.154)
2025-10-02 17:28:08,397 - INFO - (-5.974 178.658 0.921)
2025-10-02 17:28:08,407 - INFO - (-6.067 178.779 0.769)
2025-10-02 17:28:08,416 - INFO - (-6.161 178.901 -2.739)
2025-10-02 17:28:08,426 - INFO - (-6.254 179.022 -5.832)
2025-10-02 17:28:08,436 - INFO - (-6.348 179.142 -2.391)
2025-10-02 17:28:08,446 - INFO - (-6.442 179.261 -3.632)
2025-10-02 17:28:08,456 - INFO - (-6.536 179.38 -4.319)
2025-10-02 17:28:08,467 - INFO - (-6.63 179.498 -10.576)
2025-10-02 17:28:08,477 - INFO - (-6.724 179.616 1.229)
2025-10-02 17:28:08,487 - INFO - (-6.819 179.733 -1.181)
2025-10-02 17:28:08,496 - INFO - (-6.914 179.849 -2.174)
2025-10-02 17:28:08,506 - INFO - (-7.01 179.964 -2.365)
2025-10-02 17:28:08,516 - INFO - (-7.107 180.078 -5.747)
2025-10-02 17:28:08,526 - INFO - (-7.203 180.192 0.002)
2025-10-02 17:28:08,537 - INFO - (-7.301 180.305 -1.516)
2025-10-02 17:28:08,547 - INFO - (-7.399 180.417 -2.002)
2025-10-02 17:28:08,557 - INFO - (-7.498 180.529 -0.714)
2025-10-02 17:28:08,566 - INFO - (-7.597 180.64 -8.008)
2025-10-02 17:28:08,576 - INFO - (-7.696 180.75 -0.223)
2025-10-02 17:28:08,586 - INFO - (-7.796 180.86 -0.18)
2025-10-02 17:28:08,596 - INFO - (-7.896 180.968 -0.63)
2025-10-02 17:28:08,606 - INFO - (-7.997 181.076 0.766)
2025-10-02 17:28:08,616 - INFO - (-8.099 181.184 -6.984)
2025-10-02 17:28:08,627 - INFO - (-8.2 181.291 0.867)
2025-10-02 17:28:08,637 - INFO - (-8.303 181.397 0.639)
2025-10-02 17:28:08,647 - INFO - (-8.395 181.492 -0.432)
2025-10-02 17:28:08,657 - INFO - (-8.499 181.597 -1.082)
2025-10-02 17:28:08,666 - INFO - (-8.604 181.701 -0.458)
2025-10-02 17:28:08,676 - INFO - (-8.708 181.804 -3.462)
2025-10-02 17:28:08,686 - INFO - (-8.814 181.907 0.726)
2025-10-02 17:28:08,697 - INFO - (-8.919 182.009 -0.686)
2025-10-02 17:28:08,707 - INFO - (-9.026 182.111 -1.163)
2025-10-02 17:28:08,717 - INFO - (-9.132 182.212 0.603)
2025-10-02 17:28:08,727 - INFO - (-9.239 182.313 -3.266)
2025-10-02 17:28:08,736 - INFO - (-9.346 182.414 2.041)
2025-10-02 17:28:08,746 - INFO - (-9.453 182.514 0.628)
2025-10-02 17:28:08,756 - INFO - (-9.561 182.614 0.783)
2025-10-02 17:28:08,766 - INFO - (-9.669 182.713 3.429)
2025-10-02 17:28:08,776 - INFO - (-9.777 182.813 -4.275)
2025-10-02 17:28:08,787 - INFO - (-9.885 182.912 -1.959)
2025-10-02 17:28:08,797 - INFO - (-9.994 183.012 2.93)
2025-10-02 17:28:08,807 - INFO - (-10.102 183.111 2.554)
2025-10-02 17:28:08,817 - INFO - (-10.212 183.21 1.935)
2025-10-02 17:28:08,826 - INFO - (-10.321 183.309 0.119)
2025-10-02 17:28:08,836 - INFO - (-10.42 183.398 2.474)
2025-10-02 17:28:08,846 - INFO - (-10.541 183.506 0.275)
2025-10-02 17:28:08,856 - INFO - (-10.651 183.605 1.911)
2025-10-02 17:28:08,866 - INFO - (-10.761 183.703 3.964)
2025-10-02 17:28:08,877 - INFO - (-10.872 183.802 -1.095)
2025-10-02 17:28:08,887 - INFO - (-10.983 183.9 -4.117)
2025-10-02 17:28:08,897 - INFO - (-11.093 183.998 3.34)
2025-10-02 17:28:08,907 - INFO - (-11.204 184.097 2.955)
2025-10-02 17:28:08,916 - INFO - (-11.305 184.185 0.13)
2025-10-02 17:28:08,926 - INFO - (-11.416 184.283 1.078)
2025-10-02 17:28:08,936 - INFO - (-11.528 184.381 0.849)
2025-10-02 17:28:08,946 - INFO - (-11.639 184.479 -1.389)
2025-10-02 17:28:08,956 - INFO - (-11.751 184.577 2.15)
2025-10-02 17:28:08,966 - INFO - (-11.875 184.685 1.711)
2025-10-02 17:28:08,976 - INFO - (-11.976 184.773 2.4)
2025-10-02 17:28:08,987 - INFO - (-12.088 184.871 -3.912)
2025-10-02 17:28:08,996 - INFO - (-12.2 184.969 1.88)
2025-10-02 17:28:09,006 - INFO - (-12.313 185.067 2.048)
2025-10-02 17:28:09,017 - INFO - (-12.426 185.164 0.939)
2025-10-02 17:28:09,027 - INFO - (-12.539 185.262 -0.363)
2025-10-02 17:28:09,037 - INFO - (-12.651 185.359 -5.347)
2025-10-02 17:28:09,047 - INFO - (-12.765 185.455 2.256)
2025-10-02 17:28:09,057 - INFO - (-12.879 185.551 -0.901)
2025-10-02 17:28:09,066 - INFO - (-12.993 185.646 -0.314)
2025-10-02 17:28:09,076 - INFO - (-13.108 185.741 0.997)
2025-10-02 17:28:09,086 - INFO - (-13.223 185.834 -10.492)
2025-10-02 17:28:09,096 - INFO - (-13.338 185.927 -0.81)
2025-10-02 17:28:09,106 - INFO - (-13.453 186.02 -0.155)
2025-10-02 17:28:09,116 - INFO - (-13.569 186.111 0.38)
2025-10-02 17:28:09,126 - INFO - (-13.686 186.202 -0.119)
2025-10-02 17:28:09,136 - INFO - (-13.803 186.292 -2.648)
2025-10-02 17:28:09,146 - INFO - (-13.92 186.381 -0.843)
2025-10-02 17:28:09,156 - INFO - (-14.038 186.469 1.259)
2025-10-02 17:28:09,166 - INFO - (-14.157 186.557 0.522)
2025-10-02 17:28:09,176 - INFO - (-14.276 186.644 2.283)
2025-10-02 17:28:09,186 - INFO - (-14.396 186.73 -5.193)
2025-10-02 17:28:09,196 - INFO - (-14.516 186.815 -4.759)
2025-10-02 17:28:09,206 - INFO - (-14.635 186.9 2.099)
2025-10-02 17:28:09,216 - INFO - (-14.756 186.984 1.725)
2025-10-02 17:28:09,226 - INFO - (-14.878 187.067 0.712)
2025-10-02 17:28:09,236 - INFO - (-15.0 187.15 0.727)
2025-10-02 17:28:09,246 - INFO - (-15.122 187.232 -3.743)
2025-10-02 17:28:09,256 - INFO - (-15.245 187.313 2.069)
2025-10-02 17:28:09,266 - INFO - (-15.368 187.393 1.606)
2025-10-02 17:28:09,277 - INFO - (-15.492 187.472 0.992)
2025-10-02 17:28:09,286 - INFO - (-15.617 187.551 0.915)
2025-10-02 17:28:09,296 - INFO - (-15.742 187.629 -1.47)
2025-10-02 17:28:09,306 - INFO - (-15.868 187.706 1.837)
2025-10-02 17:28:09,316 - INFO - (-15.982 187.774 0.288)
2025-10-02 17:28:09,326 - INFO - (-16.122 187.857 0.129)
2025-10-02 17:28:09,336 - INFO - (-16.249 187.932 3.88)
2025-10-02 17:28:09,346 - INFO - (-16.377 188.005 -5.312)
2025-10-02 17:28:09,356 - INFO - (-16.492 188.071 0.019)
2025-10-02 17:28:09,366 - INFO - (-16.62 188.145 0.026)
2025-10-02 17:28:09,376 - INFO - (-16.762 188.224 3.077)
2025-10-02 17:28:09,386 - INFO - (-16.878 188.288 1.147)
2025-10-02 17:28:09,396 - INFO - (-17.009 188.358 -1.848)
2025-10-02 17:28:09,406 - INFO - (-17.139 188.428 1.95)
2025-10-02 17:28:09,416 - INFO - (-17.27 188.497 0.812)
2025-10-02 17:28:09,426 - INFO - (-17.401 188.565 0.289)
2025-10-02 17:28:09,436 - INFO - (-17.533 188.632 1.972)
2025-10-02 17:28:09,446 - INFO - (-17.665 188.699 0.772)
2025-10-02 17:28:09,456 - INFO - (-17.798 188.765 -4.896)
2025-10-02 17:28:09,466 - INFO - (-17.944 188.837 3.607)
2025-10-02 17:28:09,476 - INFO - (-18.063 188.896 1.041)
2025-10-02 17:28:09,486 - INFO - (-18.197 188.96 1.378)
2025-10-02 17:28:09,496 - INFO - (-18.345 189.03 -1.85)
2025-10-02 17:28:09,506 - INFO - (-18.479 189.093 3.021)
2025-10-02 17:28:09,516 - INFO - (-18.6 189.149 1.827)
2025-10-02 17:28:09,526 - INFO - (-18.749 189.218 1.897)
2025-10-02 17:28:09,536 - INFO - (-18.884 189.28 0.983)
2025-10-02 17:28:09,546 - INFO - (-19.006 189.336 1.739)
2025-10-02 17:28:09,556 - INFO - (-19.155 189.404 -2.487)
2025-10-02 17:28:09,566 - INFO - (-19.291 189.466 2.642)
2025-10-02 17:28:09,577 - INFO - (-19.426 189.529 1.466)
2025-10-02 17:28:09,586 - INFO - (-19.562 189.591 2.248)
2025-10-02 17:28:09,596 - INFO - (-19.698 189.654 1.261)
2025-10-02 17:28:09,606 - INFO - (-19.833 189.717 -1.416)
2025-10-02 17:28:09,616 - INFO - (-19.969 189.779 0.005)
2025-10-02 17:28:09,626 - INFO - (-20.105 189.842 1.774)
2025-10-02 17:28:09,636 - INFO - (-20.227 189.899 0.805)
2025-10-02 17:28:09,646 - INFO - (-20.363 189.962 0.495)
2025-10-02 17:28:09,656 - INFO - (-20.499 190.025 0.187)
2025-10-02 17:28:09,666 - INFO - (-20.635 190.088 0.778)
2025-10-02 17:28:09,676 - INFO - (-20.771 190.151 -0.673)
2025-10-02 17:28:09,687 - INFO - (-20.906 190.214 -0.057)
2025-10-02 17:28:09,697 - INFO - (-21.042 190.278 0.879)
2025-10-02 17:28:09,707 - INFO - (-21.178 190.341 -2.288)
2025-10-02 17:28:09,717 - INFO - (-21.314 190.404 -0.474)
2025-10-02 17:28:09,726 - INFO - (-21.45 190.468 2.237)
2025-10-02 17:28:09,736 - INFO - (-21.585 190.531 0.244)
2025-10-02 17:28:09,747 - INFO - (-21.721 190.594 -0.171)
2025-10-02 17:28:09,757 - INFO - (-21.857 190.658 -0.048)
2025-10-02 17:28:09,767 - INFO - (-21.993 190.721 1.054)
2025-10-02 17:28:09,776 - INFO - (-22.129 190.784 -1.298)
2025-10-02 17:28:09,787 - INFO - (-22.265 190.848 -1.381)
2025-10-02 17:28:09,796 - INFO - (-22.4 190.911 1.693)
2025-10-02 17:28:09,807 - INFO - (-22.536 190.975 -2.578)
2025-10-02 17:28:09,816 - INFO - (-22.672 191.038 -0.214)
2025-10-02 17:28:09,826 - INFO - (-22.807 191.101 1.479)
2025-10-02 17:28:09,836 - INFO - (-22.943 191.165 -0.04)
2025-10-02 17:28:09,846 - INFO - (-23.078 191.228 -0.289)
2025-10-02 17:28:09,856 - INFO - (-23.214 191.292 1.713)
2025-10-02 17:28:09,866 - INFO - (-23.35 191.355 -0.646)
2025-10-02 17:28:09,876 - INFO - (-23.485 191.419 -1.808)
2025-10-02 17:28:09,886 - INFO - (-23.621 191.482 -1.521)
2025-10-02 17:28:09,896 - INFO - (-23.756 191.545 2.614)
2025-10-02 17:28:09,906 - INFO - (-23.892 191.609 -0.325)
2025-10-02 17:28:09,916 - INFO - (-24.028 191.672 -0.691)
2025-10-02 17:28:09,926 - INFO - (-24.163 191.736 0.912)
2025-10-02 17:28:09,936 - INFO - (-24.299 191.799 -0.039)
2025-10-02 17:28:09,946 - INFO - (-24.434 191.863 -0.238)
2025-10-02 17:28:09,956 - INFO - (-24.57 191.926 1.174)
2025-10-02 17:28:09,966 - INFO - (-24.706 191.99 0.733)
2025-10-02 17:28:09,976 - INFO - (-24.841 192.053 -2.428)
2025-10-02 17:28:09,986 - INFO - (-24.977 192.117 -1.753)
2025-10-02 17:28:09,996 - INFO - (-25.112 192.18 1.909)
2025-10-02 17:28:10,006 - INFO - (-25.234 192.237 0.036)
2025-10-02 17:28:10,016 - INFO - (-25.37 192.3 -3.766)
2025-10-02 17:28:10,026 - INFO - (-25.505 192.364 2.641)
2025-10-02 17:28:10,036 - INFO - (-25.641 192.427 2.233)
2025-10-02 17:28:10,047 - INFO - (-25.776 192.491 0.395)
2025-10-02 17:28:10,057 - INFO - (-25.912 192.554 0.397)
2025-10-02 17:28:10,066 - INFO - (-26.048 192.618 -0.269)
2025-10-02 17:28:10,077 - INFO - (-26.183 192.681 -1.845)
2025-10-02 17:28:10,086 - INFO - (-26.319 192.745 -0.243)
2025-10-02 17:28:10,096 - INFO - (-26.455 192.808 1.677)
2025-10-02 17:28:10,106 - INFO - (-26.59 192.872 -1.174)
2025-10-02 17:28:10,116 - INFO - (-26.726 192.935 -0.944)
2025-10-02 17:28:10,126 - INFO - (-26.861 192.999 1.286)
2025-10-02 17:28:10,136 - INFO - (-26.997 193.062 -0.009)
2025-10-02 17:28:10,147 - INFO - (-27.133 193.125 -0.222)
2025-10-02 17:28:10,156 - INFO - (-27.282 193.195 0.929)
2025-10-02 17:28:10,167 - INFO - (-27.417 193.259 -0.415)
2025-10-02 17:28:10,177 - INFO - (-27.553 193.322 -2.872)
2025-10-02 17:28:10,187 - INFO - (-27.688 193.386 0.088)
2025-10-02 17:28:10,196 - INFO - (-27.824 193.448 -1.193)
2025-10-02 17:28:10,206 - INFO - (-27.96 193.51 -4.636)
2025-10-02 17:28:10,216 - INFO - (-28.095 193.572 -6.012)
2025-10-02 17:28:10,226 - INFO - (-28.23 193.632 -0.519)
2025-10-02 17:28:10,237 - INFO - (-28.365 193.693 -3.396)
2025-10-02 17:28:10,247 - INFO - (-28.5 193.752 -5.022)
2025-10-02 17:28:10,257 - INFO - (-28.636 193.81 -2.541)
2025-10-02 17:28:10,267 - INFO - (-28.771 193.868 -7.012)
2025-10-02 17:28:10,276 - INFO - (-28.892 193.919 -5.828)
2025-10-02 17:28:10,286 - INFO - (-29.026 193.975 -1.065)
2025-10-02 17:28:10,296 - INFO - (-29.161 194.031 -1.515)
2025-10-02 17:28:10,306 - INFO - (-29.296 194.086 -3.828)
2025-10-02 17:28:10,316 - INFO - (-29.43 194.139 -6.22)
2025-10-02 17:28:10,326 - INFO - (-29.565 194.192 0.539)
2025-10-02 17:28:10,336 - INFO - (-29.7 194.245 -1.505)
2025-10-02 17:28:10,346 - INFO - (-29.834 194.296 -2.325)
2025-10-02 17:28:10,356 - INFO - (-29.969 194.347 -2.429)
2025-10-02 17:28:10,366 - INFO - (-30.104 194.397 -0.604)
2025-10-02 17:28:10,376 - INFO - (-30.239 194.447 -7.994)
2025-10-02 17:28:10,386 - INFO - (-30.374 194.495 0.02)
2025-10-02 17:28:10,396 - INFO - (-30.509 194.544 -2.213)
2025-10-02 17:28:10,406 - INFO - (-30.643 194.591 1.386)
2025-10-02 17:28:10,416 - INFO - (-30.765 194.633 0.905)
2025-10-02 17:28:10,426 - INFO - (-30.915 194.683 -1.693)
2025-10-02 17:28:10,436 - INFO - (-31.037 194.723 1.654)
2025-10-02 17:28:10,446 - INFO - (-31.173 194.767 0.335)
2025-10-02 17:28:10,456 - INFO - (-31.31 194.81 -0.182)
2025-10-02 17:28:10,466 - INFO - (-31.46 194.857 1.645)
2025-10-02 17:28:10,476 - INFO - (-31.584 194.894 -2.363)
2025-10-02 17:28:10,486 - INFO - (-31.735 194.938 -0.518)
2025-10-02 17:28:10,496 - INFO - (-31.872 194.978 0.707)
2025-10-02 17:28:10,506 - INFO - (-32.01 195.017 3.697)
2025-10-02 17:28:10,516 - INFO - (-32.148 195.055 -1.482)
2025-10-02 17:28:10,526 - INFO - (-32.286 195.093 -3.971)
2025-10-02 17:28:10,536 - INFO - (-32.411 195.126 1.824)
2025-10-02 17:28:10,546 - INFO - (-32.549 195.162 1.154)
2025-10-02 17:28:10,556 - INFO - (-32.688 195.197 1.971)
2025-10-02 17:28:10,566 - INFO - (-32.841 195.235 2.545)
2025-10-02 17:28:10,576 - INFO - (-32.981 195.269 -1.013)
2025-10-02 17:28:10,586 - INFO - (-33.121 195.301 -4.625)
2025-10-02 17:28:10,596 - INFO - (-33.26 195.333 3.502)
2025-10-02 17:28:10,606 - INFO - (-33.401 195.364 2.1)
2025-10-02 17:28:10,616 - INFO - (-33.541 195.394 2.86)
2025-10-02 17:28:10,626 - INFO - (-33.682 195.425 -3.253)
2025-10-02 17:28:10,636 - INFO - (-33.823 195.454 2.407)
2025-10-02 17:28:10,646 - INFO - (-33.964 195.482 1.298)
2025-10-02 17:28:10,656 - INFO - (-34.105 195.509 0.993)
2025-10-02 17:28:10,666 - INFO - (-34.247 195.536 0.76)
2025-10-02 17:28:10,676 - INFO - (-34.389 195.562 2.325)
2025-10-02 17:28:10,687 - INFO - (-34.531 195.587 -5.726)
2025-10-02 17:28:10,697 - INFO - (-34.673 195.611 3.581)
2025-10-02 17:28:10,707 - INFO - (-34.816 195.634 2.952)
2025-10-02 17:28:10,717 - INFO - (-34.959 195.657 2.076)
2025-10-02 17:28:10,726 - INFO - (-35.102 195.68 -0.329)
2025-10-02 17:28:10,737 - INFO - (-35.245 195.702 0.529)
2025-10-02 17:28:10,747 - INFO - (-35.388 195.723 1.554)
2025-10-02 17:28:10,756 - INFO - (-35.531 195.743 1.361)
2025-10-02 17:28:10,766 - INFO - (-35.675 195.762 1.515)
2025-10-02 17:28:10,776 - INFO - (-35.819 195.781 2.75)
2025-10-02 17:28:10,786 - INFO - (-35.964 195.8 -0.873)
2025-10-02 17:28:10,796 - INFO - (-36.108 195.818 -2.02)
2025-10-02 17:28:10,806 - INFO - (-36.252 195.837 2.405)
2025-10-02 17:28:10,816 - INFO - (-36.396 195.855 2.029)
2025-10-02 17:28:10,826 - INFO - (-36.526 195.872 3.045)
2025-10-02 17:28:10,836 - INFO - (-36.671 195.891 -1.398)
2025-10-02 17:28:10,846 - INFO - (-36.815 195.91 -2.144)
2025-10-02 17:28:10,856 - INFO - (-36.96 195.929 2.591)
2025-10-02 17:28:10,866 - INFO - (-37.105 195.948 1.966)
2025-10-02 17:28:10,876 - INFO - (-37.264 195.969 1.038)
2025-10-02 17:28:10,887 - INFO - (-37.409 195.988 0.539)
2025-10-02 17:28:10,897 - INFO - (-37.554 196.007 -1.754)
2025-10-02 17:28:10,907 - INFO - (-37.699 196.026 1.934)
2025-10-02 17:28:10,917 - INFO - (-37.829 196.043 0.223)
2025-10-02 17:28:10,927 - INFO - (-37.974 196.063 2.985)
2025-10-02 17:28:10,936 - INFO - (-38.119 196.082 -2.277)
2025-10-02 17:28:10,946 - INFO - (-38.264 196.101 -4.125)
2025-10-02 17:28:10,956 - INFO - (-38.409 196.12 3.45)
2025-10-02 17:28:10,966 - INFO - (-38.554 196.139 2.543)
2025-10-02 17:28:10,976 - INFO - (-38.699 196.159 -1.114)
2025-10-02 17:28:10,986 - INFO - (-38.844 196.178 0.711)
2025-10-02 17:28:10,996 - INFO - (-38.989 196.197 -0.094)
2025-10-02 17:28:11,006 - INFO - (-39.134 196.217 -0.703)
2025-10-02 17:28:11,016 - INFO - (-39.265 196.234 -1.38)
2025-10-02 17:28:11,026 - INFO - (-39.41 196.253 2.795)
2025-10-02 17:28:11,036 - INFO - (-39.555 196.273 0.119)
2025-10-02 17:28:11,046 - INFO - (-39.7 196.292 -4.466)
2025-10-02 17:28:11,056 - INFO - (-39.845 196.311 2.217)
2025-10-02 17:28:11,066 - INFO - (-40.005 196.333 0.969)
2025-10-02 17:28:11,076 - INFO - (-40.15 196.352 0.208)
2025-10-02 17:28:11,086 - INFO - (-40.295 196.371 -0.019)
2025-10-02 17:28:11,096 - INFO - (-40.44 196.391 0.374)
2025-10-02 17:28:11,106 - INFO - (-40.585 196.41 -2.801)
2025-10-02 17:28:11,116 - INFO - (-40.73 196.429 -0.456)
2025-10-02 17:28:11,126 - INFO - (-40.875 196.449 3.512)
2025-10-02 17:28:11,136 - INFO - (-41.02 196.468 -0.841)
2025-10-02 17:28:11,146 - INFO - (-41.165 196.487 -0.351)
2025-10-02 17:28:11,156 - INFO - (-41.31 196.507 -0.034)
2025-10-02 17:28:11,166 - INFO - (-41.455 196.526 -0.195)
2025-10-02 17:28:11,176 - INFO - (-41.6 196.546 -0.352)
2025-10-02 17:28:11,186 - INFO - (-41.731 196.563 -0.416)
2025-10-02 17:28:11,196 - INFO - (-41.876 196.582 3.09)
2025-10-02 17:28:11,206 - INFO - (-42.021 196.602 -1.522)
2025-10-02 17:28:11,216 - INFO - (-42.166 196.621 -5.114)
2025-10-02 17:28:11,226 - INFO - (-42.311 196.64 -0.076)
2025-10-02 17:28:11,236 - INFO - (-42.455 196.66 1.771)
2025-10-02 17:28:11,246 - INFO - (-42.6 196.679 0.081)
2025-10-02 17:28:11,256 - INFO - (-42.745 196.698 -0.864)
2025-10-02 17:28:11,266 - INFO - (-42.89 196.718 2.448)
2025-10-02 17:28:11,277 - INFO - (-43.035 196.737 0.538)
2025-10-02 17:28:11,286 - INFO - (-43.18 196.757 0.085)
2025-10-02 17:28:11,296 - INFO - (-43.325 196.776 0.94)
2025-10-02 17:28:11,306 - INFO - (-43.47 196.795 -0.544)
2025-10-02 17:28:11,316 - INFO - (-43.615 196.815 -3.719)
2025-10-02 17:28:11,326 - INFO - (-43.76 196.834 2.077)
2025-10-02 17:28:11,336 - INFO - (-43.905 196.853 2.435)
2025-10-02 17:28:11,346 - INFO - (-44.05 196.872 2.251)
2025-10-02 17:28:11,356 - INFO - (-44.195 196.891 -2.78)
2025-10-02 17:28:11,366 - INFO - (-44.34 196.91 -2.573)
2025-10-02 17:28:11,376 - INFO - (-44.5 196.93 -1.052)
2025-10-02 17:28:11,386 - INFO - (-44.645 196.948 5.452)
2025-10-02 17:28:11,396 - INFO - (-44.791 196.964 5.09)
2025-10-02 17:28:11,406 - INFO - (-44.923 196.978 0.915)
2025-10-02 17:28:11,416 - INFO - (-45.084 196.994 -3.337)
2025-10-02 17:28:11,426 - INFO - (-45.23 197.008 -0.959)
2025-10-02 17:28:11,436 - INFO - (-45.361 197.021 3.602)
2025-10-02 17:28:11,446 - INFO - (-45.508 197.033 5.202)
2025-10-02 17:28:11,456 - INFO - (-45.655 197.045 1.943)
2025-10-02 17:28:11,466 - INFO - (-45.817 197.057 -3.307)
2025-10-02 17:28:11,476 - INFO - (-45.964 197.068 2.217)
2025-10-02 17:28:11,486 - INFO - (-46.112 197.077 1.339)
2025-10-02 17:28:11,496 - INFO - (-46.259 197.086 0.401)
2025-10-02 17:28:11,506 - INFO - (-46.392 197.093 -0.843)
2025-10-02 17:28:11,516 - INFO - (-46.54 197.1 -7.154)
2025-10-02 17:28:11,526 - INFO - (-46.701 197.107 0.557)
2025-10-02 17:28:11,536 - INFO - (-46.848 197.112 1.753)
2025-10-02 17:28:11,546 - INFO - (-46.996 197.117 3.536)
2025-10-02 17:28:11,556 - INFO - (-47.143 197.121 -0.4)
2025-10-02 17:28:11,566 - INFO - (-47.291 197.125 -5.133)
2025-10-02 17:28:11,576 - INFO - (-47.438 197.127 -0.315)
2025-10-02 17:28:11,586 - INFO - (-47.585 197.129 -0.237)
2025-10-02 17:28:11,596 - INFO - (-47.732 197.129 -0.466)
2025-10-02 17:28:11,606 - INFO - (-47.879 197.129 -1.004)
2025-10-02 17:28:11,616 - INFO - (-48.025 197.127 -3.51)
2025-10-02 17:28:11,626 - INFO - (-48.172 197.125 1.986)
2025-10-02 17:28:11,637 - INFO - (-48.319 197.122 0.721)
2025-10-02 17:28:11,647 - INFO - (-48.451 197.119 0.748)
2025-10-02 17:28:11,657 - INFO - (-48.612 197.114 -1.539)
2025-10-02 17:28:11,667 - INFO - (-48.744 197.108 -6.612)
2025-10-02 17:28:11,677 - INFO - (-48.89 197.102 2.743)
2025-10-02 17:28:11,686 - INFO - (-49.036 197.095 3.416)
2025-10-02 17:28:11,696 - INFO - (-49.183 197.087 1.68)
2025-10-02 17:28:11,706 - INFO - (-49.33 197.079 2.26)
2025-10-02 17:28:11,716 - INFO - (-49.476 197.069 -2.028)
2025-10-02 17:28:11,726 - INFO - (-49.623 197.059 4.32)
2025-10-02 17:28:11,736 - INFO - (-49.77 197.048 1.403)
2025-10-02 17:28:11,746 - INFO - (-49.932 197.035 0.877)
2025-10-02 17:28:11,756 - INFO - (-50.079 197.021 1.686)
2025-10-02 17:28:11,767 - INFO - (-50.225 197.007 -3.431)
2025-10-02 17:28:11,776 - INFO - (-50.372 196.992 3.64)
2025-10-02 17:28:11,786 - INFO - (-50.519 196.976 3.339)
2025-10-02 17:28:11,796 - INFO - (-50.667 196.96 3.02)
2025-10-02 17:28:11,806 - INFO - (-50.814 196.942 2.422)
2025-10-02 17:28:11,816 - INFO - (-50.961 196.924 -1.748)
2025-10-02 17:28:11,826 - INFO - (-51.109 196.905 5.122)
2025-10-02 17:28:11,837 - INFO - (-51.257 196.885 1.864)
2025-10-02 17:28:11,847 - INFO - (-51.404 196.864 2.038)
2025-10-02 17:28:11,857 - INFO - (-51.552 196.842 3.214)
2025-10-02 17:28:11,867 - INFO - (-51.7 196.82 -6.52)
2025-10-02 17:28:11,876 - INFO - (-51.832 196.798 7.313)
2025-10-02 17:28:11,886 - INFO - (-51.981 196.774 6.059)
2025-10-02 17:28:11,896 - INFO - (-52.144 196.747 2.038)
2025-10-02 17:28:11,906 - INFO - (-52.292 196.721 1.949)
2025-10-02 17:28:11,916 - INFO - (-52.441 196.694 0.533)
2025-10-02 17:28:11,926 - INFO - (-52.589 196.666 -3.853)
2025-10-02 17:28:11,936 - INFO - (-52.736 196.638 -4.764)
2025-10-02 17:28:11,946 - INFO - (-52.883 196.608 -4.668)
2025-10-02 17:28:11,956 - INFO - (-53.029 196.577 -3.496)
2025-10-02 17:28:11,966 - INFO - (-53.174 196.546 -8.74)
2025-10-02 17:28:11,976 - INFO - (-53.318 196.513 -1.906)
2025-10-02 17:28:11,986 - INFO - (-53.448 196.483 -5.056)
2025-10-02 17:28:11,996 - INFO - (-53.591 196.45 -7.35)
2025-10-02 17:28:12,006 - INFO - (-53.733 196.415 -2.22)
2025-10-02 17:28:12,016 - INFO - (-53.875 196.379 -4.489)
2025-10-02 17:28:12,026 - INFO - (-54.031 196.339 -5.502)
2025-10-02 17:28:12,036 - INFO - (-54.171 196.302 -8.621)
2025-10-02 17:28:12,046 - INFO - (-54.31 196.264 -7.802)
2025-10-02 17:28:12,056 - INFO - (-54.449 196.224 -2.73)
2025-10-02 17:28:12,067 - INFO - (-54.586 196.184 -8.052)
2025-10-02 17:28:12,077 - INFO - (-54.723 196.143 -1.096)
2025-10-02 17:28:12,087 - INFO - (-54.859 196.102 -4.382)
2025-10-02 17:28:12,097 - INFO - (-54.995 196.059 -5.065)
2025-10-02 17:28:12,106 - INFO - (-55.129 196.016 -5.344)
2025-10-02 17:28:12,116 - INFO - (-55.277 195.967 -4.978)
2025-10-02 17:28:12,127 - INFO - (-55.29 195.963 -0.003)
2025-10-02 17:28:12,136 - INFO - (-55.37 195.936 -0.005)
2025-10-02 17:28:12,147 - INFO - (-55.49 195.895 0.008)
2025-10-02 17:28:12,156 - INFO - (-55.61 195.854 0.574)
2025-10-02 17:28:12,166 - INFO - (-55.756 195.802 -2.101)
2025-10-02 17:28:12,176 - INFO - (-55.901 195.749 -2.24)
2025-10-02 17:28:12,186 - INFO - (-56.045 195.695 -3.659)
2025-10-02 17:28:12,197 - INFO - (-56.176 195.645 4.407)
2025-10-02 17:28:12,206 - INFO - (-56.321 195.589 -0.015)
2025-10-02 17:28:12,216 - INFO - (-56.464 195.533 0.294)
2025-10-02 17:28:12,226 - INFO - (-56.595 195.48 0.54)
2025-10-02 17:28:12,237 - INFO - (-56.725 195.427 -1.374)
2025-10-02 17:28:12,246 - INFO - (-56.867 195.367 5.004)
2025-10-02 17:28:12,256 - INFO - (-56.997 195.312 4.521)
2025-10-02 17:28:12,266 - INFO - (-57.127 195.256 4.446)
2025-10-02 17:28:12,276 - INFO - (-57.271 195.193 4.511)
2025-10-02 17:28:12,286 - INFO - (-57.4 195.135 -6.683)
2025-10-02 17:28:12,297 - INFO - (-57.543 195.071 8.896)
2025-10-02 17:28:12,306 - INFO - (-57.672 195.011 8.056)
2025-10-02 17:28:12,316 - INFO - (-57.803 194.951 7.344)
2025-10-02 17:28:12,326 - INFO - (-57.934 194.89 6.995)
2025-10-02 17:28:12,336 - INFO - (-58.065 194.828 9.505)
2025-10-02 17:28:12,346 - INFO - (-58.21 194.759 -0.85)
2025-10-02 17:28:12,356 - INFO - (-58.328 194.703 5.665)
2025-10-02 17:28:12,366 - INFO - (-58.474 194.632 10.642)
2025-10-02 17:28:12,376 - INFO - (-58.606 194.568 2.559)
2025-10-02 17:28:12,386 - INFO - (-58.739 194.503 4.398)
2025-10-02 17:28:12,396 - INFO - (-58.873 194.439 -0.362)
2025-10-02 17:28:12,406 - INFO - (-59.02 194.369 5.491)
2025-10-02 17:28:12,416 - INFO - (-59.14 194.312 3.748)
2025-10-02 17:28:12,426 - INFO - (-59.275 194.248 3.806)
2025-10-02 17:28:12,436 - INFO - (-59.424 194.179 2.474)
2025-10-02 17:28:12,446 - INFO - (-59.56 194.116 0.994)
2025-10-02 17:28:12,457 - INFO - (-59.682 194.059 -0.985)
2025-10-02 17:28:12,466 - INFO - (-59.818 193.997 3.067)
2025-10-02 17:28:12,476 - INFO - (-59.954 193.935 -2.121)
2025-10-02 17:28:12,486 - INFO - (-60.09 193.872 -2.368)
2025-10-02 17:28:12,496 - INFO - (-60.226 193.81 2.115)
2025-10-02 17:28:12,506 - INFO - (-60.362 193.749 0.528)
2025-10-02 17:28:12,517 - INFO - (-60.498 193.687 -1.443)
2025-10-02 17:28:12,527 - INFO - (-60.634 193.626 -0.852)
2025-10-02 17:28:12,536 - INFO - (-60.77 193.565 -1.006)
2025-10-02 17:28:12,546 - INFO - (-60.907 193.504 0.257)
2025-10-02 17:28:12,556 - INFO - (-61.043 193.443 -2.377)
2025-10-02 17:28:12,566 - INFO - (-61.179 193.382 0.233)
2025-10-02 17:28:12,577 - INFO - (-61.315 193.322 -1.974)
2025-10-02 17:28:12,587 - INFO - (-61.451 193.261 -0.454)
2025-10-02 17:28:12,597 - INFO - (-61.587 193.201 -0.039)
2025-10-02 17:28:12,606 - INFO - (-61.723 193.141 -2.032)
2025-10-02 17:28:12,616 - INFO - (-61.859 193.081 0.844)
2025-10-02 17:28:12,626 - INFO - (-61.995 193.021 -0.594)
2025-10-02 17:28:12,636 - INFO - (-62.131 192.961 -0.701)
2025-10-02 17:28:12,646 - INFO - (-62.267 192.901 -0.998)
2025-10-02 17:28:12,656 - INFO - (-62.403 192.842 -0.919)
2025-10-02 17:28:12,666 - INFO - (-62.538 192.782 -1.68)
2025-10-02 17:28:12,677 - INFO - (-62.688 192.717 0.394)
2025-10-02 17:28:12,687 - INFO - (-62.81 192.663 3.274)
2025-10-02 17:28:12,696 - INFO - (-62.946 192.603 -2.187)
2025-10-02 17:28:12,706 - INFO - (-63.082 192.544 -5.372)
2025-10-02 17:28:12,716 - INFO - (-63.217 192.485 1.58)
2025-10-02 17:28:12,726 - INFO - (-63.366 192.42 1.727)
2025-10-02 17:28:12,737 - INFO - (-63.502 192.36 -0.184)
2025-10-02 17:28:12,746 - INFO - (-63.624 192.307 -0.309)
2025-10-02 17:28:12,756 - INFO - (-63.76 192.248 -0.407)
2025-10-02 17:28:12,766 - INFO - (-63.909 192.183 -1.802)
2025-10-02 17:28:12,776 - INFO - (-64.045 192.125 0.831)
2025-10-02 17:28:12,786 - INFO - (-64.167 192.071 0.239)
2025-10-02 17:28:12,796 - INFO - (-64.317 192.007 0.193)
2025-10-02 17:28:12,806 - INFO - (-64.452 191.948 -2.872)
2025-10-02 17:28:12,816 - INFO - (-64.588 191.889 -1.17)
2025-10-02 17:28:12,826 - INFO - (-64.722 191.829 -3.181)
2025-10-02 17:28:12,836 - INFO - (-64.857 191.769 -3.113)
2025-10-02 17:28:12,847 - INFO - (-64.99 191.708 -3.093)
2025-10-02 17:28:12,857 - INFO - (-65.123 191.647 -3.126)
2025-10-02 17:28:12,866 - INFO - (-65.242 191.591 -3.49)
2025-10-02 17:28:12,876 - INFO - (-65.388 191.523 -3.133)
2025-10-02 17:28:12,886 - INFO - (-65.519 191.46 -3.687)
2025-10-02 17:28:12,896 - INFO - (-65.649 191.396 1.039)
2025-10-02 17:28:12,906 - INFO - (-65.78 191.332 -4.861)
2025-10-02 17:28:12,917 - INFO - (-65.909 191.268 -0.489)
2025-10-02 17:28:12,926 - INFO - (-66.039 191.203 -2.442)
2025-10-02 17:28:12,936 - INFO - (-66.167 191.136 -2.192)
2025-10-02 17:28:12,946 - INFO - (-66.295 191.069 -2.332)
2025-10-02 17:28:12,956 - INFO - (-66.422 191.001 0.063)
2025-10-02 17:28:12,966 - INFO - (-66.548 190.933 -3.831)
2025-10-02 17:28:12,976 - INFO - (-66.674 190.864 -5.23)
2025-10-02 17:28:12,986 - INFO - (-66.8 190.795 -0.438)
2025-10-02 17:28:12,996 - INFO - (-66.925 190.725 0.997)
2025-10-02 17:28:13,007 - INFO - (-67.062 190.647 -4.514)
2025-10-02 17:28:13,017 - INFO - (-67.185 190.575 -0.789)
2025-10-02 17:28:13,027 - INFO - (-67.296 190.51 -1.655)
2025-10-02 17:28:13,037 - INFO - (-67.418 190.437 -1.964)
2025-10-02 17:28:13,046 - INFO - (-67.539 190.362 -1.991)
2025-10-02 17:28:13,056 - INFO - (-67.66 190.287 1.311)
2025-10-02 17:28:13,066 - INFO - (-67.78 190.211 -3.491)
2025-10-02 17:28:13,076 - INFO - (-67.899 190.135 -5.523)
2025-10-02 17:28:13,086 - INFO - (-68.018 190.057 0.254)
2025-10-02 17:28:13,096 - INFO - (-68.136 189.979 3.685)
2025-10-02 17:28:13,107 - INFO - (-68.254 189.901 -1.886)
2025-10-02 17:28:13,116 - INFO - (-68.372 189.822 -4.136)
2025-10-02 17:28:13,126 - INFO - (-68.488 189.742 -0.274)
2025-10-02 17:28:13,136 - INFO - (-68.604 189.661 -1.221)
2025-10-02 17:28:13,146 - INFO - (-68.719 189.58 -1.428)
2025-10-02 17:28:13,156 - INFO - (-68.833 189.497 -1.312)
2025-10-02 17:28:13,166 - INFO - (-68.946 189.413 2.166)
2025-10-02 17:28:13,176 - INFO - (-69.059 189.329 -5.329)
2025-10-02 17:28:13,186 - INFO - (-69.16 189.253 1.207)
2025-10-02 17:28:13,196 - INFO - (-69.284 189.16 1.617)
2025-10-02 17:28:13,206 - INFO - (-69.395 189.074 1.416)
2025-10-02 17:28:13,217 - INFO - (-69.506 188.987 -4.928)
2025-10-02 17:28:13,227 - INFO - (-69.616 188.899 5.291)
2025-10-02 17:28:13,237 - INFO - (-69.727 188.811 4.301)
2025-10-02 17:28:13,246 - INFO - (-69.826 188.731 1.663)
2025-10-02 17:28:13,256 - INFO - (-69.935 188.641 1.132)
2025-10-02 17:28:13,266 - INFO - (-70.044 188.55 2.327)
2025-10-02 17:28:13,277 - INFO - (-70.153 188.459 1.924)
2025-10-02 17:28:13,286 - INFO - (-70.272 188.357 -0.225)
2025-10-02 17:28:13,296 - INFO - (-70.369 188.274 5.795)
2025-10-02 17:28:13,306 - INFO - (-70.477 188.18 4.941)
2025-10-02 17:28:13,317 - INFO - (-70.585 188.086 0.347)
2025-10-02 17:28:13,326 - INFO - (-70.692 187.991 1.454)
2025-10-02 17:28:13,336 - INFO - (-70.799 187.896 6.789)
2025-10-02 17:28:13,346 - INFO - (-70.907 187.8 4.507)
2025-10-02 17:28:13,356 - INFO - (-71.014 187.702 5.631)
2025-10-02 17:28:13,366 - INFO - (-71.121 187.604 5.582)
2025-10-02 17:28:13,376 - INFO - (-71.229 187.505 6.487)
2025-10-02 17:28:13,386 - INFO - (-71.325 187.415 0.63)
2025-10-02 17:28:13,396 - INFO - (-71.432 187.316 2.216)
2025-10-02 17:28:13,407 - INFO - (-71.55 187.205 8.652)
2025-10-02 17:28:13,417 - INFO - (-71.646 187.114 0.727)
2025-10-02 17:28:13,427 - INFO - (-71.753 187.012 -0.284)
2025-10-02 17:28:13,436 - INFO - (-71.86 186.91 5.966)
2025-10-02 17:28:13,447 - INFO - (-71.967 186.807 5.655)
2025-10-02 17:28:13,456 - INFO - (-72.074 186.704 4.313)
2025-10-02 17:28:13,466 - INFO - (-72.182 186.6 3.633)
2025-10-02 17:28:13,476 - INFO - (-72.289 186.496 3.726)
2025-10-02 17:28:13,486 - INFO - (-72.397 186.392 2.01)
2025-10-02 17:28:13,496 - INFO - (-72.505 186.288 0.231)
2025-10-02 17:28:13,506 - INFO - (-72.613 186.184 3.134)
2025-10-02 17:28:13,517 - INFO - (-72.721 186.079 2.07)
2025-10-02 17:28:13,527 - INFO - (-72.829 185.974 -2.982)
2025-10-02 17:28:13,536 - INFO - (-72.937 185.87 3.583)
2025-10-02 17:28:13,547 - INFO - (-73.045 185.765 2.708)
2025-10-02 17:28:13,556 - INFO - (-73.164 185.649 1.446)
2025-10-02 17:28:13,566 - INFO - (-73.273 185.544 1.457)
2025-10-02 17:28:13,576 - INFO - (-73.381 185.438 0.986)
2025-10-02 17:28:13,586 - INFO - (-73.49 185.333 0.891)
2025-10-02 17:28:13,596 - INFO - (-73.598 185.228 -0.625)
2025-10-02 17:28:13,606 - INFO - (-73.706 185.122 1.565)
2025-10-02 17:28:13,617 - INFO - (-73.815 185.016 -1.828)
2025-10-02 17:28:13,626 - INFO - (-73.923 184.911 0.513)
2025-10-02 17:28:13,636 - INFO - (-74.032 184.805 2.731)
2025-10-02 17:28:13,646 - INFO - (-74.14 184.699 0.869)
2025-10-02 17:28:13,656 - INFO - (-74.249 184.593 0.759)
2025-10-02 17:28:13,666 - INFO - (-74.358 184.487 0.524)
2025-10-02 17:28:13,676 - INFO - (-74.466 184.381 1.352)
2025-10-02 17:28:13,686 - INFO - (-74.575 184.275 -1.121)
2025-10-02 17:28:13,696 - INFO - (-74.684 184.169 0.495)
2025-10-02 17:28:13,706 - INFO - (-74.803 184.053 0.292)
2025-10-02 17:28:13,717 - INFO - (-74.912 183.947 -1.786)
2025-10-02 17:28:13,727 - INFO - (-75.009 183.851 -1.542)
2025-10-02 17:28:13,737 - INFO - (-75.118 183.745 2.562)
2025-10-02 17:28:13,746 - INFO - (-75.226 183.639 1.84)
2025-10-02 17:28:13,756 - INFO - (-75.335 183.533 -0.553)
2025-10-02 17:28:13,766 - INFO - (-75.444 183.427 0.269)
2025-10-02 17:28:13,776 - INFO - (-75.552 183.321 1.805)
2025-10-02 17:28:13,786 - INFO - (-75.672 183.204 -1.693)
2025-10-02 17:28:13,796 - INFO - (-75.77 183.108 -1.071)
2025-10-02 17:28:13,806 - INFO - (-75.889 182.991 1.375)
2025-10-02 17:28:13,816 - INFO - (-75.987 182.896 -0.154)
2025-10-02 17:28:13,827 - INFO - (-76.096 182.789 0.069)
2025-10-02 17:28:13,836 - INFO - (-76.204 182.683 0.723)
2025-10-02 17:28:13,846 - INFO - (-76.313 182.577 0.037)
2025-10-02 17:28:13,856 - INFO - (-76.422 182.471 -0.172)
2025-10-02 17:28:13,867 - INFO - (-76.531 182.364 -0.311)
2025-10-02 17:28:13,876 - INFO - (-76.639 182.258 0.462)
2025-10-02 17:28:13,886 - INFO - (-76.737 182.162 1.181)
2025-10-02 17:28:13,897 - INFO - (-76.846 182.056 -3.044)
2025-10-02 17:28:13,906 - INFO - (-76.965 181.939 -1.335)
2025-10-02 17:28:13,916 - INFO - (-77.063 181.844 2.265)
2025-10-02 17:28:13,927 - INFO - (-77.172 181.738 0.694)
2025-10-02 17:28:13,937 - INFO - (-77.28 181.631 0.597)
2025-10-02 17:28:13,946 - INFO - (-77.4 181.514 0.255)
2025-10-02 17:28:13,956 - INFO - (-77.498 181.418 0.017)
2025-10-02 17:28:13,966 - INFO - (-77.606 181.312 -0.162)
2025-10-02 17:28:13,976 - INFO - (-77.726 181.195 1.058)
2025-10-02 17:28:13,987 - INFO - (-77.824 181.099 -4.081)
2025-10-02 17:28:13,997 - INFO - (-77.932 180.993 2.197)
2025-10-02 17:28:14,006 - INFO - (-78.041 180.886 -0.142)
2025-10-02 17:28:14,017 - INFO - (-78.149 180.78 0.122)
2025-10-02 17:28:14,026 - INFO - (-78.258 180.674 1.223)
2025-10-02 17:28:14,036 - INFO - (-78.367 180.567 0.245)
2025-10-02 17:28:14,046 - INFO - (-78.476 180.461 -0.011)
2025-10-02 17:28:14,057 - INFO - (-78.584 180.354 -0.203)
2025-10-02 17:28:14,067 - INFO - (-78.693 180.248 1.518)
2025-10-02 17:28:14,076 - INFO - (-78.802 180.141 -0.458)
2025-10-02 17:28:14,086 - INFO - (-78.9 180.046 -2.113)
2025-10-02 17:28:14,096 - INFO - (-79.019 179.929 -2.887)
2025-10-02 17:28:14,106 - INFO - (-79.128 179.822 2.537)
2025-10-02 17:28:14,116 - INFO - (-79.236 179.716 1.314)
2025-10-02 17:28:14,126 - INFO - (-79.345 179.61 0.297)
2025-10-02 17:28:14,136 - INFO - (-79.454 179.503 0.254)
2025-10-02 17:28:14,147 - INFO - (-79.573 179.386 0.019)
2025-10-02 17:28:14,156 - INFO - (-79.671 179.29 -0.163)
2025-10-02 17:28:14,166 - INFO - (-79.78 179.184 1.763)
2025-10-02 17:28:14,176 - INFO - (-79.9 179.067 -2.249)
2025-10-02 17:28:14,186 - INFO - (-80.008 178.96 -1.645)
2025-10-02 17:28:14,196 - INFO - (-80.117 178.854 1.651)
2025-10-02 17:28:14,206 - INFO - (-80.226 178.747 -2.088)
2025-10-02 17:28:14,216 - INFO - (-80.323 178.651 -4.462)
2025-10-02 17:28:14,226 - INFO - (-80.43 178.545 -5.273)
2025-10-02 17:28:14,236 - INFO - (-80.536 178.438 -5.153)
2025-10-02 17:28:14,246 - INFO - (-80.641 178.331 -4.841)
2025-10-02 17:28:14,256 - INFO - (-80.746 178.223 -2.872)
2025-10-02 17:28:14,266 - INFO - (-80.849 178.116 -4.944)
2025-10-02 17:28:14,276 - INFO - (-80.952 178.008 -9.858)
2025-10-02 17:28:14,286 - INFO - (-81.055 177.901 -1.383)
2025-10-02 17:28:14,296 - INFO - (-81.157 177.794 1.862)
2025-10-02 17:28:14,306 - INFO - (-81.258 177.686 -0.114)
2025-10-02 17:28:14,316 - INFO - (-81.358 177.576 -1.662)
2025-10-02 17:28:14,326 - INFO - (-81.457 177.467 -2.042)
2025-10-02 17:28:14,336 - INFO - (-81.555 177.356 -2.263)
2025-10-02 17:28:14,346 - INFO - (-81.653 177.246 -2.212)
2025-10-02 17:28:14,356 - INFO - (-81.749 177.134 -2.281)
2025-10-02 17:28:14,366 - INFO - (-81.845 177.023 -5.96)
2025-10-02 17:28:14,376 - INFO - (-81.94 176.912 -7.006)
2025-10-02 17:28:14,386 - INFO - (-82.034 176.8 2.608)
2025-10-02 17:28:14,396 - INFO - (-82.128 176.689 0.966)
2025-10-02 17:28:14,406 - INFO - (-82.222 176.576 1.993)
2025-10-02 17:28:14,416 - INFO - (-82.315 176.463 -1.634)
2025-10-02 17:28:14,426 - INFO - (-82.406 176.349 -0.661)
2025-10-02 17:28:14,436 - INFO - (-82.497 176.234 -0.615)
2025-10-02 17:28:14,446 - INFO - (-82.586 176.119 -1.05)
2025-10-02 17:28:14,456 - INFO - (-82.675 176.002 1.427)
2025-10-02 17:28:14,466 - INFO - (-82.763 175.886 -2.917)
2025-10-02 17:28:14,476 - INFO - (-82.85 175.77 -5.792)
2025-10-02 17:28:14,486 - INFO - (-82.937 175.653 3.074)
2025-10-02 17:28:14,496 - INFO - (-83.024 175.536 1.464)
2025-10-02 17:28:14,506 - INFO - (-83.111 175.419 1.768)
2025-10-02 17:28:14,516 - INFO - (-83.196 175.3 -2.085)
2025-10-02 17:28:14,526 - INFO - (-83.28 175.181 0.03)
2025-10-02 17:28:14,536 - INFO - (-83.363 175.062 -0.024)
2025-10-02 17:28:14,546 - INFO - (-83.445 174.942 0.103)
2025-10-02 17:28:14,556 - INFO - (-83.527 174.821 2.217)
2025-10-02 17:28:14,567 - INFO - (-83.609 174.7 -1.146)
2025-10-02 17:28:14,576 - INFO - (-83.69 174.579 -1.664)
2025-10-02 17:28:14,586 - INFO - (-83.771 174.458 3.669)
2025-10-02 17:28:14,596 - INFO - (-83.852 174.336 0.532)
2025-10-02 17:28:14,606 - INFO - (-83.933 174.215 0.751)
2025-10-02 17:28:14,617 - INFO - (-84.014 174.092 3.266)
2025-10-02 17:28:14,626 - INFO - (-84.095 173.97 2.381)
2025-10-02 17:28:14,636 - INFO - (-84.176 173.848 1.664)
2025-10-02 17:28:14,646 - INFO - (-84.256 173.725 1.379)
2025-10-02 17:28:14,657 - INFO - (-84.337 173.602 3.357)
2025-10-02 17:28:14,666 - INFO - (-84.418 173.479 -0.697)
2025-10-02 17:28:14,676 - INFO - (-84.499 173.356 -2.173)
2025-10-02 17:28:14,686 - INFO - (-84.58 173.233 0.08)
2025-10-02 17:28:14,696 - INFO - (-84.661 173.109 4.812)
2025-10-02 17:28:14,706 - INFO - (-84.742 172.986 0.696)
2025-10-02 17:28:14,716 - INFO - (-84.823 172.863 2.822)
2025-10-02 17:28:14,727 - INFO - (-84.896 172.751 1.475)
2025-10-02 17:28:14,736 - INFO - (-84.985 172.615 1.2)
2025-10-02 17:28:14,746 - INFO - (-85.058 172.503 0.602)
2025-10-02 17:28:14,756 - INFO - (-85.14 172.379 2.092)
2025-10-02 17:28:14,766 - INFO - (-85.221 172.255 -0.843)
2025-10-02 17:28:14,776 - INFO - (-85.302 172.131 -2.244)
2025-10-02 17:28:14,786 - INFO - (-85.383 172.007 0.661)
2025-10-02 17:28:14,796 - INFO - (-85.464 171.882 1.705)
2025-10-02 17:28:14,806 - INFO - (-85.545 171.758 -0.375)
2025-10-02 17:28:14,816 - INFO - (-85.626 171.634 2.295)
2025-10-02 17:28:14,826 - INFO - (-85.699 171.521 0.832)
2025-10-02 17:28:14,837 - INFO - (-85.788 171.384 0.552)
2025-10-02 17:28:14,846 - INFO - (-85.869 171.26 0.192)
2025-10-02 17:28:14,857 - INFO - (-85.95 171.135 1.443)
2025-10-02 17:28:14,866 - INFO - (-86.031 171.01 0.181)
2025-10-02 17:28:14,877 - INFO - (-86.112 170.885 -3.206)
2025-10-02 17:28:14,886 - INFO - (-86.192 170.76 0.488)
2025-10-02 17:28:14,896 - INFO - (-86.273 170.635 4.88)
2025-10-02 17:28:14,906 - INFO - (-86.352 170.509 0.341)
2025-10-02 17:28:14,916 - INFO - (-86.431 170.382 3.165)
2025-10-02 17:28:14,926 - INFO - (-86.502 170.267 2.515)
2025-10-02 17:28:14,937 - INFO - (-86.579 170.139 2.762)
2025-10-02 17:28:14,946 - INFO - (-86.656 170.01 2.545)
2025-10-02 17:28:14,956 - INFO - (-86.732 169.88 0.709)
2025-10-02 17:28:14,966 - INFO - (-86.815 169.737 -4.463)
2025-10-02 17:28:14,976 - INFO - (-86.889 169.607 -2.583)
2025-10-02 17:28:14,987 - INFO - (-86.963 169.477 2.444)
2025-10-02 17:28:14,996 - INFO - (-87.036 169.347 -1.236)
2025-10-02 17:28:15,006 - INFO - (-87.108 169.215 -0.032)
2025-10-02 17:28:15,017 - INFO - (-87.18 169.084 3.561)
2025-10-02 17:28:15,028 - INFO - (-87.243 168.964 2.903)
2025-10-02 17:28:15,037 - INFO - (-87.32 168.817 3.237)
2025-10-02 17:28:15,047 - INFO - (-87.382 168.696 2.38)
2025-10-02 17:28:15,056 - INFO - (-87.45 168.561 2.029)
2025-10-02 17:28:15,066 - INFO - (-87.517 168.426 -5.665)
2025-10-02 17:28:15,076 - INFO - (-87.583 168.291 0.95)
2025-10-02 17:28:15,086 - INFO - (-87.65 168.155 5.569)
2025-10-02 17:28:15,096 - INFO - (-87.715 168.019 -0.954)
2025-10-02 17:28:15,106 - INFO - (-87.779 167.882 -2.017)
2025-10-02 17:28:15,116 - INFO - (-87.842 167.745 4.425)
2025-10-02 17:28:15,127 - INFO - (-87.905 167.607 3.805)
2025-10-02 17:28:15,136 - INFO - (-87.967 167.469 3.211)
2025-10-02 17:28:15,146 - INFO - (-88.028 167.329 5.329)
2025-10-02 17:28:15,156 - INFO - (-88.089 167.189 0.107)
2025-10-02 17:28:15,166 - INFO - (-88.149 167.049 -0.499)
2025-10-02 17:28:15,177 - INFO - (-88.207 166.907 3.944)
2025-10-02 17:28:15,187 - INFO - (-88.271 166.751 2.981)
2025-10-02 17:28:15,197 - INFO - (-88.327 166.609 -3.706)
2025-10-02 17:28:15,207 - INFO - (-88.377 166.48 4.825)
2025-10-02 17:28:15,217 - INFO - (-88.432 166.337 3.497)
2025-10-02 17:28:15,226 - INFO - (-88.486 166.193 2.817)
2025-10-02 17:28:15,236 - INFO - (-88.534 166.063 2.611)
2025-10-02 17:28:15,246 - INFO - (-88.592 165.903 4.098)
2025-10-02 17:28:15,256 - INFO - (-88.644 165.757 -0.922)
2025-10-02 17:28:15,266 - INFO - (-88.695 165.611 3.837)
2025-10-02 17:28:15,276 - INFO - (-88.745 165.464 5.331)
2025-10-02 17:28:15,286 - INFO - (-88.795 165.317 0.502)
2025-10-02 17:28:15,296 - INFO - (-88.843 165.169 -3.273)
2025-10-02 17:28:15,306 - INFO - (-88.891 165.021 4.325)
2025-10-02 17:28:15,317 - INFO - (-88.938 164.873 6.23)
2025-10-02 17:28:15,327 - INFO - (-88.983 164.723 4.237)
2025-10-02 17:28:15,337 - INFO - (-89.028 164.572 5.445)
2025-10-02 17:28:15,346 - INFO - (-89.072 164.421 2.897)
2025-10-02 17:28:15,356 - INFO - (-89.115 164.27 1.622)
2025-10-02 17:28:15,366 - INFO - (-89.157 164.117 6.975)
2025-10-02 17:28:15,376 - INFO - (-89.199 163.964 1.012)
2025-10-02 17:28:15,386 - INFO - (-89.239 163.811 -0.78)
2025-10-02 17:28:15,396 - INFO - (-89.279 163.658 4.681)
2025-10-02 17:28:15,406 - INFO - (-89.322 163.488 5.674)
2025-10-02 17:28:15,416 - INFO - (-89.36 163.333 3.97)
2025-10-02 17:28:15,426 - INFO - (-89.397 163.177 5.288)
2025-10-02 17:28:15,436 - INFO - (-89.433 163.021 1.23)
2025-10-02 17:28:15,446 - INFO - (-89.468 162.864 -7.188)
2025-10-02 17:28:15,457 - INFO - (-89.502 162.708 3.007)
2025-10-02 17:28:15,466 - INFO - (-89.537 162.552 2.624)
2025-10-02 17:28:15,476 - INFO - (-89.57 162.395 0.919)
2025-10-02 17:28:15,486 - INFO - (-89.602 162.238 -3.319)
2025-10-02 17:28:15,496 - INFO - (-89.633 162.081 -2.33)
2025-10-02 17:28:15,507 - INFO - (-89.664 161.924 -3.872)
2025-10-02 17:28:15,516 - INFO - (-89.693 161.768 -3.393)
2025-10-02 17:28:15,526 - INFO - (-89.721 161.611 1.143)
2025-10-02 17:28:15,536 - INFO - (-89.749 161.454 -7.429)
2025-10-02 17:28:15,546 - INFO - (-89.775 161.298 1.008)
2025-10-02 17:28:15,556 - INFO - (-89.802 161.141 1.233)
2025-10-02 17:28:15,566 - INFO - (-89.827 160.985 -0.204)
2025-10-02 17:28:15,576 - INFO - (-89.853 160.828 -0.225)
2025-10-02 17:28:15,587 - INFO - (-89.877 160.687 0.09)
2025-10-02 17:28:15,597 - INFO - (-89.902 160.531 0.181)
2025-10-02 17:28:15,607 - INFO - (-89.925 160.39 -1.206)
2025-10-02 17:28:15,616 - INFO - (-89.951 160.233 1.829)
2025-10-02 17:28:15,627 - INFO - (-89.978 160.077 -2.193)
2025-10-02 17:28:15,636 - INFO - (-90.005 159.921 0.275)
2025-10-02 17:28:15,646 - INFO - (-90.033 159.764 -0.057)
2025-10-02 17:28:15,657 - INFO - (-90.063 159.593 -1.726)
2025-10-02 17:28:15,666 - INFO - (-90.091 159.437 0.147)
2025-10-02 17:28:15,676 - INFO - (-90.12 159.281 3.115)
2025-10-02 17:28:15,686 - INFO - (-90.15 159.125 1.219)
2025-10-02 17:28:15,696 - INFO - (-90.181 158.969 0.803)
2025-10-02 17:28:15,706 - INFO - (-90.213 158.813 2.439)
2025-10-02 17:28:15,717 - INFO - (-90.246 158.657 2.111)
2025-10-02 17:28:15,727 - INFO - (-90.28 158.501 3.232)
2025-10-02 17:28:15,736 - INFO - (-90.314 158.345 2.206)
2025-10-02 17:28:15,746 - INFO - (-90.348 158.189 -3.012)
2025-10-02 17:28:15,756 - INFO - (-90.382 158.033 -1.131)
2025-10-02 17:28:15,766 - INFO - (-90.417 157.877 0.667)
2025-10-02 17:28:15,776 - INFO - (-90.452 157.721 6.742)
2025-10-02 17:28:15,786 - INFO - (-90.488 157.565 7.076)
2025-10-02 17:28:15,797 - INFO - (-90.529 157.392 6.618)
2025-10-02 17:28:15,806 - INFO - (-90.568 157.235 6.205)
2025-10-02 17:28:15,816 - INFO - (-90.606 157.077 6.101)
2025-10-02 17:28:15,826 - INFO - (-90.646 156.919 1.316)
2025-10-02 17:28:15,836 - INFO - (-90.685 156.76 0.09)
2025-10-02 17:28:15,846 - INFO - (-90.725 156.602 -0.218)
2025-10-02 17:28:15,856 - INFO - (-90.765 156.444 5.52)
2025-10-02 17:28:15,866 - INFO - (-90.805 156.285 3.521)
2025-10-02 17:28:15,876 - INFO - (-90.847 156.127 0.006)
2025-10-02 17:28:15,886 - INFO - (-90.885 155.984 -0.593)
2025-10-02 17:28:15,896 - INFO - (-90.927 155.826 1.304)
2025-10-02 17:28:15,906 - INFO - (-90.969 155.667 -2.628)
2025-10-02 17:28:15,916 - INFO - (-91.011 155.51 -6.299)
2025-10-02 17:28:15,926 - INFO - (-91.053 155.352 1.269)
2025-10-02 17:28:15,936 - INFO - (-91.096 155.194 0.878)
2025-10-02 17:28:15,946 - INFO - (-91.138 155.037 -2.489)
2025-10-02 17:28:15,956 - INFO - (-91.181 154.88 -3.494)
2025-10-02 17:28:15,966 - INFO - (-91.224 154.723 -2.618)
2025-10-02 17:28:15,976 - INFO - (-91.267 154.566 -2.853)
2025-10-02 17:28:15,986 - INFO - (-91.311 154.41 0.914)
2025-10-02 17:28:15,997 - INFO - (-91.354 154.254 -2.76)
2025-10-02 17:28:16,006 - INFO - (-91.397 154.098 -5.811)
2025-10-02 17:28:16,017 - INFO - (-91.44 153.942 1.327)
2025-10-02 17:28:16,026 - INFO - (-91.483 153.787 -0.714)
2025-10-02 17:28:16,036 - INFO - (-91.527 153.632 -1.702)
2025-10-02 17:28:16,046 - INFO - (-91.571 153.476 -1.688)
2025-10-02 17:28:16,056 - INFO - (-91.614 153.321 -1.968)
2025-10-02 17:28:16,066 - INFO - (-91.658 153.167 -1.765)
2025-10-02 17:28:16,076 - INFO - (-91.701 153.012 -2.202)
2025-10-02 17:28:16,086 - INFO - (-91.745 152.858 -5.924)
2025-10-02 17:28:16,096 - INFO - (-91.788 152.704 -10.621)
2025-10-02 17:28:16,106 - INFO - (-91.83 152.551 -3.837)
2025-10-02 17:28:16,116 - INFO - (-91.872 152.399 -4.403)
2025-10-02 17:28:16,126 - INFO - (-91.914 152.247 -11.413)
2025-10-02 17:28:16,136 - INFO - (-91.955 152.096 -7.085)
2025-10-02 17:28:16,146 - INFO - (-91.996 151.946 -9.308)
2025-10-02 17:28:16,156 - INFO - (-92.04 151.781 -9.958)
2025-10-02 17:28:16,166 - INFO - (-92.079 151.632 -7.005)
2025-10-02 17:28:16,177 - INFO - (-92.118 151.484 -3.355)
2025-10-02 17:28:16,186 - INFO - (-92.156 151.336 -7.102)
2025-10-02 17:28:16,196 - INFO - (-92.19 151.204 -4.802)
2025-10-02 17:28:16,206 - INFO - (-92.228 151.056 -1.315)
2025-10-02 17:28:16,216 - INFO - (-92.265 150.909 0.571)
2025-10-02 17:28:16,226 - INFO - (-92.302 150.762 -6.522)
2025-10-02 17:28:16,236 - INFO - (-92.338 150.615 -4.209)
2025-10-02 17:28:16,246 - INFO - (-92.373 150.469 -4.253)
2025-10-02 17:28:16,256 - INFO - (-92.407 150.322 -4.451)
2025-10-02 17:28:16,266 - INFO - (-92.44 150.176 -3.192)
2025-10-02 17:28:16,276 - INFO - (-92.473 150.03 -2.021)
2025-10-02 17:28:16,286 - INFO - (-92.503 149.899 -5.092)
2025-10-02 17:28:16,296 - INFO - (-92.536 149.754 0.249)
2025-10-02 17:28:16,306 - INFO - (-92.572 149.594 -2.071)
2025-10-02 17:28:16,316 - INFO - (-92.604 149.449 2.262)
2025-10-02 17:28:16,326 - INFO - (-92.634 149.318 -3.125)
2025-10-02 17:28:16,336 - INFO - (-92.669 149.159 -3.218)
2025-10-02 17:28:16,346 - INFO - (-92.701 149.014 -2.334)
2025-10-02 17:28:16,356 - INFO - (-92.733 148.87 -2.879)
2025-10-02 17:28:16,366 - INFO - (-92.765 148.725 1.001)
2025-10-02 17:28:16,376 - INFO - (-92.797 148.581 -0.516)
2025-10-02 17:28:16,386 - INFO - (-92.825 148.45 -0.894)
2025-10-02 17:28:16,396 - INFO - (-92.856 148.306 -2.289)
2025-10-02 17:28:16,406 - INFO - (-92.888 148.162 0.09)
2025-10-02 17:28:16,416 - INFO - (-92.919 148.018 -2.084)
2025-10-02 17:28:16,426 - INFO - (-92.95 147.873 0.899)
2025-10-02 17:28:16,436 - INFO - (-92.981 147.73 -4.957)
2025-10-02 17:28:16,446 - INFO - (-93.012 147.586 1.616)
2025-10-02 17:28:16,456 - INFO - (-93.039 147.456 1.288)
2025-10-02 17:28:16,466 - INFO - (-93.07 147.312 -0.625)
2025-10-02 17:28:16,476 - INFO - (-93.1 147.168 -1.997)
2025-10-02 17:28:16,486 - INFO - (-93.131 147.024 -0.997)
2025-10-02 17:28:16,496 - INFO - (-93.161 146.881 0.841)
2025-10-02 17:28:16,506 - INFO - (-93.191 146.737 -4.034)
2025-10-02 17:28:16,516 - INFO - (-93.222 146.593 1.12)
2025-10-02 17:28:16,526 - INFO - (-93.252 146.45 1.402)
2025-10-02 17:28:16,536 - INFO - (-93.282 146.306 -1.673)
2025-10-02 17:28:16,546 - INFO - (-93.312 146.163 -4.59)
2025-10-02 17:28:16,556 - INFO - (-93.343 146.02 2.553)
2025-10-02 17:28:16,566 - INFO - (-93.373 145.876 1.551)
2025-10-02 17:28:16,576 - INFO - (-93.403 145.733 -0.944)
2025-10-02 17:28:16,586 - INFO - (-93.432 145.589 -0.252)
2025-10-02 17:28:16,596 - INFO - (-93.462 145.446 -0.46)
2025-10-02 17:28:16,606 - INFO - (-93.492 145.302 2.215)
2025-10-02 17:28:16,617 - INFO - (-93.522 145.159 -4.639)
2025-10-02 17:28:16,627 - INFO - (-93.552 145.016 1.39)
2025-10-02 17:28:16,637 - INFO - (-93.582 144.872 1.291)
2025-10-02 17:28:16,647 - INFO - (-93.612 144.729 -0.029)
2025-10-02 17:28:16,657 - INFO - (-93.642 144.586 -2.518)
2025-10-02 17:28:16,666 - INFO - (-93.672 144.442 1.541)
2025-10-02 17:28:16,676 - INFO - (-93.701 144.299 -0.047)
2025-10-02 17:28:16,686 - INFO - (-93.731 144.156 -0.29)
2025-10-02 17:28:16,696 - INFO - (-93.761 144.012 -0.461)
2025-10-02 17:28:16,706 - INFO - (-93.79 143.869 -0.555)
2025-10-02 17:28:16,716 - INFO - (-93.82 143.726 1.551)
2025-10-02 17:28:16,726 - INFO - (-93.85 143.583 -8.691)
2025-10-02 17:28:16,737 - INFO - (-93.879 143.44 2.627)
2025-10-02 17:28:16,747 - INFO - (-93.909 143.297 2.881)
2025-10-02 17:28:16,757 - INFO - (-93.939 143.154 2.678)
2025-10-02 17:28:16,767 - INFO - (-93.966 143.025 1.593)
2025-10-02 17:28:16,777 - INFO - (-93.995 142.881 0.047)
2025-10-02 17:28:16,786 - INFO - (-94.025 142.738 -3.204)
2025-10-02 17:28:16,796 - INFO - (-94.055 142.595 -0.074)
2025-10-02 17:28:16,806 - INFO - (-94.084 142.452 -0.204)
2025-10-02 17:28:16,816 - INFO - (-94.114 142.309 1.011)
2025-10-02 17:28:16,826 - INFO - (-94.144 142.165 -0.493)
2025-10-02 17:28:16,836 - INFO - (-94.173 142.022 -3.417)
2025-10-02 17:28:16,846 - INFO - (-94.203 141.879 2.039)
2025-10-02 17:28:16,856 - INFO - (-94.232 141.736 0.211)
2025-10-02 17:28:16,867 - INFO - (-94.262 141.593 2.434)
2025-10-02 17:28:16,877 - INFO - (-94.292 141.45 -4.11)
2025-10-02 17:28:16,887 - INFO - (-94.321 141.307 0.626)
2025-10-02 17:28:16,897 - INFO - (-94.351 141.164 1.207)
2025-10-02 17:28:16,907 - INFO - (-94.38 141.021 0.321)
2025-10-02 17:28:16,916 - INFO - (-94.41 140.878 0.044)
2025-10-02 17:28:16,926 - INFO - (-94.44 140.734 0.142)
2025-10-02 17:28:16,936 - INFO - (-94.469 140.591 -2.349)
2025-10-02 17:28:16,946 - INFO - (-94.499 140.448 -1.773)
2025-10-02 17:28:16,956 - INFO - (-94.528 140.306 2.281)
2025-10-02 17:28:16,966 - INFO - (-94.558 140.162 1.406)
2025-10-02 17:28:16,976 - INFO - (-94.587 140.019 2.142)
2025-10-02 17:28:16,986 - INFO - (-94.617 139.876 -3.139)
2025-10-02 17:28:16,996 - INFO - (-94.647 139.733 1.291)
2025-10-02 17:28:17,006 - INFO - (-94.676 139.59 0.736)
2025-10-02 17:28:17,016 - INFO - (-94.706 139.446 0.3)
2025-10-02 17:28:17,026 - INFO - (-94.735 139.303 0.049)
2025-10-02 17:28:17,036 - INFO - (-94.765 139.16 -0.002)
2025-10-02 17:28:17,046 - INFO - (-94.795 139.017 -0.584)
2025-10-02 17:28:17,056 - INFO - (-94.824 138.873 -0.251)
2025-10-02 17:28:17,066 - INFO - (-94.854 138.73 0.509)
2025-10-02 17:28:17,076 - INFO - (-94.883 138.587 0.02)
2025-10-02 17:28:17,086 - INFO - (-94.913 138.444 -0.065)
2025-10-02 17:28:17,096 - INFO - (-94.942 138.301 -2.282)
2025-10-02 17:28:17,106 - INFO - (-94.972 138.158 2.11)
2025-10-02 17:28:17,117 - INFO - (-95.002 138.014 0.106)
2025-10-02 17:28:17,127 - INFO - (-95.031 137.871 -0.099)
2025-10-02 17:28:17,137 - INFO - (-95.061 137.728 -0.264)
2025-10-02 17:28:17,147 - INFO - (-95.091 137.585 0.321)
2025-10-02 17:28:17,156 - INFO - (-95.12 137.441 0.997)
2025-10-02 17:28:17,167 - INFO - (-95.149 137.298 -2.688)
2025-10-02 17:28:17,177 - INFO - (-95.179 137.155 0.255)
2025-10-02 17:28:17,186 - INFO - (-95.206 137.026 1.326)
2025-10-02 17:28:17,197 - INFO - (-95.232 136.898 -0.795)
2025-10-02 17:28:17,207 - INFO - (-95.253 136.797 -1.67)
2025-10-02 17:28:17,216 - INFO - (-95.285 136.64 1.815)
2025-10-02 17:28:17,226 - INFO - (-95.315 136.497 -0.002)
2025-10-02 17:28:17,236 - INFO - (-95.348 136.339 -0.264)
2025-10-02 17:28:17,247 - INFO - (-95.377 136.196 -0.376)
2025-10-02 17:28:17,257 - INFO - (-95.407 136.053 1.036)
2025-10-02 17:28:17,267 - INFO - (-95.437 135.91 -2.253)
2025-10-02 17:28:17,276 - INFO - (-95.466 135.767 -2.423)
2025-10-02 17:28:17,287 - INFO - (-95.495 135.624 2.246)
2025-10-02 17:28:17,297 - INFO - (-95.525 135.481 1.991)
2025-10-02 17:28:17,306 - INFO - (-95.558 135.324 0.215)
2025-10-02 17:28:17,316 - INFO - (-95.587 135.181 -1.029)
2025-10-02 17:28:17,326 - INFO - (-95.617 135.038 0.619)
2025-10-02 17:28:17,336 - INFO - (-95.646 134.895 0.051)
2025-10-02 17:28:17,346 - INFO - (-95.676 134.751 -0.151)
2025-10-02 17:28:17,356 - INFO - (-95.705 134.608 -0.307)
2025-10-02 17:28:17,366 - INFO - (-95.735 134.465 -0.055)
2025-10-02 17:28:17,376 - INFO - (-95.765 134.322 -1.824)
2025-10-02 17:28:17,386 - INFO - (-95.794 134.179 0.156)
2025-10-02 17:28:17,396 - INFO - (-95.824 134.036 1.261)
2025-10-02 17:28:17,406 - INFO - (-95.856 133.879 0.86)
2025-10-02 17:28:17,416 - INFO - (-95.886 133.736 -0.503)
2025-10-02 17:28:17,426 - INFO - (-95.915 133.593 -0.95)
2025-10-02 17:28:17,436 - INFO - (-95.945 133.45 0.732)
2025-10-02 17:28:17,446 - INFO - (-95.974 133.307 -0.003)
2025-10-02 17:28:17,456 - INFO - (-96.004 133.164 -0.203)
2025-10-02 17:28:17,466 - INFO - (-96.034 133.021 -0.348)
2025-10-02 17:28:17,476 - INFO - (-96.066 132.863 -1.251)
2025-10-02 17:28:17,486 - INFO - (-96.096 132.72 0.135)
2025-10-02 17:28:17,496 - INFO - (-96.125 132.578 -2.942)
2025-10-02 17:28:17,506 - INFO - (-96.154 132.435 1.958)
2025-10-02 17:28:17,516 - INFO - (-96.184 132.292 1.615)
2025-10-02 17:28:17,526 - INFO - (-96.213 132.149 0.049)
2025-10-02 17:28:17,536 - INFO - (-96.243 132.006 1.277)
2025-10-02 17:28:17,546 - INFO - (-96.272 131.863 0.58)
2025-10-02 17:28:17,556 - INFO - (-96.302 131.72 0.23)
2025-10-02 17:28:17,566 - INFO - (-96.331 131.576 -0.007)
2025-10-02 17:28:17,576 - INFO - (-96.361 131.433 -0.202)
2025-10-02 17:28:17,586 - INFO - (-96.391 131.29 -2.931)
2025-10-02 17:28:17,596 - INFO - (-96.417 131.162 1.21)
2025-10-02 17:28:17,606 - INFO - (-96.45 131.004 3.267)
2025-10-02 17:28:17,616 - INFO - (-96.479 130.861 -2.476)
2025-10-02 17:28:17,626 - INFO - (-96.508 130.718 0.691)
2025-10-02 17:28:17,636 - INFO - (-96.538 130.575 1.392)
2025-10-02 17:28:17,647 - INFO - (-96.564 130.446 -1.014)
2025-10-02 17:28:17,656 - INFO - (-96.597 130.288 0.151)
2025-10-02 17:28:17,666 - INFO - (-96.627 130.145 -0.039)
2025-10-02 17:28:17,676 - INFO - (-96.656 130.002 -0.229)
2025-10-02 17:28:17,686 - INFO - (-96.686 129.859 -0.385)
2025-10-02 17:28:17,696 - INFO - (-96.715 129.716 1.556)
2025-10-02 17:28:17,706 - INFO - (-96.745 129.573 -3.077)
2025-10-02 17:28:17,716 - INFO - (-96.775 129.43 0.425)
2025-10-02 17:28:17,726 - INFO - (-96.804 129.287 -0.518)
2025-10-02 17:28:17,736 - INFO - (-96.833 129.144 0.174)
2025-10-02 17:28:17,746 - INFO - (-96.862 129.001 0.773)
2025-10-02 17:28:17,756 - INFO - (-96.892 128.858 -0.19)
2025-10-02 17:28:17,766 - INFO - (-96.921 128.715 0.694)
2025-10-02 17:28:17,776 - INFO - (-96.951 128.571 0.472)
2025-10-02 17:28:17,786 - INFO - (-96.98 128.428 0.167)
2025-10-02 17:28:17,796 - INFO - (-97.007 128.299 -0.048)
2025-10-02 17:28:17,806 - INFO - (-97.039 128.142 -0.252)
2025-10-02 17:28:17,816 - INFO - (-97.069 127.999 -2.115)
2025-10-02 17:28:17,826 - INFO - (-97.099 127.856 1.36)
2025-10-02 17:28:17,836 - INFO - (-97.128 127.713 0.583)
2025-10-02 17:28:17,846 - INFO - (-97.157 127.57 0.267)
2025-10-02 17:28:17,856 - INFO - (-97.187 127.427 -0.331)
2025-10-02 17:28:17,866 - INFO - (-97.216 127.283 1.718)
2025-10-02 17:28:17,876 - INFO - (-97.246 127.14 -1.806)
2025-10-02 17:28:17,887 - INFO - (-97.275 126.997 0.421)
2025-10-02 17:28:17,897 - INFO - (-97.305 126.854 0.151)
2025-10-02 17:28:17,907 - INFO - (-97.335 126.711 -0.086)
2025-10-02 17:28:17,917 - INFO - (-97.364 126.568 -0.252)
2025-10-02 17:28:17,926 - INFO - (-97.391 126.439 -0.335)
2025-10-02 17:28:17,936 - INFO - (-97.421 126.296 -0.939)
2025-10-02 17:28:17,946 - INFO - (-97.453 126.139 0.275)
2025-10-02 17:28:17,956 - INFO - (-97.48 126.01 0.123)
2025-10-02 17:28:17,966 - INFO - (-97.509 125.867 -0.36)
2025-10-02 17:28:17,976 - INFO - (-97.538 125.724 0.743)
2025-10-02 17:28:17,986 - INFO - (-97.568 125.581 -0.11)
2025-10-02 17:28:17,997 - INFO - (-97.597 125.438 0.412)
2025-10-02 17:28:18,006 - INFO - (-97.627 125.295 0.521)
2025-10-02 17:28:18,016 - INFO - (-97.657 125.152 -0.479)
2025-10-02 17:28:18,026 - INFO - (-97.687 125.009 -5.454)
2025-10-02 17:28:18,036 - INFO - (-97.717 124.867 -4.931)
2025-10-02 17:28:18,046 - INFO - (-97.749 124.726 -4.845)
2025-10-02 17:28:18,056 - INFO - (-97.781 124.585 -7.94)
2025-10-02 17:28:18,066 - INFO - (-97.814 124.446 -3.086)
2025-10-02 17:28:18,076 - INFO - (-97.848 124.306 -3.058)
2025-10-02 17:28:18,086 - INFO - (-97.882 124.167 -1.987)
2025-10-02 17:28:18,096 - INFO - (-97.917 124.029 -0.127)
2025-10-02 17:28:18,106 - INFO - (-97.951 123.89 -0.614)
2025-10-02 17:28:18,116 - INFO - (-97.986 123.751 -0.266)
2025-10-02 17:28:18,127 - INFO - (-98.021 123.613 -1.848)
2025-10-02 17:28:18,136 - INFO - (-98.057 123.475 -2.223)
2025-10-02 17:28:18,146 - INFO - (-98.093 123.337 -2.147)
2025-10-02 17:28:18,157 - INFO - (-98.128 123.214 -7.54)
2025-10-02 17:28:18,166 - INFO - (-98.171 123.065 -2.305)
2025-10-02 17:28:18,176 - INFO - (-98.212 122.93 -3.989)
2025-10-02 17:28:18,186 - INFO - (-98.254 122.796 -1.567)
2025-10-02 17:28:18,196 - INFO - (-98.296 122.662 -1.395)
2025-10-02 17:28:18,206 - INFO - (-98.34 122.528 -5.217)
2025-10-02 17:28:18,216 - INFO - (-98.383 122.394 3.101)
2025-10-02 17:28:18,226 - INFO - (-98.427 122.261 0.765)
2025-10-02 17:28:18,236 - INFO - (-98.471 122.128 -3.077)
2025-10-02 17:28:18,246 - INFO - (-98.512 122.009 -1.947)
2025-10-02 17:28:18,256 - INFO - (-98.559 121.877 -1.416)
2025-10-02 17:28:18,266 - INFO - (-98.607 121.746 -1.385)
2025-10-02 17:28:18,276 - INFO - (-98.656 121.615 -1.447)
2025-10-02 17:28:18,286 - INFO - (-98.705 121.485 -1.509)
2025-10-02 17:28:18,296 - INFO - (-98.761 121.342 -1.59)
2025-10-02 17:28:18,306 - INFO - (-98.813 121.213 -1.925)
2025-10-02 17:28:18,316 - INFO - (-98.861 121.097 -1.165)
2025-10-02 17:28:18,326 - INFO - (-98.914 120.969 -1.273)
2025-10-02 17:28:18,336 - INFO - (-98.969 120.842 -1.389)
2025-10-02 17:28:18,346 - INFO - (-99.024 120.714 0.037)
2025-10-02 17:28:18,356 - INFO - (-99.078 120.587 0.002)
2025-10-02 17:28:18,366 - INFO - (-99.134 120.46 -2.619)
2025-10-02 17:28:18,376 - INFO - (-99.197 120.322 -1.272)
2025-10-02 17:28:18,386 - INFO - (-99.25 120.209 -1.219)
2025-10-02 17:28:18,396 - INFO - (-99.309 120.084 -1.054)
2025-10-02 17:28:18,406 - INFO - (-99.376 119.948 -1.242)
2025-10-02 17:28:18,416 - INFO - (-99.437 119.825 -1.44)
2025-10-02 17:28:18,427 - INFO - (-99.499 119.702 -1.414)
2025-10-02 17:28:18,436 - INFO - (-99.562 119.58 -1.458)
2025-10-02 17:28:18,446 - INFO - (-99.626 119.458 -1.807)
2025-10-02 17:28:18,456 - INFO - (-99.691 119.337 -1.867)
2025-10-02 17:28:18,466 - INFO - (-99.757 119.217 2.927)
2025-10-02 17:28:18,476 - INFO - (-99.822 119.096 0.108)
2025-10-02 17:28:18,486 - INFO - (-99.889 118.975 -3.284)
2025-10-02 17:28:18,496 - INFO - (-99.956 118.856 0.92)
2025-10-02 17:28:18,506 - INFO - (-100.025 118.737 1.681)
2025-10-02 17:28:18,516 - INFO - (-100.095 118.619 0.589)
2025-10-02 17:28:18,526 - INFO - (-100.166 118.502 -0.39)
2025-10-02 17:28:18,536 - INFO - (-100.238 118.385 0.184)
2025-10-02 17:28:18,546 - INFO - (-100.311 118.268 -0.197)
2025-10-02 17:28:18,556 - INFO - (-100.384 118.152 -0.578)
2025-10-02 17:28:18,566 - INFO - (-100.459 118.037 -0.23)
2025-10-02 17:28:18,576 - INFO - (-100.534 117.922 -3.258)
2025-10-02 17:28:18,586 - INFO - (-100.61 117.808 1.347)
2025-10-02 17:28:18,596 - INFO - (-100.678 117.705 0.068)
2025-10-02 17:28:18,606 - INFO - (-100.755 117.591 7.049)
2025-10-02 17:28:18,616 - INFO - (-100.832 117.477 4.596)
2025-10-02 17:28:18,626 - INFO - (-100.911 117.363 0.943)
2025-10-02 17:28:18,636 - INFO - (-100.992 117.251 1.444)
2025-10-02 17:28:18,646 - INFO - (-101.073 117.139 2.148)
2025-10-02 17:28:18,656 - INFO - (-101.155 117.027 1.954)
2025-10-02 17:28:18,666 - INFO - (-101.238 116.915 1.945)
2025-10-02 17:28:18,676 - INFO - (-101.322 116.804 2.112)
2025-10-02 17:28:18,686 - INFO - (-101.407 116.693 1.808)
2025-10-02 17:28:18,696 - INFO - (-101.492 116.583 -1.568)
2025-10-02 17:28:18,706 - INFO - (-101.578 116.473 3.69)
2025-10-02 17:28:18,716 - INFO - (-101.664 116.363 6.314)
2025-10-02 17:28:18,726 - INFO - (-101.752 116.253 4.622)
2025-10-02 17:28:18,736 - INFO - (-101.84 116.143 7.036)
2025-10-02 17:28:18,746 - INFO - (-101.93 116.033 7.281)
2025-10-02 17:28:18,756 - INFO - (-102.02 115.922 7.752)
2025-10-02 17:28:18,766 - INFO - (-102.102 115.823 6.479)
2025-10-02 17:28:18,776 - INFO - (-102.195 115.712 7.335)
2025-10-02 17:28:18,786 - INFO - (-102.297 115.59 7.544)
2025-10-02 17:28:18,796 - INFO - (-102.382 115.491 5.877)
2025-10-02 17:28:18,806 - INFO - (-102.477 115.38 5.467)
2025-10-02 17:28:18,816 - INFO - (-102.572 115.269 -1.801)
2025-10-02 17:28:18,826 - INFO - (-102.668 115.158 4.433)
2025-10-02 17:28:18,836 - INFO - (-102.763 115.046 4.746)
2025-10-02 17:28:18,847 - INFO - (-102.86 114.935 4.766)
2025-10-02 17:28:18,857 - INFO - (-102.956 114.823 5.594)
2025-10-02 17:28:18,866 - INFO - (-103.053 114.711 5.929)
2025-10-02 17:28:18,876 - INFO - (-103.16 114.586 5.608)
2025-10-02 17:28:18,886 - INFO - (-103.257 114.473 3.805)
2025-10-02 17:28:18,896 - INFO - (-103.355 114.359 2.812)
2025-10-02 17:28:18,906 - INFO - (-103.452 114.245 -1.781)
2025-10-02 17:28:18,916 - INFO - (-103.54 114.144 -3.03)
2025-10-02 17:28:18,926 - INFO - (-103.639 114.032 -3.968)
2025-10-02 17:28:18,936 - INFO - (-103.746 113.909 -2.234)
2025-10-02 17:28:18,946 - INFO - (-103.844 113.797 -0.95)
2025-10-02 17:28:18,956 - INFO - (-103.933 113.696 -0.658)
2025-10-02 17:28:18,966 - INFO - (-104.031 113.585 -2.171)
2025-10-02 17:28:18,976 - INFO - (-104.141 113.465 -3.766)
2025-10-02 17:28:18,986 - INFO - (-104.241 113.356 -2.487)
2025-10-02 17:28:18,996 - INFO - (-104.332 113.259 -2.278)
2025-10-02 17:28:19,006 - INFO - (-104.443 113.141 -2.645)
2025-10-02 17:28:19,016 - INFO - (-104.534 113.045 -2.062)
2025-10-02 17:28:19,026 - INFO - (-104.647 112.929 -2.51)
2025-10-02 17:28:19,036 - INFO - (-104.75 112.825 -1.105)
2025-10-02 17:28:19,046 - INFO - (-104.853 112.721 -4.238)
2025-10-02 17:28:19,056 - INFO - (-104.956 112.617 -2.956)
2025-10-02 17:28:19,066 - INFO - (-105.059 112.514 0.322)
2025-10-02 17:28:19,076 - INFO - (-105.163 112.411 -1.548)
2025-10-02 17:28:19,086 - INFO - (-105.268 112.309 -0.582)
2025-10-02 17:28:19,096 - INFO - (-105.373 112.209 0.383)
2025-10-02 17:28:19,106 - INFO - (-105.48 112.11 0.146)
2025-10-02 17:28:19,116 - INFO - (-105.577 112.021 0.085)
2025-10-02 17:28:19,126 - INFO - (-105.685 111.923 -0.049)
2025-10-02 17:28:19,136 - INFO - (-105.805 111.816 -0.222)
2025-10-02 17:28:19,146 - INFO - (-105.914 111.72 -0.735)
2025-10-02 17:28:19,156 - INFO - (-106.024 111.624 -3.675)
2025-10-02 17:28:19,166 - INFO - (-106.133 111.529 0.626)
2025-10-02 17:28:19,176 - INFO - (-106.243 111.433 0.525)
2025-10-02 17:28:19,186 - INFO - (-106.354 111.338 1.288)
2025-10-02 17:28:19,196 - INFO - (-106.465 111.245 0.313)
2025-10-02 17:28:19,206 - INFO - (-106.578 111.152 -0.135)
2025-10-02 17:28:19,216 - INFO - (-106.691 111.06 0.183)
2025-10-02 17:28:19,226 - INFO - (-106.805 110.97 -0.225)
2025-10-02 17:28:19,236 - INFO - (-106.919 110.88 -0.403)
2025-10-02 17:28:19,246 - INFO - (-107.034 110.791 -0.837)
2025-10-02 17:28:19,256 - INFO - (-107.15 110.702 -1.03)
2025-10-02 17:28:19,266 - INFO - (-107.266 110.614 -1.944)
2025-10-02 17:28:19,276 - INFO - (-107.381 110.526 0.641)
2025-10-02 17:28:19,286 - INFO - (-107.498 110.439 1.656)
2025-10-02 17:28:19,296 - INFO - (-107.615 110.352 1.022)
2025-10-02 17:28:19,306 - INFO - (-107.732 110.266 0.719)
2025-10-02 17:28:19,316 - INFO - (-107.85 110.181 1.062)
2025-10-02 17:28:19,326 - INFO - (-107.969 110.096 0.945)
2025-10-02 17:28:19,336 - INFO - (-108.075 110.019 0.497)
2025-10-02 17:28:19,346 - INFO - (-108.206 109.926 0.693)
2025-10-02 17:28:19,356 - INFO - (-108.324 109.841 0.89)
2025-10-02 17:28:19,366 - INFO - (-108.443 109.756 0.504)
2025-10-02 17:28:19,376 - INFO - (-108.562 109.671 4.078)
2025-10-02 17:28:19,386 - INFO - (-108.681 109.586 -5.254)
2025-10-02 17:28:19,396 - INFO - (-108.8 109.502 -1.087)
2025-10-02 17:28:19,406 - INFO - (-108.907 109.425 -0.118)
2025-10-02 17:28:19,416 - INFO - (-109.026 109.341 4.168)
2025-10-02 17:28:19,426 - INFO - (-109.145 109.256 2.987)
2025-10-02 17:28:19,436 - INFO - (-109.265 109.171 2.064)
2025-10-02 17:28:19,446 - INFO - (-109.384 109.085 1.49)
2025-10-02 17:28:19,456 - INFO - (-109.504 109.0 1.208)
2025-10-02 17:28:19,466 - INFO - (-109.624 108.915 0.763)
2025-10-02 17:28:19,476 - INFO - (-109.744 108.83 0.413)
2025-10-02 17:28:19,486 - INFO - (-109.864 108.744 2.092)
2025-10-02 17:28:19,496 - INFO - (-109.984 108.659 -5.734)
2025-10-02 17:28:19,506 - INFO - (-110.103 108.574 0.827)
2025-10-02 17:28:19,516 - INFO - (-110.223 108.489 2.253)
2025-10-02 17:28:19,526 - INFO - (-110.343 108.403 3.078)
2025-10-02 17:28:19,536 - INFO - (-110.464 108.318 -0.538)
2025-10-02 17:28:19,546 - INFO - (-110.584 108.233 0.427)
2025-10-02 17:28:19,556 - INFO - (-110.704 108.148 0.673)
2025-10-02 17:28:19,566 - INFO - (-110.813 108.071 0.334)
2025-10-02 17:28:19,576 - INFO - (-110.945 107.977 0.115)
2025-10-02 17:28:19,586 - INFO - (-111.065 107.892 -0.076)
2025-10-02 17:28:19,596 - INFO - (-111.174 107.815 1.553)
2025-10-02 17:28:19,606 - INFO - (-111.306 107.722 -6.845)
2025-10-02 17:28:19,616 - INFO - (-111.426 107.637 0.541)
2025-10-02 17:28:19,626 - INFO - (-111.546 107.552 3.719)
2025-10-02 17:28:19,636 - INFO - (-111.667 107.466 1.423)
2025-10-02 17:28:19,646 - INFO - (-111.787 107.381 2.52)
2025-10-02 17:28:19,656 - INFO - (-111.908 107.296 -1.292)
2025-10-02 17:28:19,666 - INFO - (-112.028 107.211 -0.793)
2025-10-02 17:28:19,676 - INFO - (-112.149 107.125 0.297)
2025-10-02 17:28:19,686 - INFO - (-112.27 107.04 0.085)
2025-10-02 17:28:19,696 - INFO - (-112.402 106.947 -0.099)
2025-10-02 17:28:19,706 - INFO - (-112.523 106.862 1.95)
2025-10-02 17:28:19,716 - INFO - (-112.644 106.777 -1.465)
2025-10-02 17:28:19,726 - INFO - (-112.764 106.691 -3.673)
2025-10-02 17:28:19,736 - INFO - (-112.884 106.606 2.705)
2025-10-02 17:28:19,746 - INFO - (-113.005 106.521 0.68)
2025-10-02 17:28:19,756 - INFO - (-113.126 106.436 0.865)
2025-10-02 17:28:19,766 - INFO - (-113.234 106.359 0.533)
2025-10-02 17:28:19,776 - INFO - (-113.355 106.274 0.295)
2025-10-02 17:28:19,786 - INFO - (-113.476 106.189 0.047)
2025-10-02 17:28:19,796 - INFO - (-113.597 106.104 -0.132)
2025-10-02 17:28:19,806 - INFO - (-113.73 106.01 -0.331)
2025-10-02 17:28:19,816 - INFO - (-113.85 105.925 1.751)
2025-10-02 17:28:19,826 - INFO - (-113.971 105.84 -2.016)
2025-10-02 17:28:19,836 - INFO - (-114.092 105.755 -2.354)
2025-10-02 17:28:19,846 - INFO - (-114.212 105.669 0.013)
2025-10-02 17:28:19,856 - INFO - (-114.333 105.584 2.338)
2025-10-02 17:28:19,866 - INFO - (-114.453 105.499 0.27)
2025-10-02 17:28:19,877 - INFO - (-114.574 105.414 0.484)
2025-10-02 17:28:19,886 - INFO - (-114.695 105.329 0.218)
2025-10-02 17:28:19,896 - INFO - (-114.816 105.244 -0.007)
2025-10-02 17:28:19,906 - INFO - (-114.937 105.159 -0.195)
2025-10-02 17:28:19,916 - INFO - (-115.058 105.073 -0.343)
2025-10-02 17:28:19,926 - INFO - (-115.166 104.997 -0.407)
2025-10-02 17:28:19,936 - INFO - (-115.287 104.912 -1.662)
2025-10-02 17:28:19,946 - INFO - (-115.408 104.827 -1.441)
2025-10-02 17:28:19,956 - INFO - (-115.528 104.741 2.488)
2025-10-02 17:28:19,966 - INFO - (-115.661 104.648 -0.369)
2025-10-02 17:28:19,976 - INFO - (-115.782 104.563 0.377)
2025-10-02 17:28:19,986 - INFO - (-115.903 104.478 0.549)
2025-10-02 17:28:19,997 - INFO - (-116.023 104.393 0.152)
2025-10-02 17:28:20,006 - INFO - (-116.144 104.308 0.011)
2025-10-02 17:28:20,016 - INFO - (-116.265 104.223 -0.166)
2025-10-02 17:28:20,026 - INFO - (-116.374 104.146 0.177)
2025-10-02 17:28:20,036 - INFO - (-116.495 104.061 1.861)
2025-10-02 17:28:20,046 - INFO - (-116.617 103.978 -3.559)
2025-10-02 17:28:20,056 - INFO - (-116.74 103.895 5.104)
2025-10-02 17:28:20,066 - INFO - (-116.862 103.813 -2.82)
2025-10-02 17:28:20,076 - INFO - (-116.985 103.731 2.855)
2025-10-02 17:28:20,086 - INFO - (-117.109 103.649 0.135)
2025-10-02 17:28:20,096 - INFO - (-117.232 103.567 1.741)
2025-10-02 17:28:20,106 - INFO - (-117.357 103.486 2.927)
2025-10-02 17:28:20,116 - INFO - (-117.482 103.406 2.684)
2025-10-02 17:28:20,126 - INFO - (-117.608 103.327 2.315)
2025-10-02 17:28:20,136 - INFO - (-117.735 103.248 2.104)
2025-10-02 17:28:20,146 - INFO - (-117.862 103.17 1.8)
2025-10-02 17:28:20,156 - INFO - (-117.978 103.101 -1.85)
2025-10-02 17:28:20,166 - INFO - (-118.12 103.019 0.696)
2025-10-02 17:28:20,176 - INFO - (-118.249 102.944 -5.441)
2025-10-02 17:28:20,186 - INFO - (-118.378 102.869 1.454)
2025-10-02 17:28:20,196 - INFO - (-118.507 102.796 1.007)
2025-10-02 17:28:20,206 - INFO - (-118.637 102.722 1.25)
2025-10-02 17:28:20,216 - INFO - (-118.767 102.649 1.026)
2025-10-02 17:28:20,226 - INFO - (-118.899 102.578 1.525)
2025-10-02 17:28:20,236 - INFO - (-119.031 102.508 2.227)
2025-10-02 17:28:20,246 - INFO - (-119.163 102.439 2.146)
2025-10-02 17:28:20,256 - INFO - (-119.297 102.37 1.745)
2025-10-02 17:28:20,266 - INFO - (-119.43 102.302 1.354)
2025-10-02 17:28:20,276 - INFO - (-119.565 102.235 3.309)
2025-10-02 17:28:20,287 - INFO - (-119.7 102.169 -5.119)
2025-10-02 17:28:20,297 - INFO - (-119.834 102.103 0.063)
2025-10-02 17:28:20,307 - INFO - (-119.969 102.037 -0.581)
2025-10-02 17:28:20,317 - INFO - (-120.105 101.973 2.151)
2025-10-02 17:28:20,326 - INFO - (-120.241 101.909 2.535)
2025-10-02 17:28:20,337 - INFO - (-120.378 101.847 2.144)
2025-10-02 17:28:20,346 - INFO - (-120.516 101.785 2.101)
2025-10-02 17:28:20,356 - INFO - (-120.654 101.725 1.78)
2025-10-02 17:28:20,367 - INFO - (-120.779 101.671 1.336)
2025-10-02 17:28:20,376 - INFO - (-120.932 101.606 1.351)
2025-10-02 17:28:20,386 - INFO - (-121.072 101.547 4.252)
2025-10-02 17:28:20,396 - INFO - (-121.198 101.496 -4.689)
2025-10-02 17:28:20,406 - INFO - (-121.352 101.434 -0.797)
2025-10-02 17:28:20,416 - INFO - (-121.492 101.377 1.951)
2025-10-02 17:28:20,426 - INFO - (-121.619 101.327 2.51)
2025-10-02 17:28:20,436 - INFO - (-121.76 101.272 3.894)
2025-10-02 17:28:20,446 - INFO - (-121.903 101.218 1.908)
2025-10-02 17:28:20,456 - INFO - (-122.046 101.166 1.579)
2025-10-02 17:28:20,466 - INFO - (-122.189 101.114 1.295)
2025-10-02 17:28:20,476 - INFO - (-122.333 101.063 1.246)
2025-10-02 17:28:20,486 - INFO - (-122.477 101.012 0.998)
2025-10-02 17:28:20,496 - INFO - (-122.622 100.963 -1.219)
2025-10-02 17:28:20,506 - INFO - (-122.766 100.915 -0.734)
2025-10-02 17:28:20,516 - INFO - (-122.897 100.872 0.015)
2025-10-02 17:28:20,526 - INFO - (-123.056 100.819 2.543)
2025-10-02 17:28:20,536 - INFO - (-123.202 100.772 5.751)
2025-10-02 17:28:20,546 - INFO - (-123.348 100.726 0.381)
2025-10-02 17:28:20,556 - INFO - (-123.495 100.682 2.15)
2025-10-02 17:28:20,566 - INFO - (-123.642 100.638 2.013)
2025-10-02 17:28:20,576 - INFO - (-123.79 100.595 1.917)
2025-10-02 17:28:20,586 - INFO - (-123.923 100.557 1.459)
2025-10-02 17:28:20,596 - INFO - (-124.087 100.512 3.93)
2025-10-02 17:28:20,606 - INFO - (-124.236 100.471 -3.634)
2025-10-02 17:28:20,616 - INFO - (-124.37 100.435 0.507)
2025-10-02 17:28:20,626 - INFO - (-124.534 100.391 3.957)
2025-10-02 17:28:20,636 - INFO - (-124.684 100.352 2.404)
2025-10-02 17:28:20,646 - INFO - (-124.834 100.314 5.297)
2025-10-02 17:28:20,656 - INFO - (-124.985 100.277 4.333)
2025-10-02 17:28:20,666 - INFO - (-125.137 100.24 3.704)
2025-10-02 17:28:20,676 - INFO - (-125.289 100.204 3.86)
2025-10-02 17:28:20,686 - INFO - (-125.442 100.168 4.457)
2025-10-02 17:28:20,696 - INFO - (-125.595 100.133 4.574)
2025-10-02 17:28:20,706 - INFO - (-125.749 100.098 3.065)
2025-10-02 17:28:20,716 - INFO - (-125.903 100.064 -0.304)
2025-10-02 17:28:20,726 - INFO - (-126.057 100.029 0.937)
2025-10-02 17:28:20,736 - INFO - (-126.211 99.995 5.662)
2025-10-02 17:28:20,746 - INFO - (-126.366 99.961 4.471)
2025-10-02 17:28:20,756 - INFO - (-126.522 99.927 6.973)
2025-10-02 17:28:20,766 - INFO - (-126.678 99.891 5.147)
2025-10-02 17:28:20,776 - INFO - (-126.834 99.855 3.833)
2025-10-02 17:28:20,786 - INFO - (-126.99 99.819 2.749)
2025-10-02 17:28:20,796 - INFO - (-127.147 99.782 1.98)
2025-10-02 17:28:20,806 - INFO - (-127.303 99.744 3.474)
2025-10-02 17:28:20,816 - INFO - (-127.46 99.706 -8.205)
2025-10-02 17:28:20,826 - INFO - (-127.616 99.669 1.904)
2025-10-02 17:28:20,836 - INFO - (-127.772 99.631 1.957)
2025-10-02 17:28:20,846 - INFO - (-127.928 99.592 2.566)
2025-10-02 17:28:20,856 - INFO - (-128.085 99.554 1.574)
2025-10-02 17:28:20,866 - INFO - (-128.225 99.519 -3.479)
2025-10-02 17:28:20,876 - INFO - (-128.397 99.475 -2.153)
2025-10-02 17:28:20,886 - INFO - (-128.552 99.435 -2.216)
2025-10-02 17:28:20,896 - INFO - (-128.707 99.394 -1.927)
2025-10-02 17:28:20,906 - INFO - (-128.863 99.354 1.448)
2025-10-02 17:28:20,916 - INFO - (-129.017 99.314 -5.777)
2025-10-02 17:28:20,926 - INFO - (-129.172 99.273 0.858)
2025-10-02 17:28:20,936 - INFO - (-129.327 99.232 1.677)
2025-10-02 17:28:20,946 - INFO - (-129.481 99.191 -2.76)
2025-10-02 17:28:20,956 - INFO - (-129.636 99.15 -2.33)
2025-10-02 17:28:20,966 - INFO - (-129.775 99.114 -2.027)
2025-10-02 17:28:20,976 - INFO - (-129.928 99.072 -1.987)
2025-10-02 17:28:20,987 - INFO - (-130.082 99.031 -2.438)
2025-10-02 17:28:20,996 - INFO - (-130.235 98.99 -2.18)
2025-10-02 17:28:21,006 - INFO - (-130.389 98.949 0.383)
2025-10-02 17:28:21,016 - INFO - (-130.542 98.907 -1.743)
2025-10-02 17:28:21,026 - INFO - (-130.695 98.866 -0.703)
2025-10-02 17:28:21,036 - INFO - (-130.848 98.825 -1.241)
2025-10-02 17:28:21,046 - INFO - (-131.001 98.785 -5.526)
2025-10-02 17:28:21,056 - INFO - (-131.169 98.741 1.09)
2025-10-02 17:28:21,066 - INFO - (-131.306 98.706 -0.72)
2025-10-02 17:28:21,076 - INFO - (-131.46 98.668 -1.434)
2025-10-02 17:28:21,086 - INFO - (-131.612 98.63 -3.269)
2025-10-02 17:28:21,096 - INFO - (-131.765 98.593 -2.569)
2025-10-02 17:28:21,106 - INFO - (-131.918 98.557 -0.453)
2025-10-02 17:28:21,116 - INFO - (-132.071 98.522 0.273)
2025-10-02 17:28:21,126 - INFO - (-132.224 98.486 -5.31)
2025-10-02 17:28:21,136 - INFO - (-132.376 98.45 1.332)
2025-10-02 17:28:21,146 - INFO - (-132.529 98.415 1.984)
2025-10-02 17:28:21,156 - INFO - (-132.683 98.381 0.137)
2025-10-02 17:28:21,166 - INFO - (-132.836 98.348 -0.476)
2025-10-02 17:28:21,176 - INFO - (-133.005 98.313 0.099)
2025-10-02 17:28:21,186 - INFO - (-133.159 98.282 0.905)
2025-10-02 17:28:21,197 - INFO - (-133.313 98.251 1.107)
2025-10-02 17:28:21,206 - INFO - (-133.467 98.221 1.095)
2025-10-02 17:28:21,216 - INFO - (-133.621 98.191 2.704)
2025-10-02 17:28:21,226 - INFO - (-133.776 98.16 -5.395)
2025-10-02 17:28:21,236 - INFO - (-133.93 98.13 2.601)
2025-10-02 17:28:21,246 - INFO - (-134.084 98.101 2.062)
2025-10-02 17:28:21,256 - INFO - (-134.239 98.072 0.739)
2025-10-02 17:28:21,266 - INFO - (-134.394 98.044 2.604)
2025-10-02 17:28:21,276 - INFO - (-134.549 98.016 2.792)
2025-10-02 17:28:21,286 - INFO - (-134.69 97.991 2.781)
2025-10-02 17:28:21,296 - INFO - (-134.846 97.963 3.57)
2025-10-02 17:28:21,306 - INFO - (-135.002 97.935 2.619)
2025-10-02 17:28:21,316 - INFO - (-135.159 97.908 1.046)
2025-10-02 17:28:21,326 - INFO - (-135.315 97.88 -2.368)
2025-10-02 17:28:21,336 - INFO - (-135.472 97.853 2.964)
2025-10-02 17:28:21,346 - INFO - (-135.629 97.826 4.713)
2025-10-02 17:28:21,356 - INFO - (-135.786 97.799 -1.626)
2025-10-02 17:28:21,366 - INFO - (-135.943 97.772 4.311)
2025-10-02 17:28:21,376 - INFO - (-136.101 97.745 3.036)
2025-10-02 17:28:21,386 - INFO - (-136.259 97.718 2.306)
2025-10-02 17:28:21,397 - INFO - (-136.418 97.692 2.724)
2025-10-02 17:28:21,406 - INFO - (-136.576 97.666 1.933)
2025-10-02 17:28:21,416 - INFO - (-136.735 97.639 1.038)
2025-10-02 17:28:21,426 - INFO - (-136.894 97.613 0.253)
2025-10-02 17:28:21,436 - INFO - (-137.052 97.587 -1.486)
2025-10-02 17:28:21,446 - INFO - (-137.211 97.56 4.067)
2025-10-02 17:28:21,456 - INFO - (-137.354 97.537 -0.139)
2025-10-02 17:28:21,467 - INFO - (-137.529 97.509 3.175)
2025-10-02 17:28:21,477 - INFO - (-137.689 97.483 2.081)
2025-10-02 17:28:21,487 - INFO - (-137.833 97.46 1.315)
2025-10-02 17:28:21,496 - INFO - (-137.993 97.434 1.481)
2025-10-02 17:28:21,506 - INFO - (-138.153 97.408 1.063)
2025-10-02 17:28:21,516 - INFO - (-138.313 97.383 0.715)
2025-10-02 17:28:21,526 - INFO - (-138.473 97.357 1.194)
2025-10-02 17:28:21,536 - INFO - (-138.633 97.331 -1.098)
2025-10-02 17:28:21,546 - INFO - (-138.793 97.306 2.914)
2025-10-02 17:28:21,556 - INFO - (-138.954 97.28 -4.543)
2025-10-02 17:28:21,566 - INFO - (-139.114 97.255 0.018)
2025-10-02 17:28:21,576 - INFO - (-139.274 97.229 2.91)
2025-10-02 17:28:21,586 - INFO - (-139.434 97.204 3.841)
2025-10-02 17:28:21,596 - INFO - (-139.595 97.179 -0.143)
2025-10-02 17:28:21,606 - INFO - (-139.756 97.153 1.83)
2025-10-02 17:28:21,616 - INFO - (-139.917 97.128 1.563)
2025-10-02 17:28:21,626 - INFO - (-140.078 97.103 -0.183)
2025-10-02 17:28:21,636 - INFO - (-140.239 97.078 0.731)
2025-10-02 17:28:21,646 - INFO - (-140.4 97.053 1.561)
2025-10-02 17:28:21,656 - INFO - (-140.561 97.028 -1.684)
2025-10-02 17:28:21,666 - INFO - (-140.723 97.002 2.601)
2025-10-02 17:28:21,676 - INFO - (-140.884 96.977 1.399)
2025-10-02 17:28:21,686 - INFO - (-141.062 96.95 0.783)
2025-10-02 17:28:21,697 - INFO - (-141.224 96.925 0.5)
2025-10-02 17:28:21,706 - INFO - (-141.385 96.9 0.324)
2025-10-02 17:28:21,716 - INFO - (-141.547 96.875 0.613)
2025-10-02 17:28:21,726 - INFO - (-141.709 96.85 -0.77)
2025-10-02 17:28:21,736 - INFO - (-141.87 96.824 -1.042)
2025-10-02 17:28:21,747 - INFO - (-142.032 96.799 1.53)
2025-10-02 17:28:21,757 - INFO - (-142.194 96.774 -2.151)
2025-10-02 17:28:21,767 - INFO - (-142.355 96.749 1.781)
2025-10-02 17:28:21,777 - INFO - (-142.517 96.725 1.923)
2025-10-02 17:28:21,787 - INFO - (-142.679 96.7 0.18)
2025-10-02 17:28:21,796 - INFO - (-142.841 96.675 -3.006)
2025-10-02 17:28:21,806 - INFO - (-143.002 96.65 -10.719)
2025-10-02 17:28:21,816 - INFO - (-143.162 96.627 -7.513)
2025-10-02 17:28:21,826 - INFO - (-143.322 96.603 -6.722)
2025-10-02 17:28:21,836 - INFO - (-143.465 96.582 -1.72)
2025-10-02 17:28:21,846 - INFO - (-143.624 96.558 -4.458)
2025-10-02 17:28:21,856 - INFO - (-143.782 96.534 -3.828)
2025-10-02 17:28:21,866 - INFO - (-143.94 96.511 -5.282)
2025-10-02 17:28:21,876 - INFO - (-144.098 96.488 -7.847)
2025-10-02 17:28:21,886 - INFO - (-144.254 96.465 -9.535)
2025-10-02 17:28:21,897 - INFO - (-144.41 96.442 -8.911)
2025-10-02 17:28:21,906 - INFO - (-144.565 96.42 -5.152)
2025-10-02 17:28:21,916 - INFO - (-144.719 96.398 -4.521)
2025-10-02 17:28:21,926 - INFO - (-144.873 96.376 -5.787)
2025-10-02 17:28:21,936 - INFO - (-145.027 96.354 -2.754)
2025-10-02 17:28:21,946 - INFO - (-145.18 96.332 -4.891)
2025-10-02 17:28:21,956 - INFO - (-145.333 96.31 -1.63)
2025-10-02 17:28:21,966 - INFO - (-145.486 96.289 -0.598)
2025-10-02 17:28:21,976 - INFO - (-145.639 96.267 -1.688)
2025-10-02 17:28:21,987 - INFO - (-145.792 96.246 -1.979)
2025-10-02 17:28:21,997 - INFO - (-145.944 96.225 -2.155)
2025-10-02 17:28:22,007 - INFO - (-146.096 96.204 -0.633)
2025-10-02 17:28:22,017 - INFO - (-146.248 96.183 -2.809)
2025-10-02 17:28:22,026 - INFO - (-146.4 96.162 0.933)
2025-10-02 17:28:22,036 - INFO - (-146.552 96.141 -2.103)
2025-10-02 17:28:22,046 - INFO - (-146.704 96.12 -1.067)
2025-10-02 17:28:22,056 - INFO - (-146.856 96.099 -1.957)
2025-10-02 17:28:22,066 - INFO - (-147.007 96.078 0.819)
2025-10-02 17:28:22,076 - INFO - (-147.159 96.057 -0.352)
2025-10-02 17:28:22,086 - INFO - (-147.311 96.037 -0.685)
2025-10-02 17:28:22,096 - INFO - (-147.462 96.016 -0.741)
2025-10-02 17:28:22,106 - INFO - (-147.614 95.995 1.05)
2025-10-02 17:28:22,116 - INFO - (-147.765 95.975 -2.31)
2025-10-02 17:28:22,126 - INFO - (-147.916 95.954 -1.008)
2025-10-02 17:28:22,136 - INFO - (-148.068 95.933 -0.008)
2025-10-02 17:28:22,146 - INFO - (-148.219 95.913 0.101)
2025-10-02 17:28:22,156 - INFO - (-148.355 95.894 -0.956)
2025-10-02 17:28:22,166 - INFO - (-148.521 95.872 1.17)
2025-10-02 17:28:22,176 - INFO - (-148.673 95.851 0.182)
2025-10-02 17:28:22,186 - INFO - (-148.824 95.831 -0.261)
2025-10-02 17:28:22,196 - INFO - (-148.975 95.81 -0.404)
2025-10-02 17:28:22,206 - INFO - (-149.127 95.79 0.58)
2025-10-02 17:28:22,217 - INFO - (-149.278 95.769 -0.223)
2025-10-02 17:28:22,226 - INFO - (-149.399 95.753 -2.184)
2025-10-02 17:28:22,236 - INFO - (-149.55 95.733 0.314)
2025-10-02 17:28:22,246 - INFO - (-149.671 95.716 0.617)
2025-10-02 17:28:22,257 - INFO - (-149.792 95.7 -0.667)
2025-10-02 17:28:22,266 - INFO - (-149.958 95.677 -1.165)
2025-10-02 17:28:22,276 - INFO - (-150.109 95.657 1.681)
2025-10-02 17:28:22,286 - INFO - (-150.275 95.634 0.229)
2025-10-02 17:28:22,297 - INFO - (-150.442 95.612 -0.087)
2025-10-02 17:28:22,306 - INFO - (-150.593 95.592 1.021)
2025-10-02 17:28:22,316 - INFO - (-150.744 95.571 -0.843)
2025-10-02 17:28:22,326 - INFO - (-150.895 95.551 -1.56)
2025-10-02 17:28:22,336 - INFO - (-151.062 95.528 1.698)
2025-10-02 17:28:22,346 - INFO - (-151.213 95.508 -1.303)
2025-10-02 17:28:22,356 - INFO - (-151.364 95.488 -3.497)
2025-10-02 17:28:22,366 - INFO - (-151.515 95.467 2.979)
2025-10-02 17:28:22,376 - INFO - (-151.666 95.447 1.019)
2025-10-02 17:28:22,386 - INFO - (-151.832 95.424 -0.348)
2025-10-02 17:28:22,396 - INFO - (-151.983 95.404 0.026)
2025-10-02 17:28:22,406 - INFO - (-152.134 95.384 -0.028)
2025-10-02 17:28:22,416 - INFO - (-152.285 95.363 -0.359)
2025-10-02 17:28:22,426 - INFO - (-152.451 95.341 -0.341)
2025-10-02 17:28:22,436 - INFO - (-152.603 95.321 2.886)
2025-10-02 17:28:22,446 - INFO - (-152.754 95.3 -2.223)
2025-10-02 17:28:22,456 - INFO - (-152.905 95.28 -4.152)
2025-10-02 17:28:22,467 - INFO - (-153.04 95.262 2.459)
2025-10-02 17:28:22,476 - INFO - (-153.191 95.241 1.47)
2025-10-02 17:28:22,486 - INFO - (-153.343 95.221 0.302)
2025-10-02 17:28:22,496 - INFO - (-153.494 95.201 0.147)
2025-10-02 17:28:22,506 - INFO - (-153.645 95.181 0.657)
2025-10-02 17:28:22,516 - INFO - (-153.796 95.16 -7.523)
2025-10-02 17:28:22,526 - INFO - (-153.931 95.142 -7.225)
2025-10-02 17:28:22,536 - INFO - (-154.08 95.12 -4.34)
2025-10-02 17:28:22,546 - INFO - (-154.229 95.099 -5.736)
2025-10-02 17:28:22,556 - INFO - (-154.392 95.075 -5.751)
2025-10-02 17:28:22,566 - INFO - (-154.525 95.055 -9.308)
2025-10-02 17:28:22,576 - INFO - (-154.686 95.03 -9.233)
2025-10-02 17:28:22,586 - INFO - (-154.831 95.007 -8.469)
2025-10-02 17:28:22,597 - INFO - (-154.976 94.983 -5.548)
2025-10-02 17:28:22,607 - INFO - (-155.119 94.959 -6.372)
2025-10-02 17:28:22,617 - INFO - (-155.262 94.934 -9.937)
2025-10-02 17:28:22,626 - INFO - (-155.405 94.909 -2.351)
2025-10-02 17:28:22,636 - INFO - (-155.547 94.884 1.228)
2025-10-02 17:28:22,646 - INFO - (-155.689 94.858 -7.011)
2025-10-02 17:28:22,656 - INFO - (-155.83 94.831 -2.377)
2025-10-02 17:28:22,666 - INFO - (-155.971 94.803 -3.89)
2025-10-02 17:28:22,676 - INFO - (-156.111 94.775 -3.181)
2025-10-02 17:28:22,686 - INFO - (-156.25 94.746 -2.776)
2025-10-02 17:28:22,696 - INFO - (-156.39 94.716 -2.614)
2025-10-02 17:28:22,706 - INFO - (-156.529 94.685 -1.685)
2025-10-02 17:28:22,716 - INFO - (-156.667 94.653 -5.791)
2025-10-02 17:28:22,726 - INFO - (-156.805 94.621 -0.342)
2025-10-02 17:28:22,736 - INFO - (-156.943 94.588 3.034)
2025-10-02 17:28:22,746 - INFO - (-157.08 94.555 -3.171)
2025-10-02 17:28:22,756 - INFO - (-157.218 94.522 -5.996)
2025-10-02 17:28:22,766 - INFO - (-157.354 94.487 1.702)
2025-10-02 17:28:22,776 - INFO - (-157.491 94.452 0.9)
2025-10-02 17:28:22,786 - INFO - (-157.628 94.417 -1.188)
2025-10-02 17:28:22,796 - INFO - (-157.764 94.38 -0.561)
2025-10-02 17:28:22,806 - INFO - (-157.9 94.343 1.962)
2025-10-02 17:28:22,816 - INFO - (-158.036 94.305 -2.377)
2025-10-02 17:28:22,826 - INFO - (-158.171 94.266 -1.159)
2025-10-02 17:28:22,836 - INFO - (-158.307 94.227 2.658)
2025-10-02 17:28:22,846 - INFO - (-158.442 94.187 1.245)
2025-10-02 17:28:22,857 - INFO - (-158.578 94.147 -2.463)
2025-10-02 17:28:22,866 - INFO - (-158.713 94.106 2.919)
2025-10-02 17:28:22,876 - INFO - (-158.848 94.064 1.346)
2025-10-02 17:28:22,886 - INFO - (-158.982 94.021 1.54)
2025-10-02 17:28:22,896 - INFO - (-159.117 93.977 2.315)
2025-10-02 17:28:22,906 - INFO - (-159.252 93.932 3.958)
2025-10-02 17:28:22,916 - INFO - (-159.387 93.887 -1.303)
2025-10-02 17:28:22,927 - INFO - (-159.521 93.841 -4.307)
2025-10-02 17:28:22,936 - INFO - (-159.655 93.795 4.906)
2025-10-02 17:28:22,946 - INFO - (-159.803 93.744 4.596)
2025-10-02 17:28:22,957 - INFO - (-159.925 93.702 -1.131)
2025-10-02 17:28:22,967 - INFO - (-160.059 93.655 1.012)
2025-10-02 17:28:22,976 - INFO - (-160.193 93.606 3.783)
2025-10-02 17:28:22,986 - INFO - (-160.328 93.557 2.841)
2025-10-02 17:28:22,996 - INFO - (-160.463 93.508 3.096)
2025-10-02 17:28:23,006 - INFO - (-160.611 93.453 2.537)
2025-10-02 17:28:23,016 - INFO - (-160.746 93.404 1.217)
2025-10-02 17:28:23,026 - INFO - (-160.868 93.359 -3.193)
2025-10-02 17:28:23,036 - INFO - (-161.002 93.309 3.021)
2025-10-02 17:28:23,046 - INFO - (-161.138 93.259 3.816)
2025-10-02 17:28:23,056 - INFO - (-161.273 93.208 -0.35)
2025-10-02 17:28:23,066 - INFO - (-161.408 93.158 0.108)
2025-10-02 17:28:23,076 - INFO - (-161.543 93.107 3.296)
2025-10-02 17:28:23,086 - INFO - (-161.679 93.056 1.693)
2025-10-02 17:28:23,096 - INFO - (-161.814 93.005 1.437)
2025-10-02 17:28:23,106 - INFO - (-161.95 92.954 0.981)
2025-10-02 17:28:23,116 - INFO - (-162.086 92.903 0.918)
2025-10-02 17:28:23,126 - INFO - (-162.221 92.851 1.047)
2025-10-02 17:28:23,136 - INFO - (-162.343 92.805 -2.053)
2025-10-02 17:28:23,146 - INFO - (-162.479 92.753 0.92)
2025-10-02 17:28:23,156 - INFO - (-162.615 92.702 1.965)
2025-10-02 17:28:23,166 - INFO - (-162.751 92.65 -1.747)
2025-10-02 17:28:23,176 - INFO - (-162.9 92.593 1.089)
2025-10-02 17:28:23,186 - INFO - (-163.035 92.541 1.877)
2025-10-02 17:28:23,196 - INFO - (-163.171 92.489 0.79)
2025-10-02 17:28:23,206 - INFO - (-163.294 92.442 0.484)
2025-10-02 17:28:23,216 - INFO - (-163.443 92.385 2.315)
2025-10-02 17:28:23,226 - INFO - (-163.579 92.333 -1.307)
2025-10-02 17:28:23,236 - INFO - (-163.715 92.28 -1.669)
2025-10-02 17:28:23,246 - INFO - (-163.851 92.228 -0.74)
2025-10-02 17:28:23,256 - INFO - (-163.987 92.176 3.104)
2025-10-02 17:28:23,266 - INFO - (-164.122 92.123 -0.143)
2025-10-02 17:28:23,276 - INFO - (-164.258 92.071 0.56)
2025-10-02 17:28:23,286 - INFO - (-164.408 92.013 0.461)
2025-10-02 17:28:23,296 - INFO - (-164.544 91.96 0.16)
2025-10-02 17:28:23,306 - INFO - (-164.68 91.908 -0.015)
2025-10-02 17:28:23,316 - INFO - (-164.816 91.855 1.177)
2025-10-02 17:28:23,326 - INFO - (-164.938 91.807 -0.251)
2025-10-02 17:28:23,337 - INFO - (-165.074 91.755 -4.494)
2025-10-02 17:28:23,346 - INFO - (-165.21 91.702 0.874)
2025-10-02 17:28:23,356 - INFO - (-165.346 91.649 3.159)
2025-10-02 17:28:23,366 - INFO - (-165.482 91.596 -0.336)
2025-10-02 17:28:23,376 - INFO - (-165.618 91.543 -0.172)
2025-10-02 17:28:23,386 - INFO - (-165.754 91.49 1.275)
2025-10-02 17:28:23,397 - INFO - (-165.89 91.437 -1.031)
2025-10-02 17:28:23,407 - INFO - (-166.025 91.384 -3.105)
2025-10-02 17:28:23,417 - INFO - (-166.16 91.33 -2.879)
2025-10-02 17:28:23,427 - INFO - (-166.294 91.275 -1.751)
2025-10-02 17:28:23,436 - INFO - (-166.415 91.225 -2.053)
2025-10-02 17:28:23,446 - INFO - (-166.548 91.169 -5.552)
2025-10-02 17:28:23,456 - INFO - (-166.681 91.112 -1.48)
2025-10-02 17:28:23,466 - INFO - (-166.813 91.054 0.115)
2025-10-02 17:28:23,476 - INFO - (-166.945 90.996 -1.193)
2025-10-02 17:28:23,486 - INFO - (-167.076 90.938 -3.908)
2025-10-02 17:28:23,496 - INFO - (-167.207 90.878 -1.46)
2025-10-02 17:28:23,506 - INFO - (-167.337 90.818 -1.751)
2025-10-02 17:28:23,516 - INFO - (-167.466 90.757 -1.823)
2025-10-02 17:28:23,526 - INFO - (-167.595 90.695 2.227)
2025-10-02 17:28:23,536 - INFO - (-167.724 90.632 -5.531)
2025-10-02 17:28:23,546 - INFO - (-167.852 90.57 -5.292)
2025-10-02 17:28:23,556 - INFO - (-167.98 90.507 -1.318)
2025-10-02 17:28:23,566 - INFO - (-168.106 90.442 -0.231)
2025-10-02 17:28:23,576 - INFO - (-168.233 90.377 -1.266)
2025-10-02 17:28:23,586 - INFO - (-168.358 90.312 -3.462)
2025-10-02 17:28:23,596 - INFO - (-168.471 90.252 -0.874)
2025-10-02 17:28:23,606 - INFO - (-168.608 90.178 -2.106)
2025-10-02 17:28:23,616 - INFO - (-168.732 90.11 -2.018)
2025-10-02 17:28:23,626 - INFO - (-168.855 90.041 -2.126)
2025-10-02 17:28:23,636 - INFO - (-168.977 89.971 0.163)
2025-10-02 17:28:23,647 - INFO - (-169.099 89.901 -6.194)
2025-10-02 17:28:23,657 - INFO - (-169.22 89.83 -0.063)
2025-10-02 17:28:23,667 - INFO - (-169.329 89.766 -0.422)
2025-10-02 17:28:23,676 - INFO - (-169.449 89.693 0.745)
2025-10-02 17:28:23,686 - INFO - (-169.569 89.619 -2.179)
2025-10-02 17:28:23,696 - INFO - (-169.687 89.545 -2.088)
2025-10-02 17:28:23,706 - INFO - (-169.806 89.471 -1.679)
2025-10-02 17:28:23,716 - INFO - (-169.923 89.395 -2.339)
2025-10-02 17:28:23,726 - INFO - (-170.051 89.311 -2.438)
2025-10-02 17:28:23,736 - INFO - (-170.167 89.233 2.637)
2025-10-02 17:28:23,746 - INFO - (-170.282 89.155 -4.596)
2025-10-02 17:28:23,756 - INFO - (-170.396 89.076 -6.026)
2025-10-02 17:28:23,766 - INFO - (-170.509 88.996 0.532)
2025-10-02 17:28:23,776 - INFO - (-170.622 88.916 3.248)
2025-10-02 17:28:23,786 - INFO - (-170.735 88.835 -1.049)
2025-10-02 17:28:23,797 - INFO - (-170.847 88.753 -3.452)
2025-10-02 17:28:23,807 - INFO - (-170.958 88.671 -2.173)
2025-10-02 17:28:23,817 - INFO - (-171.068 88.587 -1.935)
2025-10-02 17:28:23,826 - INFO - (-171.177 88.503 -1.847)
2025-10-02 17:28:23,836 - INFO - (-171.285 88.417 -1.843)
2025-10-02 17:28:23,846 - INFO - (-171.393 88.331 3.043)
2025-10-02 17:28:23,856 - INFO - (-171.5 88.244 -5.689)
2025-10-02 17:28:23,866 - INFO - (-171.606 88.156 1.002)
2025-10-02 17:28:23,876 - INFO - (-171.711 88.068 0.976)
2025-10-02 17:28:23,886 - INFO - (-171.817 87.98 2.164)
2025-10-02 17:28:23,896 - INFO - (-171.921 87.89 -0.905)
2025-10-02 17:28:23,906 - INFO - (-172.025 87.8 -0.684)
2025-10-02 17:28:23,916 - INFO - (-172.128 87.709 3.542)
2025-10-02 17:28:23,926 - INFO - (-172.231 87.616 4.697)
2025-10-02 17:28:23,936 - INFO - (-172.324 87.533 2.431)
2025-10-02 17:28:23,946 - INFO - (-172.426 87.439 3.196)
2025-10-02 17:28:23,956 - INFO - (-172.529 87.344 5.382)
2025-10-02 17:28:23,966 - INFO - (-172.63 87.249 -4.244)
2025-10-02 17:28:23,976 - INFO - (-172.731 87.153 1.938)
2025-10-02 17:28:23,986 - INFO - (-172.843 87.047 6.288)
2025-10-02 17:28:23,996 - INFO - (-172.934 86.959 3.403)
2025-10-02 17:28:24,006 - INFO - (-173.034 86.862 0.542)
2025-10-02 17:28:24,016 - INFO - (-173.135 86.763 6.901)
2025-10-02 17:28:24,026 - INFO - (-173.246 86.654 8.793)
2025-10-02 17:28:24,036 - INFO - (-173.336 86.563 5.872)
2025-10-02 17:28:24,046 - INFO - (-173.437 86.462 6.359)
2025-10-02 17:28:24,056 - INFO - (-173.548 86.35 8.925)
2025-10-02 17:28:24,066 - INFO - (-173.649 86.247 2.408)
2025-10-02 17:28:24,076 - INFO - (-173.75 86.144 -3.128)
2025-10-02 17:28:24,086 - INFO - (-173.85 86.04 4.957)
2025-10-02 17:28:24,096 - INFO - (-173.951 85.936 10.311)
2025-10-02 17:28:24,106 - INFO - (-174.051 85.83 3.989)
2025-10-02 17:28:24,116 - INFO - (-174.152 85.724 5.56)
2025-10-02 17:28:24,126 - INFO - (-174.253 85.618 6.753)
2025-10-02 17:28:24,136 - INFO - (-174.344 85.521 6.341)
2025-10-02 17:28:24,146 - INFO - (-174.455 85.402 7.737)
2025-10-02 17:28:24,156 - INFO - (-174.557 85.293 6.708)
2025-10-02 17:28:24,166 - INFO - (-174.659 85.184 4.599)
2025-10-02 17:28:24,176 - INFO - (-174.761 85.075 -3.124)
2025-10-02 17:28:24,186 - INFO - (-174.864 84.966 3.953)
2025-10-02 17:28:24,196 - INFO - (-174.966 84.856 3.179)
2025-10-02 17:28:24,206 - INFO - (-175.068 84.746 3.432)
2025-10-02 17:28:24,216 - INFO - (-175.171 84.636 1.323)
2025-10-02 17:28:24,226 - INFO - (-175.274 84.526 3.34)
2025-10-02 17:28:24,236 - INFO - (-175.378 84.416 2.932)
2025-10-02 17:28:24,246 - INFO - (-175.482 84.306 1.97)
2025-10-02 17:28:24,256 - INFO - (-175.585 84.196 1.304)
2025-10-02 17:28:24,267 - INFO - (-175.689 84.086 1.762)
2025-10-02 17:28:24,276 - INFO - (-175.793 83.975 -0.812)
2025-10-02 17:28:24,286 - INFO - (-175.897 83.865 0.34)
2025-10-02 17:28:24,296 - INFO - (-176.001 83.755 0.462)
2025-10-02 17:28:24,306 - INFO - (-176.105 83.644 -0.319)
2025-10-02 17:28:24,316 - INFO - (-176.209 83.534 -3.032)
2025-10-02 17:28:24,326 - INFO - (-176.313 83.424 3.354)
2025-10-02 17:28:24,336 - INFO - (-176.407 83.324 1.074)
2025-10-02 17:28:24,346 - INFO - (-176.511 83.214 0.573)
2025-10-02 17:28:24,356 - INFO - (-176.615 83.103 0.234)
2025-10-02 17:28:24,366 - INFO - (-176.72 82.993 1.088)
2025-10-02 17:28:24,376 - INFO - (-176.834 82.871 0.029)
2025-10-02 17:28:24,386 - INFO - (-176.939 82.761 -1.385)
2025-10-02 17:28:24,396 - INFO - (-177.032 82.662 -1.158)
2025-10-02 17:28:24,406 - INFO - (-177.137 82.551 0.883)
2025-10-02 17:28:24,417 - INFO - (-177.241 82.441 -1.418)
2025-10-02 17:28:24,426 - INFO - (-177.356 82.32 1.992)
2025-10-02 17:28:24,436 - INFO - (-177.46 82.209 0.136)
2025-10-02 17:28:24,446 - INFO - (-177.564 82.099 -0.092)
2025-10-02 17:28:24,456 - INFO - (-177.668 81.988 -0.298)
2025-10-02 17:28:24,466 - INFO - (-177.773 81.878 0.526)
2025-10-02 17:28:24,476 - INFO - (-177.877 81.768 -3.814)
2025-10-02 17:28:24,486 - INFO - (-177.981 81.658 1.492)
2025-10-02 17:28:24,496 - INFO - (-178.086 81.547 2.306)
2025-10-02 17:28:24,506 - INFO - (-178.19 81.437 -1.48)
2025-10-02 17:28:24,516 - INFO - (-178.294 81.327 0.027)
2025-10-02 17:28:24,526 - INFO - (-178.398 81.216 0.829)
2025-10-02 17:28:24,536 - INFO - (-178.503 81.106 0.12)
2025-10-02 17:28:24,547 - INFO - (-178.607 80.996 -0.103)
2025-10-02 17:28:24,556 - INFO - (-178.701 80.896 -0.245)
2025-10-02 17:28:24,566 - INFO - (-178.806 80.786 -0.264)
2025-10-02 17:28:24,576 - INFO - (-178.91 80.676 -1.774)
2025-10-02 17:28:24,586 - INFO - (-179.014 80.566 1.01)
2025-10-02 17:28:24,596 - INFO - (-179.118 80.455 -3.766)
2025-10-02 17:28:24,606 - INFO - (-179.221 80.345 -8.683)
2025-10-02 17:28:24,616 - INFO - (-179.324 80.236 1.147)
2025-10-02 17:28:24,626 - INFO - (-179.427 80.125 -0.162)
2025-10-02 17:28:24,637 - INFO - (-179.528 80.014 -3.006)
2025-10-02 17:28:24,646 - INFO - (-179.629 79.903 -3.513)
2025-10-02 17:28:24,656 - INFO - (-179.729 79.791 -1.069)
2025-10-02 17:28:24,666 - INFO - (-179.828 79.68 -9.156)
2025-10-02 17:28:24,676 - INFO - (-179.927 79.569 -7.58)
2025-10-02 17:28:24,686 - INFO - (-180.024 79.457 2.439)
2025-10-02 17:28:24,696 - INFO - (-180.121 79.345 -1.664)
2025-10-02 17:28:24,706 - INFO - (-180.218 79.233 -2.86)
2025-10-02 17:28:24,716 - INFO - (-180.314 79.12 -0.486)
2025-10-02 17:28:24,726 - INFO - (-180.408 79.006 -1.466)
2025-10-02 17:28:24,736 - INFO - (-180.502 78.892 -1.78)
2025-10-02 17:28:24,746 - INFO - (-180.595 78.778 -2.055)
2025-10-02 17:28:24,756 - INFO - (-180.687 78.663 -0.173)
2025-10-02 17:28:24,766 - INFO - (-180.778 78.547 -5.581)
2025-10-02 17:28:24,776 - INFO - (-180.869 78.433 -7.888)
2025-10-02 17:28:24,786 - INFO - (-180.959 78.318 2.063)
2025-10-02 17:28:24,796 - INFO - (-181.049 78.202 1.867)
2025-10-02 17:28:24,806 - INFO - (-181.138 78.086 -0.762)
2025-10-02 17:28:24,816 - INFO - (-181.225 77.969 -0.598)
2025-10-02 17:28:24,826 - INFO - (-181.311 77.851 -0.483)
2025-10-02 17:28:24,836 - INFO - (-181.397 77.732 -0.843)
2025-10-02 17:28:24,846 - INFO - (-181.482 77.613 -0.957)
2025-10-02 17:28:24,856 - INFO - (-181.566 77.494 2.322)
2025-10-02 17:28:24,866 - INFO - (-181.65 77.374 -3.606)
2025-10-02 17:28:24,876 - INFO - (-181.733 77.255 -7.104)
2025-10-02 17:28:24,886 - INFO - (-181.815 77.135 4.26)
2025-10-02 17:28:24,896 - INFO - (-181.897 77.015 0.544)
2025-10-02 17:28:24,906 - INFO - (-181.979 76.894 1.74)
2025-10-02 17:28:24,917 - INFO - (-182.06 76.773 -1.651)
2025-10-02 17:28:24,927 - INFO - (-182.14 76.651 -0.496)
2025-10-02 17:28:24,937 - INFO - (-182.218 76.529 0.263)
2025-10-02 17:28:24,947 - INFO - (-182.296 76.406 0.155)
2025-10-02 17:28:24,957 - INFO - (-182.374 76.282 2.311)
2025-10-02 17:28:24,966 - INFO - (-182.451 76.158 -1.426)
2025-10-02 17:28:24,976 - INFO - (-182.528 76.035 -2.962)
2025-10-02 17:28:24,986 - INFO - (-182.605 75.911 2.827)
2025-10-02 17:28:24,996 - INFO - (-182.682 75.787 2.636)
2025-10-02 17:28:25,006 - INFO - (-182.758 75.663 1.573)
2025-10-02 17:28:25,016 - INFO - (-182.835 75.538 1.994)
2025-10-02 17:28:25,026 - INFO - (-182.904 75.426 1.314)
2025-10-02 17:28:25,036 - INFO - (-182.98 75.301 1.625)
2025-10-02 17:28:25,046 - INFO - (-183.056 75.176 1.228)
2025-10-02 17:28:25,056 - INFO - (-183.125 75.063 0.713)
2025-10-02 17:28:25,066 - INFO - (-183.201 74.937 1.694)
2025-10-02 17:28:25,076 - INFO - (-183.277 74.811 -2.849)
2025-10-02 17:28:25,086 - INFO - (-183.361 74.673 1.626)
2025-10-02 17:28:25,096 - INFO - (-183.429 74.56 -1.192)
2025-10-02 17:28:25,106 - INFO - (-183.504 74.434 1.339)
2025-10-02 17:28:25,116 - INFO - (-183.58 74.308 3.564)
2025-10-02 17:28:25,126 - INFO - (-183.664 74.169 1.972)
2025-10-02 17:28:25,136 - INFO - (-183.739 74.042 1.445)
2025-10-02 17:28:25,146 - INFO - (-183.815 73.915 1.085)
2025-10-02 17:28:25,156 - INFO - (-183.891 73.788 0.667)
2025-10-02 17:28:25,166 - INFO - (-183.966 73.661 0.407)
2025-10-02 17:28:25,176 - INFO - (-184.042 73.534 -2.037)
2025-10-02 17:28:25,186 - INFO - (-184.117 73.407 3.46)
2025-10-02 17:28:25,196 - INFO - (-184.193 73.28 -0.943)
2025-10-02 17:28:25,206 - INFO - (-184.268 73.153 -2.043)
2025-10-02 17:28:25,216 - INFO - (-184.343 73.026 2.878)
2025-10-02 17:28:25,226 - INFO - (-184.411 72.911 1.799)
2025-10-02 17:28:25,236 - INFO - (-184.494 72.771 0.276)
2025-10-02 17:28:25,246 - INFO - (-184.57 72.643 0.572)
2025-10-02 17:28:25,256 - INFO - (-184.645 72.515 0.273)
2025-10-02 17:28:25,266 - INFO - (-184.72 72.388 0.158)
2025-10-02 17:28:25,276 - INFO - (-184.796 72.26 -1.362)
2025-10-02 17:28:25,286 - INFO - (-184.878 72.119 4.588)
2025-10-02 17:28:25,296 - INFO - (-184.946 72.004 -2.134)
2025-10-02 17:28:25,306 - INFO - (-185.021 71.877 -4.516)
2025-10-02 17:28:25,316 - INFO - (-185.096 71.749 1.852)
2025-10-02 17:28:25,326 - INFO - (-185.172 71.621 2.083)
2025-10-02 17:28:25,336 - INFO - (-185.247 71.493 1.011)
2025-10-02 17:28:25,346 - INFO - (-185.322 71.365 0.632)
2025-10-02 17:28:25,356 - INFO - (-185.397 71.237 0.326)
2025-10-02 17:28:25,366 - INFO - (-185.472 71.109 0.781)
2025-10-02 17:28:25,376 - INFO - (-185.548 70.981 -2.448)
2025-10-02 17:28:25,386 - INFO - (-185.623 70.853 1.703)
2025-10-02 17:28:25,396 - INFO - (-185.698 70.725 0.429)
2025-10-02 17:28:25,406 - INFO - (-185.773 70.597 -3.011)
2025-10-02 17:28:25,417 - INFO - (-185.848 70.469 1.547)
2025-10-02 17:28:25,426 - INFO - (-185.923 70.341 1.407)
2025-10-02 17:28:25,436 - INFO - (-185.998 70.213 0.769)
2025-10-02 17:28:25,446 - INFO - (-186.073 70.084 0.31)
2025-10-02 17:28:25,456 - INFO - (-186.148 69.956 0.071)
2025-10-02 17:28:25,466 - INFO - (-186.224 69.828 1.513)
2025-10-02 17:28:25,476 - INFO - (-186.299 69.7 -6.372)
2025-10-02 17:28:25,486 - INFO - (-186.373 69.572 -1.181)
2025-10-02 17:28:25,496 - INFO - (-186.447 69.443 1.806)
2025-10-02 17:28:25,506 - INFO - (-186.52 69.314 -3.015)
2025-10-02 17:28:25,516 - INFO - (-186.593 69.185 1.519)
2025-10-02 17:28:25,526 - INFO - (-186.665 69.056 0.32)
2025-10-02 17:28:25,536 - INFO - (-186.736 68.926 -0.266)
2025-10-02 17:28:25,546 - INFO - (-186.806 68.795 -0.584)
2025-10-02 17:28:25,556 - INFO - (-186.875 68.665 0.356)
2025-10-02 17:28:25,566 - INFO - (-186.943 68.533 -5.944)
2025-10-02 17:28:25,577 - INFO - (-187.01 68.403 -7.05)
2025-10-02 17:28:25,586 - INFO - (-187.077 68.272 1.673)
2025-10-02 17:28:25,596 - INFO - (-187.143 68.141 0.847)
2025-10-02 17:28:25,606 - INFO - (-187.203 68.022 0.02)
2025-10-02 17:28:25,616 - INFO - (-187.274 67.877 0.37)
2025-10-02 17:28:25,626 - INFO - (-187.331 67.758 0.369)
2025-10-02 17:28:25,636 - INFO - (-187.394 67.625 0.188)
2025-10-02 17:28:25,646 - INFO - (-187.455 67.491 -0.032)
2025-10-02 17:28:25,656 - INFO - (-187.516 67.357 2.36)
2025-10-02 17:28:25,666 - INFO - (-187.576 67.223 -6.059)
2025-10-02 17:28:25,676 - INFO - (-187.635 67.089 -6.471)
2025-10-02 17:28:25,686 - INFO - (-187.699 66.941 3.594)
2025-10-02 17:28:25,696 - INFO - (-187.752 66.82 0.204)
2025-10-02 17:28:25,706 - INFO - (-187.809 66.686 0.106)
2025-10-02 17:28:25,716 - INFO - (-187.865 66.55 1.761)
2025-10-02 17:28:25,726 - INFO - (-187.92 66.414 0.795)
2025-10-02 17:28:25,736 - INFO - (-187.974 66.278 0.336)
2025-10-02 17:28:25,746 - INFO - (-188.027 66.141 0.081)
2025-10-02 17:28:25,756 - INFO - (-188.08 66.004 3.157)
2025-10-02 17:28:25,767 - INFO - (-188.137 65.852 -3.515)
2025-10-02 17:28:25,776 - INFO - (-188.187 65.715 -3.687)
2025-10-02 17:28:25,787 - INFO - (-188.238 65.577 3.401)
2025-10-02 17:28:25,797 - INFO - (-188.287 65.439 1.017)
2025-10-02 17:28:25,807 - INFO - (-188.33 65.315 -1.981)
2025-10-02 17:28:25,817 - INFO - (-188.382 65.162 3.32)
2025-10-02 17:28:25,826 - INFO - (-188.424 65.036 1.396)
2025-10-02 17:28:25,836 - INFO - (-188.47 64.896 0.953)
2025-10-02 17:28:25,846 - INFO - (-188.515 64.756 0.649)
2025-10-02 17:28:25,856 - INFO - (-188.559 64.615 2.966)
2025-10-02 17:28:25,866 - INFO - (-188.602 64.475 -0.94)
2025-10-02 17:28:25,876 - INFO - (-188.644 64.333 -1.108)
2025-10-02 17:28:25,886 - INFO - (-188.686 64.192 4.393)
2025-10-02 17:28:25,896 - INFO - (-188.727 64.05 -0.513)
2025-10-02 17:28:25,906 - INFO - (-188.768 63.908 -1.729)
2025-10-02 17:28:25,916 - INFO - (-188.807 63.766 3.746)
2025-10-02 17:28:25,926 - INFO - (-188.842 63.637 1.786)
2025-10-02 17:28:25,936 - INFO - (-188.879 63.494 1.108)
2025-10-02 17:28:25,946 - INFO - (-188.919 63.336 0.945)
2025-10-02 17:28:25,956 - INFO - (-188.955 63.191 3.733)
2025-10-02 17:28:25,966 - INFO - (-188.987 63.061 -0.499)
2025-10-02 17:28:25,976 - INFO - (-189.021 62.917 -3.423)
2025-10-02 17:28:25,986 - INFO - (-189.058 62.758 5.483)
2025-10-02 17:28:25,996 - INFO - (-189.091 62.613 2.0)
2025-10-02 17:28:26,006 - INFO - (-189.123 62.467 1.426)
2025-10-02 17:28:26,016 - INFO - (-189.155 62.321 1.458)
2025-10-02 17:28:26,026 - INFO - (-189.185 62.175 2.715)
2025-10-02 17:28:26,036 - INFO - (-189.215 62.028 2.687)
2025-10-02 17:28:26,046 - INFO - (-189.245 61.881 2.427)
2025-10-02 17:28:26,056 - INFO - (-189.274 61.733 3.317)
2025-10-02 17:28:26,066 - INFO - (-189.302 61.586 -5.015)
2025-10-02 17:28:26,076 - INFO - (-189.331 61.438 5.158)
2025-10-02 17:28:26,086 - INFO - (-189.359 61.29 2.128)
2025-10-02 17:28:26,096 - INFO - (-189.388 61.142 1.043)
2025-10-02 17:28:26,106 - INFO - (-189.416 60.994 -0.612)
2025-10-02 17:28:26,116 - INFO - (-189.445 60.846 2.578)
2025-10-02 17:28:26,126 - INFO - (-189.474 60.698 3.091)
2025-10-02 17:28:26,136 - INFO - (-189.503 60.549 1.975)
2025-10-02 17:28:26,146 - INFO - (-189.532 60.401 1.798)
2025-10-02 17:28:26,156 - INFO - (-189.561 60.252 0.915)
2025-10-02 17:28:26,166 - INFO - (-189.59 60.103 0.197)
2025-10-02 17:28:26,176 - INFO - (-189.62 59.954 2.481)
2025-10-02 17:28:26,186 - INFO - (-189.649 59.804 -1.855)
2025-10-02 17:28:26,196 - INFO - (-189.678 59.656 -1.607)
2025-10-02 17:28:26,206 - INFO - (-189.707 59.507 1.235)
2025-10-02 17:28:26,216 - INFO - (-189.737 59.358 2.76)
2025-10-02 17:28:26,226 - INFO - (-189.766 59.208 0.519)
2025-10-02 17:28:26,236 - INFO - (-189.796 59.059 -0.339)
2025-10-02 17:28:26,246 - INFO - (-189.825 58.91 2.097)
2025-10-02 17:28:26,256 - INFO - (-189.855 58.761 -1.808)
2025-10-02 17:28:26,266 - INFO - (-189.884 58.611 0.023)
2025-10-02 17:28:26,276 - INFO - (-189.913 58.462 0.011)
2025-10-02 17:28:26,286 - INFO - (-189.943 58.313 -0.268)
2025-10-02 17:28:26,296 - INFO - (-189.972 58.164 -1.374)
2025-10-02 17:28:26,306 - INFO - (-190.002 58.015 2.29)
2025-10-02 17:28:26,316 - INFO - (-190.031 57.865 0.302)
2025-10-02 17:28:26,326 - INFO - (-190.061 57.716 0.066)
2025-10-02 17:28:26,336 - INFO - (-190.09 57.567 -0.158)
2025-10-02 17:28:26,346 - INFO - (-190.12 57.417 0.365)
2025-10-02 17:28:26,356 - INFO - (-190.15 57.268 0.536)
2025-10-02 17:28:26,366 - INFO - (-190.179 57.119 -2.181)
2025-10-02 17:28:26,377 - INFO - (-190.209 56.97 -0.16)
2025-10-02 17:28:26,386 - INFO - (-190.238 56.82 -0.083)
2025-10-02 17:28:26,396 - INFO - (-190.268 56.671 1.317)
2025-10-02 17:28:26,406 - INFO - (-190.298 56.522 0.109)
2025-10-02 17:28:26,416 - INFO - (-190.327 56.372 -0.148)
2025-10-02 17:28:26,426 - INFO - (-190.357 56.223 -0.318)
2025-10-02 17:28:26,436 - INFO - (-190.387 56.074 -0.458)
2025-10-02 17:28:26,446 - INFO - (-190.416 55.925 2.208)
2025-10-02 17:28:26,456 - INFO - (-190.446 55.775 -2.453)
2025-10-02 17:28:26,466 - INFO - (-190.476 55.626 -3.905)
2025-10-02 17:28:26,476 - INFO - (-190.505 55.478 2.084)
2025-10-02 17:28:26,486 - INFO - (-190.535 55.328 1.644)
2025-10-02 17:28:26,496 - INFO - (-190.565 55.179 0.341)
2025-10-02 17:28:26,506 - INFO - (-190.594 55.03 0.043)
2025-10-02 17:28:26,517 - INFO - (-190.624 54.881 -0.161)
2025-10-02 17:28:26,526 - INFO - (-190.654 54.732 -0.324)
2025-10-02 17:28:26,536 - INFO - (-190.68 54.598 2.275)
2025-10-02 17:28:26,546 - INFO - (-190.71 54.448 -0.618)
2025-10-02 17:28:26,556 - INFO - (-190.74 54.299 -5.318)
2025-10-02 17:28:26,566 - INFO - (-190.77 54.151 -3.105)
2025-10-02 17:28:26,576 - INFO - (-190.802 53.987 -0.074)
2025-10-02 17:28:26,586 - INFO - (-190.83 53.838 7.236)
2025-10-02 17:28:26,596 - INFO - (-190.857 53.688 4.214)
2025-10-02 17:28:26,606 - INFO - (-190.884 53.538 4.317)
2025-10-02 17:28:26,616 - INFO - (-190.91 53.387 3.204)
2025-10-02 17:28:26,626 - INFO - (-190.933 53.251 1.41)
2025-10-02 17:28:26,636 - INFO - (-190.957 53.099 1.547)
2025-10-02 17:28:26,646 - INFO - (-190.98 52.947 -2.485)
2025-10-02 17:28:26,656 - INFO - (-191.004 52.796 -3.881)
2025-10-02 17:28:26,666 - INFO - (-191.026 52.645 3.164)
2025-10-02 17:28:26,676 - INFO - (-191.048 52.493 -0.299)
2025-10-02 17:28:26,686 - INFO - (-191.069 52.341 1.88)
2025-10-02 17:28:26,696 - INFO - (-191.089 52.189 1.608)
2025-10-02 17:28:26,706 - INFO - (-191.108 52.037 1.403)
2025-10-02 17:28:26,717 - INFO - (-191.126 51.884 0.804)
2025-10-02 17:28:26,727 - INFO - (-191.143 51.731 1.646)
2025-10-02 17:28:26,737 - INFO - (-191.157 51.593 0.17)
2025-10-02 17:28:26,747 - INFO - (-191.174 51.425 -3.174)
2025-10-02 17:28:26,757 - INFO - (-191.189 51.272 6.122)
2025-10-02 17:28:26,766 - INFO - (-191.204 51.118 -1.311)
2025-10-02 17:28:26,776 - INFO - (-191.218 50.965 -2.049)
2025-10-02 17:28:26,786 - INFO - (-191.231 50.811 4.359)
2025-10-02 17:28:26,796 - INFO - (-191.241 50.688 2.822)
2025-10-02 17:28:26,807 - INFO - (-191.252 50.534 3.218)
2025-10-02 17:28:26,816 - INFO - (-191.262 50.394 3.011)
2025-10-02 17:28:26,826 - INFO - (-191.271 50.239 3.462)
2025-10-02 17:28:26,836 - INFO - (-191.28 50.084 1.129)
2025-10-02 17:28:26,846 - INFO - (-191.289 49.913 0.171)
2025-10-02 17:28:26,856 - INFO - (-191.296 49.757 4.696)
2025-10-02 17:28:26,866 - INFO - (-191.303 49.601 -0.153)
2025-10-02 17:28:26,876 - INFO - (-191.309 49.445 3.92)
2025-10-02 17:28:26,886 - INFO - (-191.314 49.288 3.558)
2025-10-02 17:28:26,896 - INFO - (-191.318 49.131 2.883)
2025-10-02 17:28:26,906 - INFO - (-191.321 48.958 3.452)
2025-10-02 17:28:26,916 - INFO - (-191.323 48.8 3.381)
2025-10-02 17:28:26,926 - INFO - (-191.324 48.642 2.798)
2025-10-02 17:28:26,936 - INFO - (-191.324 48.484 1.453)
2025-10-02 17:28:26,946 - INFO - (-191.324 48.325 5.859)
2025-10-02 17:28:26,956 - INFO - (-191.322 48.166 4.558)
2025-10-02 17:28:26,966 - INFO - (-191.321 48.007 -2.859)
2025-10-02 17:28:26,976 - INFO - (-191.318 47.832 5.494)
2025-10-02 17:28:26,986 - INFO - (-191.315 47.672 6.797)
2025-10-02 17:28:26,996 - INFO - (-191.312 47.511 6.63)
2025-10-02 17:28:27,006 - INFO - (-191.309 47.35 4.953)
2025-10-02 17:28:27,016 - INFO - (-191.306 47.188 2.882)
2025-10-02 17:28:27,026 - INFO - (-191.302 47.026 -1.943)
2025-10-02 17:28:27,036 - INFO - (-191.297 46.865 2.357)
2025-10-02 17:28:27,046 - INFO - (-191.291 46.703 -0.156)
2025-10-02 17:28:27,056 - INFO - (-191.285 46.558 -0.207)
2025-10-02 17:28:27,066 - INFO - (-191.277 46.38 -0.353)
2025-10-02 17:28:27,076 - INFO - (-191.27 46.218 -2.11)
2025-10-02 17:28:27,086 - INFO - (-191.264 46.057 -2.803)
2025-10-02 17:28:27,096 - INFO - (-191.257 45.896 -2.406)
2025-10-02 17:28:27,106 - INFO - (-191.252 45.735 -2.23)
2025-10-02 17:28:27,116 - INFO - (-191.246 45.575 -2.418)
2025-10-02 17:28:27,126 - INFO - (-191.241 45.414 -2.105)
2025-10-02 17:28:27,136 - INFO - (-191.236 45.254 -1.864)
2025-10-02 17:28:27,146 - INFO - (-191.231 45.094 -1.139)
2025-10-02 17:28:27,156 - INFO - (-191.227 44.934 -0.843)
2025-10-02 17:28:27,166 - INFO - (-191.222 44.775 -0.935)
2025-10-02 17:28:27,176 - INFO - (-191.218 44.615 -0.488)
2025-10-02 17:28:27,186 - INFO - (-191.214 44.455 0.002)
2025-10-02 17:28:27,196 - INFO - (-191.21 44.295 -0.146)
2025-10-02 17:28:27,206 - INFO - (-191.206 44.135 -0.268)
2025-10-02 17:28:27,216 - INFO - (-191.203 43.976 1.058)
2025-10-02 17:28:27,226 - INFO - (-191.199 43.816 0.61)
2025-10-02 17:28:27,236 - INFO - (-191.195 43.656 0.344)
2025-10-02 17:28:27,246 - INFO - (-191.192 43.496 0.721)
2025-10-02 17:28:27,256 - INFO - (-191.188 43.336 0.764)
2025-10-02 17:28:27,266 - INFO - (-191.185 43.192 0.447)
2025-10-02 17:28:27,276 - INFO - (-191.181 43.015 2.134)
2025-10-02 17:28:27,286 - INFO - (-191.178 42.855 -1.404)
2025-10-02 17:28:27,296 - INFO - (-191.175 42.695 0.874)
2025-10-02 17:28:27,306 - INFO - (-191.172 42.535 1.791)
2025-10-02 17:28:27,316 - INFO - (-191.169 42.374 1.831)
2025-10-02 17:28:27,326 - INFO - (-191.166 42.213 1.423)
2025-10-02 17:28:27,336 - INFO - (-191.162 42.052 0.984)
2025-10-02 17:28:27,346 - INFO - (-191.159 41.892 0.786)
2025-10-02 17:28:27,356 - INFO - (-191.156 41.731 0.914)
2025-10-02 17:28:27,366 - INFO - (-191.154 41.586 0.565)
2025-10-02 17:28:27,376 - INFO - (-191.15 41.424 0.4)
2025-10-02 17:28:27,386 - INFO - (-191.147 41.247 -1.294)
2025-10-02 17:28:27,397 - INFO - (-191.144 41.086 2.223)
2025-10-02 17:28:27,407 - INFO - (-191.141 40.925 1.253)
2025-10-02 17:28:27,417 - INFO - (-191.138 40.763 1.053)
2025-10-02 17:28:27,427 - INFO - (-191.135 40.602 0.851)
2025-10-02 17:28:27,436 - INFO - (-191.132 40.44 0.526)
2025-10-02 17:28:27,446 - INFO - (-191.129 40.279 0.332)
2025-10-02 17:28:27,456 - INFO - (-191.126 40.117 0.363)
2025-10-02 17:28:27,466 - INFO - (-191.123 39.971 0.224)
2025-10-02 17:28:27,476 - INFO - (-191.12 39.81 -0.017)
2025-10-02 17:28:27,487 - INFO - (-191.117 39.648 -0.241)
2025-10-02 17:28:27,497 - INFO - (-191.114 39.486 0.032)
2025-10-02 17:28:27,507 - INFO - (-191.111 39.325 0.034)
2025-10-02 17:28:27,517 - INFO - (-191.108 39.163 0.045)
2025-10-02 17:28:27,527 - INFO - (-191.105 39.001 0.073)
2025-10-02 17:28:27,536 - INFO - (-191.103 38.856 0.052)
2025-10-02 17:28:27,546 - INFO - (-191.1 38.694 0.046)
2025-10-02 17:28:27,556 - INFO - (-191.097 38.532 0.09)
2025-10-02 17:28:27,566 - INFO - (-191.094 38.37 0.081)
2025-10-02 17:28:27,576 - INFO - (-191.091 38.209 0.064)
2025-10-02 17:28:27,586 - INFO - (-191.088 38.047 2.612)
2025-10-02 17:28:27,596 - INFO - (-191.085 37.869 -2.05)
2025-10-02 17:28:27,606 - INFO - (-191.082 37.707 -0.23)
2025-10-02 17:28:27,616 - INFO - (-191.079 37.545 1.265)
2025-10-02 17:28:27,626 - INFO - (-191.077 37.399 0.873)
2025-10-02 17:28:27,636 - INFO - (-191.074 37.221 0.678)
2025-10-02 17:28:27,646 - INFO - (-191.071 37.059 0.336)
2025-10-02 17:28:27,656 - INFO - (-191.068 36.897 0.149)
2025-10-02 17:28:27,666 - INFO - (-191.065 36.735 -0.011)
2025-10-02 17:28:27,676 - INFO - (-191.062 36.573 -0.145)
2025-10-02 17:28:27,686 - INFO - (-191.059 36.411 -1.796)
2025-10-02 17:28:27,696 - INFO - (-191.057 36.249 -0.582)
2025-10-02 17:28:27,706 - INFO - (-191.054 36.087 2.01)
2025-10-02 17:28:27,716 - INFO - (-191.051 35.925 1.12)
2025-10-02 17:28:27,726 - INFO - (-191.048 35.763 0.537)
2025-10-02 17:28:27,736 - INFO - (-191.045 35.601 0.297)
2025-10-02 17:28:27,746 - INFO - (-191.042 35.438 0.095)
2025-10-02 17:28:27,757 - INFO - (-191.039 35.276 -0.035)
2025-10-02 17:28:27,766 - INFO - (-191.037 35.114 -0.145)
2025-10-02 17:28:27,777 - INFO - (-191.034 34.951 -0.146)
2025-10-02 17:28:27,786 - INFO - (-191.031 34.789 -0.304)
2025-10-02 17:28:27,796 - INFO - (-191.028 34.627 -0.333)
2025-10-02 17:28:27,806 - INFO - (-191.026 34.465 -0.493)
2025-10-02 17:28:27,816 - INFO - (-191.023 34.303 -0.4)
2025-10-02 17:28:27,826 - INFO - (-191.02 34.141 -0.224)
2025-10-02 17:28:27,836 - INFO - (-191.018 33.979 -0.121)
2025-10-02 17:28:27,846 - INFO - (-191.016 33.817 -0.163)
2025-10-02 17:28:27,856 - INFO - (-191.015 33.655 -0.109)
2025-10-02 17:28:27,866 - INFO - (-191.013 33.509 -0.032)
2025-10-02 17:28:27,876 - INFO - (-191.012 33.347 -0.026)
2025-10-02 17:28:27,886 - INFO - (-191.011 33.185 -0.021)
2025-10-02 17:28:27,896 - INFO - (-191.01 33.023 1.032)
2025-10-02 17:28:27,906 - INFO - (-191.009 32.861 1.016)
2025-10-02 17:28:27,916 - INFO - (-191.008 32.698 0.798)
2025-10-02 17:28:27,926 - INFO - (-191.007 32.536 1.088)
2025-10-02 17:28:27,936 - INFO - (-191.006 32.373 1.433)
2025-10-02 17:28:27,946 - INFO - (-191.005 32.211 1.123)
2025-10-02 17:28:27,956 - INFO - (-191.005 32.048 0.881)
2025-10-02 17:28:27,966 - INFO - (-191.004 31.885 1.576)
2025-10-02 17:28:27,976 - INFO - (-191.004 31.722 1.222)
2025-10-02 17:28:27,986 - INFO - (-191.003 31.559 0.959)
2025-10-02 17:28:27,996 - INFO - (-191.003 31.396 1.462)
2025-10-02 17:28:28,006 - INFO - (-191.002 31.233 1.537)
2025-10-02 17:28:28,016 - INFO - (-191.002 31.069 1.206)
2025-10-02 17:28:28,026 - INFO - (-191.001 30.905 1.119)
2025-10-02 17:28:28,036 - INFO - (-191.001 30.742 1.461)
2025-10-02 17:28:28,046 - INFO - (-191.001 30.578 1.141)
2025-10-02 17:28:28,056 - INFO - (-191.0 30.414 0.895)
2025-10-02 17:28:28,066 - INFO - (-191.0 30.25 1.236)
2025-10-02 17:28:28,076 - INFO - (-191.0 30.086 1.074)
2025-10-02 17:28:28,086 - INFO - (-190.999 29.905 0.917)
2025-10-02 17:28:28,096 - INFO - (-190.999 29.757 0.934)
2025-10-02 17:28:28,106 - INFO - (-190.999 29.592 1.224)
2025-10-02 17:28:28,116 - INFO - (-190.999 29.428 0.959)
2025-10-02 17:28:28,126 - INFO - (-190.999 29.263 0.752)
2025-10-02 17:28:28,136 - INFO - (-190.999 29.098 1.136)
2025-10-02 17:28:28,146 - INFO - (-190.998 28.933 0.882)
2025-10-02 17:28:28,156 - INFO - (-190.998 28.768 0.692)
2025-10-02 17:28:28,166 - INFO - (-190.998 28.603 0.839)
2025-10-02 17:28:28,176 - INFO - (-190.998 28.438 0.82)
2025-10-02 17:28:28,186 - INFO - (-190.998 28.273 0.644)
2025-10-02 17:28:28,196 - INFO - (-190.998 28.108 0.634)
2025-10-02 17:28:28,207 - INFO - (-190.998 27.942 0.933)
2025-10-02 17:28:28,216 - INFO - (-190.998 27.76 0.792)
2025-10-02 17:28:28,226 - INFO - (-190.998 27.611 0.508)
2025-10-02 17:28:28,236 - INFO - (-190.998 27.446 0.776)
2025-10-02 17:28:28,246 - INFO - (-190.998 27.28 0.673)
2025-10-02 17:28:28,256 - INFO - (-190.998 27.115 0.528)
2025-10-02 17:28:28,267 - INFO - (-190.998 26.949 0.565)
2025-10-02 17:28:28,276 - INFO - (-190.998 26.783 0.632)
2025-10-02 17:28:28,286 - INFO - (-190.998 26.617 0.496)
2025-10-02 17:28:28,296 - INFO - (-190.997 26.451 0.389)
2025-10-02 17:28:28,306 - INFO - (-190.997 26.285 0.733)
2025-10-02 17:28:28,316 - INFO - (-190.997 26.119 0.568)
2025-10-02 17:28:28,326 - INFO - (-190.997 25.953 0.446)
2025-10-02 17:28:28,336 - INFO - (-190.997 25.787 0.543)
2025-10-02 17:28:28,346 - INFO - (-190.997 25.621 0.532)
2025-10-02 17:28:28,356 - INFO - (-190.997 25.455 0.418)
2025-10-02 17:28:28,366 - INFO - (-190.997 25.288 0.385)
2025-10-02 17:28:28,376 - INFO - (-190.997 25.122 0.494)
2025-10-02 17:28:28,386 - INFO - (-190.997 24.956 0.386)
2025-10-02 17:28:28,396 - INFO - (-190.997 24.789 0.303)
2025-10-02 17:28:28,406 - INFO - (-190.997 24.623 0.453)
2025-10-02 17:28:28,416 - INFO - (-190.997 24.456 0.398)
2025-10-02 17:28:28,426 - INFO - (-190.997 24.29 0.312)
2025-10-02 17:28:28,436 - INFO - (-190.997 24.123 0.361)
2025-10-02 17:28:28,446 - INFO - (-190.997 23.957 0.428)
2025-10-02 17:28:28,456 - INFO - (-190.997 23.79 0.336)
2025-10-02 17:28:28,466 - INFO - (-190.997 23.624 0.263)
2025-10-02 17:28:28,476 - INFO - (-190.997 23.457 0.482)
2025-10-02 17:28:28,486 - INFO - (-190.997 23.29 0.374)
2025-10-02 17:28:28,497 - INFO - (-190.997 23.123 0.294)
2025-10-02 17:28:28,506 - INFO - (-190.998 22.957 0.306)
2025-10-02 17:28:28,516 - INFO - (-190.998 22.79 0.281)
2025-10-02 17:28:28,526 - INFO - (-190.998 22.623 0.22)
2025-10-02 17:28:28,536 - INFO - (-190.998 22.456 0.112)
2025-10-02 17:28:28,546 - INFO - (-190.998 22.289 -0.117)
2025-10-02 17:28:28,556 - INFO - (-190.998 22.122 -0.09)
2025-10-02 17:28:28,566 - INFO - (-190.998 21.955 -0.071)
2025-10-02 17:28:28,576 - INFO - (-190.998 21.789 -0.181)
2025-10-02 17:28:28,586 - INFO - (-190.998 21.622 -0.167)
2025-10-02 17:28:28,596 - INFO - (-190.998 21.455 -0.131)
2025-10-02 17:28:28,606 - INFO - (-190.998 21.288 -0.169)
2025-10-02 17:28:28,616 - INFO - (-190.998 21.121 -0.215)
2025-10-02 17:28:28,626 - INFO - (-190.998 20.955 -0.168)
2025-10-02 17:28:28,636 - INFO - (-190.998 20.788 -0.132)
2025-10-02 17:28:28,646 - INFO - (-190.998 20.638 -0.171)
2025-10-02 17:28:28,656 - INFO - (-190.998 20.471 -0.149)
2025-10-02 17:28:28,666 - INFO - (-190.998 20.305 -0.117)
2025-10-02 17:28:28,676 - INFO - (-190.998 20.138 -0.127)
2025-10-02 17:28:28,686 - INFO - (-190.998 19.971 -0.13)
2025-10-02 17:28:28,696 - INFO - (-190.998 19.805 -0.102)
2025-10-02 17:28:28,706 - INFO - (-190.998 19.638 -0.088)
2025-10-02 17:28:28,716 - INFO - (-190.998 19.471 -0.133)
2025-10-02 17:28:28,726 - INFO - (-190.998 19.305 -0.103)
2025-10-02 17:28:28,736 - INFO - (-190.998 19.138 -0.081)
2025-10-02 17:28:28,746 - INFO - (-190.998 18.972 -0.099)
2025-10-02 17:28:28,756 - INFO - (-190.998 18.805 -0.09)
2025-10-02 17:28:28,766 - INFO - (-190.998 18.655 -0.064)
2025-10-02 17:28:28,776 - INFO - (-190.998 18.472 -0.075)
2025-10-02 17:28:28,786 - INFO - (-190.998 18.305 -0.079)
2025-10-02 17:28:28,796 - INFO - (-190.998 18.139 -0.062)
2025-10-02 17:28:28,806 - INFO - (-190.998 17.955 -0.053)
2025-10-02 17:28:28,816 - INFO - (-190.999 17.789 -0.083)
2025-10-02 17:28:28,826 - INFO - (-190.999 17.622 -0.064)
2025-10-02 17:28:28,836 - INFO - (-190.999 17.456 -0.05)
2025-10-02 17:28:28,846 - INFO - (-190.999 17.306 -0.059)
2025-10-02 17:28:28,856 - INFO - (-190.999 17.123 -0.057)
2025-10-02 17:28:28,866 - INFO - (-190.999 16.956 -0.045)
2025-10-02 17:28:28,876 - INFO - (-190.999 16.806 -0.035)
2025-10-02 17:28:28,886 - INFO - (-190.999 16.623 -0.058)
2025-10-02 17:28:28,896 - INFO - (-190.999 16.473 -0.037)
2025-10-02 17:28:28,907 - INFO - (-190.999 16.307 -0.033)
2025-10-02 17:28:28,916 - INFO - (-190.999 16.124 -0.054)
2025-10-02 17:28:28,926 - INFO - (-190.999 15.974 -0.041)
2025-10-02 17:28:28,936 - INFO - (-190.999 15.807 -0.036)
2025-10-02 17:28:28,946 - INFO - (-190.999 15.641 -0.035)
2025-10-02 17:28:28,956 - INFO - (-190.999 15.474 -0.041)
2025-10-02 17:28:28,966 - INFO - (-190.999 15.308 -0.032)
2025-10-02 17:28:28,976 - INFO - (-190.999 15.142 -0.025)
2025-10-02 17:28:28,987 - INFO - (-190.999 14.975 -0.036)
2025-10-02 17:28:28,996 - INFO - (-190.999 14.809 -0.03)
2025-10-02 17:28:29,006 - INFO - (-190.999 14.642 -0.023)
2025-10-02 17:28:29,016 - INFO - (-190.999 14.476 -1.07)
2025-10-02 17:28:29,026 - INFO - (-190.999 14.309 -1.82)
2025-10-02 17:28:29,036 - INFO - (-190.999 14.143 -1.557)
2025-10-02 17:28:29,046 - INFO - (-190.999 13.977 -2.116)
2025-10-02 17:28:29,056 - INFO - (-190.999 13.812 -8.87)
2025-10-02 17:28:29,066 - INFO - (-190.999 13.648 -8.834)
2025-10-02 17:28:29,076 - INFO - (-191.0 13.484 -8.822)
2025-10-02 17:28:29,086 - INFO - (-191.0 13.322 -8.823)
2025-10-02 17:28:29,096 - INFO - (-191.0 13.144 -9.706)
2025-10-02 17:28:29,106 - INFO - (-191.0 12.999 -7.941)
2025-10-02 17:28:29,116 - INFO - (-191.0 12.839 -8.777)
2025-10-02 17:28:29,126 - INFO - (-191.0 12.664 -9.462)
2025-10-02 17:28:29,136 - INFO - (-191.0 12.522 -7.69)
2025-10-02 17:28:29,146 - INFO - (-191.0 12.364 -8.256)
2025-10-02 17:28:29,156 - INFO - (-191.0 12.207 -7.112)
2025-10-02 17:28:29,166 - INFO - (-191.0 12.051 -5.583)
2025-10-02 17:28:29,176 - INFO - (-191.0 11.896 -4.374)
2025-10-02 17:28:29,186 - INFO - (-191.0 11.741 -3.424)
2025-10-02 17:28:29,196 - INFO - (-191.0 11.586 -2.68)
2025-10-02 17:28:29,206 - INFO - (-191.0 11.431 -2.099)
2025-10-02 17:28:29,216 - INFO - (-191.0 11.277 -1.644)
2025-10-02 17:28:29,226 - INFO - (-191.0 11.122 -1.285)
2025-10-02 17:28:29,236 - INFO - (-191.0 10.968 -1.007)
2025-10-02 17:28:29,246 - INFO - (-191.0 10.814 -0.789)
2025-10-02 17:28:29,256 - INFO - (-191.0 10.66 -0.615)
2025-10-02 17:28:29,266 - INFO - (-191.0 10.506 -0.481)
2025-10-02 17:28:29,276 - INFO - (-191.0 10.352 -0.377)
2025-10-02 17:28:29,286 - INFO - (-191.0 10.198 -0.294)
2025-10-02 17:28:29,296 - INFO - (-191.0 10.044 -0.229)
2025-10-02 17:28:29,307 - INFO - (-191.0 9.875 -0.195)
2025-10-02 17:28:29,316 - INFO - (-191.0 9.721 -0.137)
2025-10-02 17:28:29,326 - INFO - (-191.0 9.567 -0.106)
2025-10-02 17:28:29,336 - INFO - (-191.0 9.413 -0.083)
2025-10-02 17:28:29,346 - INFO - (-191.0 9.259 -0.065)
2025-10-02 17:28:29,356 - INFO - (-191.0 9.106 -0.051)
2025-10-02 17:28:29,366 - INFO - (-191.0 8.967 -0.036)
2025-10-02 17:28:29,376 - INFO - (-191.0 8.798 -0.035)
2025-10-02 17:28:29,386 - INFO - (-191.0 8.644 -0.024)
2025-10-02 17:28:29,396 - INFO - (-191.0 8.49 -0.019)
2025-10-02 17:28:29,406 - INFO - (-191.0 8.337 -0.015)
2025-10-02 17:28:29,416 - INFO - (-191.0 8.183 -0.012)
2025-10-02 17:28:29,426 - INFO - (-191.0 8.029 -0.009)
2025-10-02 17:28:29,436 - INFO - (-191.0 7.875 -0.007)
2025-10-02 17:28:29,446 - INFO - (-191.0 7.721 -0.006)
2025-10-02 17:28:29,456 - INFO - (-191.0 7.568 -0.004)
2025-10-02 17:28:29,466 - INFO - (-191.0 7.414 -0.003)
2025-10-02 17:28:29,476 - INFO - (-191.0 7.275 -0.002)
2025-10-02 17:28:29,486 - INFO - (-191.0 7.121 -0.002)
2025-10-02 17:28:29,497 - INFO - (-191.0 6.952 -0.002)
2025-10-02 17:28:29,507 - INFO - (-191.0 6.798 -0.001)
2025-10-02 17:28:29,517 - INFO - (-191.0 6.645 -0.001)
2025-10-02 17:28:29,526 - INFO - (-191.0 6.506 -0.001)
2025-10-02 17:28:29,536 - INFO - (-191.0 6.352 -0.001)
2025-10-02 17:28:29,546 - INFO - (-191.0 6.199 -0.0)
2025-10-02 17:28:29,556 - INFO - (-191.0 6.045 -0.0)
2025-10-02 17:28:29,566 - INFO - (-191.0 5.891 -0.0)
2025-10-02 17:28:29,576 - INFO - (-191.0 5.737 -0.0)
2025-10-02 17:28:29,586 - INFO - (-191.0 5.583 -0.0)
2025-10-02 17:28:29,596 - INFO - (-191.0 5.43 -0.0)
2025-10-02 17:28:29,606 - INFO - (-191.0 5.276 -0.0)
2025-10-02 17:28:29,616 - INFO - (-191.0 5.122 -0.0)
2025-10-02 17:28:29,626 - INFO - (-191.0 4.968 0.0)
2025-10-02 17:28:29,636 - INFO - (-191.0 4.814 0.0)
2025-10-02 17:28:29,646 - INFO - (-191.0 4.661 0.0)
2025-10-02 17:28:29,656 - INFO - (-191.0 4.507 0.0)
2025-10-02 17:28:29,666 - INFO - (-191.0 4.353 0.0)
2025-10-02 17:28:29,676 - INFO - (-191.0 4.199 0.0)
2025-10-02 17:28:29,686 - INFO - (-191.0 4.045 0.0)
2025-10-02 17:28:29,696 - INFO - (-191.0 3.892 0.0)
2025-10-02 17:28:29,706 - INFO - (-191.0 3.738 0.0)
2025-10-02 17:28:29,716 - INFO - (-191.0 3.584 0.0)
2025-10-02 17:28:29,726 - INFO - (-191.0 3.43 0.0)
2025-10-02 17:28:29,736 - INFO - (-191.0 3.292 0.0)
2025-10-02 17:28:29,746 - INFO - (-191.0 3.138 0.0)
2025-10-02 17:28:29,756 - INFO - (-191.0 2.969 0.0)
2025-10-02 17:28:29,766 - INFO - (-191.0 2.83 0.0)
2025-10-02 17:28:29,776 - INFO - (-191.0 2.676 0.0)
2025-10-02 17:28:29,786 - INFO - (-191.0 2.523 0.0)
2025-10-02 17:28:29,796 - INFO - (-191.0 2.353 0.0)
2025-10-02 17:28:29,806 - INFO - (-191.0 2.215 0.0)
2025-10-02 17:28:29,816 - INFO - (-191.0 2.046 0.0)
2025-10-02 17:28:29,826 - INFO - (-191.0 1.892 0.0)
2025-10-02 17:28:29,836 - INFO - (-191.0 1.754 0.0)
2025-10-02 17:28:29,846 - INFO - (-191.0 1.6 0.0)
2025-10-02 17:28:29,856 - INFO - (-191.0 1.431 0.0)
2025-10-02 17:28:29,866 - INFO - (-191.0 1.292 0.0)
2025-10-02 17:28:29,876 - INFO - (-191.0 1.123 0.0)
2025-10-02 17:28:29,886 - INFO - (-191.0 0.969 0.0)
2025-10-02 17:28:29,896 - INFO - (-191.0 0.815 0.0)
2025-10-02 17:28:29,906 - INFO - (-191.0 0.662 0.0)
2025-10-02 17:28:29,916 - INFO - (-191.0 0.508 0.0)
2025-10-02 17:28:29,926 - INFO - (-191.0 0.369 0.0)
2025-10-02 17:28:29,936 - INFO - (-191.0 0.216 0.0)
2025-10-02 17:28:29,946 - INFO - (-191.0 0.046 0.0)
2025-10-02 17:28:29,956 - INFO - (-191.0 -0.092 16.482)
2025-10-02 17:28:29,966 - INFO - (-191.0 -0.248 1.712)
2025-10-02 17:28:29,976 - INFO - (-191.0 -0.403 -4.118)
2025-10-02 17:28:29,986 - INFO - (-191.0 -0.558 -4.063)
2025-10-02 17:28:29,996 - INFO - (-191.0 -0.713 -3.523)
2025-10-02 17:28:30,006 - INFO - (-191.0 -0.867 -3.059)
2025-10-02 17:28:30,017 - INFO - (-191.0 -1.021 -2.695)
2025-10-02 17:28:30,026 - INFO - (-191.0 -1.175 -2.368)
2025-10-02 17:28:30,036 - INFO - (-191.0 -1.329 -2.072)
2025-10-02 17:28:30,046 - INFO - (-191.0 -1.482 -1.807)
2025-10-02 17:28:30,056 - INFO - (-191.0 -1.635 -1.57)
2025-10-02 17:28:30,066 - INFO - (-191.0 -1.788 -1.358)
2025-10-02 17:28:30,076 - INFO - (-191.0 -1.939 -34.494)
2025-10-02 17:28:30,086 - INFO - (-191.0 -2.088 -0.003)
2025-10-02 17:28:30,097 - INFO - (-191.0 -2.238 -0.003)
2025-10-02 17:28:30,107 - INFO - (-191.0 -2.402 -0.003)
2025-10-02 17:28:30,117 - INFO - (-191.0 -2.552 -0.002)
2025-10-02 17:28:30,127 - INFO - (-191.0 -2.686 -0.002)
2025-10-02 17:28:30,137 - INFO - (-191.0 -2.851 -0.002)
2025-10-02 17:28:30,146 - INFO - (-191.0 -2.985 -0.001)
2025-10-02 17:28:30,156 - INFO - (-191.0 -3.135 -0.001)
2025-10-02 17:28:30,166 - INFO - (-191.0 -3.284 -0.001)
2025-10-02 17:28:30,176 - INFO - (-191.0 -3.434 -0.0)
2025-10-02 17:28:30,186 - INFO - (-191.0 -3.583 0.0)
2025-10-02 17:28:30,196 - INFO - (-191.0 -3.733 0.0)
2025-10-02 17:28:30,206 - INFO - (-191.0 -3.882 0.001)
2025-10-02 17:28:30,217 - INFO - (-191.0 -4.032 0.001)
2025-10-02 17:28:30,227 - INFO - (-191.0 -4.181 3.28)
2025-10-02 17:28:30,237 - INFO - (-190.998 -4.333 23.147)
2025-10-02 17:28:30,247 - INFO - (-190.994 -4.485 -0.28)
2025-10-02 17:28:30,257 - INFO - (-190.99 -4.637 -1.427)
2025-10-02 17:28:30,266 - INFO - (-190.985 -4.789 -1.484)
2025-10-02 17:28:30,276 - INFO - (-190.98 -4.941 -10.033)
2025-10-02 17:28:30,286 - INFO - (-190.974 -5.091 -9.351)
2025-10-02 17:28:30,296 - INFO - (-190.968 -5.24 -7.654)
2025-10-02 17:28:30,306 - INFO - (-190.96 -5.389 -1.232)
2025-10-02 17:28:30,316 - INFO - (-190.952 -5.538 -0.386)
2025-10-02 17:28:30,326 - INFO - (-190.943 -5.701 -3.504)
2025-10-02 17:28:30,336 - INFO - (-190.935 -5.834 -3.016)
2025-10-02 17:28:30,346 - INFO - (-190.925 -5.982 0.249)
2025-10-02 17:28:30,357 - INFO - (-190.915 -6.13 0.326)
2025-10-02 17:28:30,367 - INFO - (-190.904 -6.279 0.42)
2025-10-02 17:28:30,377 - INFO - (-190.893 -6.412 -0.456)
2025-10-02 17:28:30,387 - INFO - (-190.88 -6.559 0.246)
2025-10-02 17:28:30,396 - INFO - (-190.867 -6.707 -0.172)
2025-10-02 17:28:30,407 - INFO - (-190.853 -6.855 -0.125)
2025-10-02 17:28:30,416 - INFO - (-190.838 -7.003 0.323)
2025-10-02 17:28:30,426 - INFO - (-190.823 -7.15 -8.335)
2025-10-02 17:28:30,436 - INFO - (-190.807 -7.297 3.519)
2025-10-02 17:28:30,446 - INFO - (-190.791 -7.444 2.688)
2025-10-02 17:28:30,456 - INFO - (-190.774 -7.591 4.137)
2025-10-02 17:28:30,467 - INFO - (-190.757 -7.739 4.273)
2025-10-02 17:28:30,477 - INFO - (-190.739 -7.888 3.633)
2025-10-02 17:28:30,487 - INFO - (-190.722 -8.036 3.786)
2025-10-02 17:28:30,497 - INFO - (-190.704 -8.185 1.375)
2025-10-02 17:28:30,506 - INFO - (-190.684 -8.333 -2.96)
2025-10-02 17:28:30,516 - INFO - (-190.664 -8.482 3.288)
2025-10-02 17:28:30,527 - INFO - (-190.643 -8.63 0.01)
2025-10-02 17:28:30,537 - INFO - (-190.621 -8.779 2.714)
2025-10-02 17:28:30,546 - INFO - (-190.599 -8.927 3.328)
2025-10-02 17:28:30,556 - INFO - (-190.577 -9.077 3.986)
2025-10-02 17:28:30,566 - INFO - (-190.556 -9.226 3.642)
2025-10-02 17:28:30,576 - INFO - (-190.534 -9.376 -0.015)
2025-10-02 17:28:30,586 - INFO - (-190.512 -9.526 3.027)
2025-10-02 17:28:30,596 - INFO - (-190.49 -9.676 2.583)
2025-10-02 17:28:30,606 - INFO - (-190.469 -9.826 1.823)
2025-10-02 17:28:30,616 - INFO - (-190.447 -9.977 1.873)
2025-10-02 17:28:30,626 - INFO - (-190.425 -10.128 1.816)
2025-10-02 17:28:30,636 - INFO - (-190.403 -10.278 -2.074)
2025-10-02 17:28:30,646 - INFO - (-190.382 -10.429 2.227)
2025-10-02 17:28:30,656 - INFO - (-190.36 -10.58 2.652)
2025-10-02 17:28:30,666 - INFO - (-190.341 -10.716 0.625)
2025-10-02 17:28:30,676 - INFO - (-190.319 -10.868 2.02)
2025-10-02 17:28:30,686 - INFO - (-190.297 -11.019 -2.562)
2025-10-02 17:28:30,696 - INFO - (-190.275 -11.17 2.265)
2025-10-02 17:28:30,706 - INFO - (-190.254 -11.322 2.436)
2025-10-02 17:28:30,716 - INFO - (-190.232 -11.473 1.892)
2025-10-02 17:28:30,727 - INFO - (-190.211 -11.625 -0.072)
2025-10-02 17:28:30,737 - INFO - (-190.189 -11.777 -1.477)
2025-10-02 17:28:30,747 - INFO - (-190.167 -11.929 0.923)
2025-10-02 17:28:30,757 - INFO - (-190.145 -12.081 -0.666)
2025-10-02 17:28:30,767 - INFO - (-190.126 -12.217 3.098)
2025-10-02 17:28:30,776 - INFO - (-190.102 -12.384 -0.792)
2025-10-02 17:28:30,786 - INFO - (-190.08 -12.536 0.648)
2025-10-02 17:28:30,796 - INFO - (-190.058 -12.688 0.399)
2025-10-02 17:28:30,806 - INFO - (-190.036 -12.84 0.115)
2025-10-02 17:28:30,816 - INFO - (-190.014 -12.992 -0.107)
2025-10-02 17:28:30,826 - INFO - (-189.99 -13.159 -0.289)
2025-10-02 17:28:30,836 - INFO - (-189.968 -13.311 -1.565)
2025-10-02 17:28:30,846 - INFO - (-189.949 -13.448 1.181)
2025-10-02 17:28:30,856 - INFO - (-189.924 -13.615 -2.929)
2025-10-02 17:28:30,866 - INFO - (-189.902 -13.767 2.173)
2025-10-02 17:28:30,876 - INFO - (-189.883 -13.904 0.475)
2025-10-02 17:28:30,886 - INFO - (-189.861 -14.055 -5.151)
2025-10-02 17:28:30,896 - INFO - (-189.839 -14.206 2.397)
2025-10-02 17:28:30,906 - INFO - (-189.815 -14.373 2.183)
2025-10-02 17:28:30,916 - INFO - (-189.793 -14.525 4.239)
2025-10-02 17:28:30,926 - INFO - (-189.771 -14.678 -1.649)
2025-10-02 17:28:30,936 - INFO - (-189.749 -14.83 0.239)
2025-10-02 17:28:30,946 - INFO - (-189.727 -14.982 -1.427)
2025-10-02 17:28:30,956 - INFO - (-189.705 -15.134 -1.394)
2025-10-02 17:28:30,966 - INFO - (-189.683 -15.286 1.031)
2025-10-02 17:28:30,976 - INFO - (-189.661 -15.438 0.611)
2025-10-02 17:28:30,986 - INFO - (-189.639 -15.59 0.485)
2025-10-02 17:28:30,996 - INFO - (-189.617 -15.742 0.23)
2025-10-02 17:28:31,006 - INFO - (-189.595 -15.894 -0.017)
2025-10-02 17:28:31,016 - INFO - (-189.573 -16.046 -0.211)
2025-10-02 17:28:31,026 - INFO - (-189.551 -16.198 -0.356)
2025-10-02 17:28:31,036 - INFO - (-189.529 -16.35 -2.15)
2025-10-02 17:28:31,046 - INFO - (-189.509 -16.486 1.629)
2025-10-02 17:28:31,056 - INFO - (-189.485 -16.653 -0.867)
2025-10-02 17:28:31,066 - INFO - (-189.463 -16.805 1.33)
2025-10-02 17:28:31,076 - INFO - (-189.441 -16.957 -2.438)
2025-10-02 17:28:31,086 - INFO - (-189.419 -17.109 1.874)
2025-10-02 17:28:31,096 - INFO - (-189.397 -17.261 0.575)
2025-10-02 17:28:31,106 - INFO - (-189.375 -17.413 -0.022)
2025-10-02 17:28:31,116 - INFO - (-189.353 -17.565 2.366)
2025-10-02 17:28:31,126 - INFO - (-189.331 -17.718 -1.744)
2025-10-02 17:28:31,136 - INFO - (-189.309 -17.87 -0.134)
2025-10-02 17:28:31,147 - INFO - (-189.287 -18.022 -0.639)
2025-10-02 17:28:31,156 - INFO - (-189.265 -18.174 2.749)
2025-10-02 17:28:31,167 - INFO - (-189.243 -18.326 -1.628)
2025-10-02 17:28:31,177 - INFO - (-189.221 -18.478 -0.856)
2025-10-02 17:28:31,187 - INFO - (-189.201 -18.615 0.821)
2025-10-02 17:28:31,197 - INFO - (-189.177 -18.782 -1.399)
2025-10-02 17:28:31,206 - INFO - (-189.156 -18.919 -1.051)
2025-10-02 17:28:31,216 - INFO - (-189.133 -19.07 -1.419)
2025-10-02 17:28:31,226 - INFO - (-189.108 -19.221 -7.288)
2025-10-02 17:28:31,236 - INFO - (-189.084 -19.372 -1.096)
2025-10-02 17:28:31,246 - INFO - (-189.058 -19.522 0.926)
2025-10-02 17:28:31,256 - INFO - (-189.032 -19.673 0.307)
2025-10-02 17:28:31,266 - INFO - (-189.005 -19.823 -0.852)
2025-10-02 17:28:31,276 - INFO - (-188.98 -19.958 -1.82)
2025-10-02 17:28:31,286 - INFO - (-188.948 -20.122 -0.79)
2025-10-02 17:28:31,296 - INFO - (-188.918 -20.271 -0.884)
2025-10-02 17:28:31,306 - INFO - (-188.887 -20.42 1.741)
2025-10-02 17:28:31,316 - INFO - (-188.856 -20.569 0.049)
2025-10-02 17:28:31,326 - INFO - (-188.824 -20.718 -2.161)
2025-10-02 17:28:31,336 - INFO - (-188.791 -20.867 -1.414)
2025-10-02 17:28:31,347 - INFO - (-188.758 -21.015 -1.282)
2025-10-02 17:28:31,357 - INFO - (-188.724 -21.163 4.076)
2025-10-02 17:28:31,366 - INFO - (-188.689 -21.311 1.063)
2025-10-02 17:28:31,377 - INFO - (-188.653 -21.46 1.423)
2025-10-02 17:28:31,386 - INFO - (-188.616 -21.608 1.268)
2025-10-02 17:28:31,397 - INFO - (-188.578 -21.756 1.038)
2025-10-02 17:28:31,407 - INFO - (-188.539 -21.903 2.29)
2025-10-02 17:28:31,417 - INFO - (-188.5 -22.051 1.638)
2025-10-02 17:28:31,426 - INFO - (-188.46 -22.199 -3.709)
2025-10-02 17:28:31,436 - INFO - (-188.42 -22.346 3.367)
2025-10-02 17:28:31,446 - INFO - (-188.379 -22.494 3.851)
2025-10-02 17:28:31,456 - INFO - (-188.337 -22.642 2.053)
2025-10-02 17:28:31,466 - INFO - (-188.295 -22.79 1.734)
2025-10-02 17:28:31,476 - INFO - (-188.252 -22.938 1.712)
2025-10-02 17:28:31,486 - INFO - (-188.208 -23.085 2.194)
2025-10-02 17:28:31,496 - INFO - (-188.164 -23.233 2.254)
2025-10-02 17:28:31,506 - INFO - (-188.119 -23.381 7.275)
2025-10-02 17:28:31,516 - INFO - (-188.073 -23.53 -0.127)
2025-10-02 17:28:31,526 - INFO - (-188.027 -23.678 0.3)
2025-10-02 17:28:31,536 - INFO - (-187.986 -23.811 1.854)
2025-10-02 17:28:31,546 - INFO - (-187.939 -23.96 4.086)
2025-10-02 17:28:31,556 - INFO - (-187.888 -24.124 4.944)
2025-10-02 17:28:31,566 - INFO - (-187.845 -24.258 3.49)
2025-10-02 17:28:31,576 - INFO - (-187.798 -24.408 4.301)
2025-10-02 17:28:31,586 - INFO - (-187.751 -24.558 3.187)
2025-10-02 17:28:31,596 - INFO - (-187.703 -24.708 2.301)
2025-10-02 17:28:31,606 - INFO - (-187.65 -24.873 2.904)
2025-10-02 17:28:31,616 - INFO - (-187.602 -25.024 -1.882)
2025-10-02 17:28:31,626 - INFO - (-187.554 -25.174 2.231)
2025-10-02 17:28:31,637 - INFO - (-187.506 -25.325 3.004)
2025-10-02 17:28:31,647 - INFO - (-187.462 -25.46 0.393)
2025-10-02 17:28:31,657 - INFO - (-187.414 -25.611 3.122)
2025-10-02 17:28:31,667 - INFO - (-187.365 -25.762 1.785)
2025-10-02 17:28:31,676 - INFO - (-187.316 -25.913 3.143)
2025-10-02 17:28:31,686 - INFO - (-187.267 -26.065 1.882)
2025-10-02 17:28:31,696 - INFO - (-187.218 -26.217 1.257)
2025-10-02 17:28:31,707 - INFO - (-187.169 -26.368 3.104)
2025-10-02 17:28:31,716 - INFO - (-187.119 -26.52 -1.358)
2025-10-02 17:28:31,726 - INFO - (-187.07 -26.672 1.14)
2025-10-02 17:28:31,736 - INFO - (-187.021 -26.824 -0.532)
2025-10-02 17:28:31,746 - INFO - (-186.971 -26.976 1.132)
2025-10-02 17:28:31,756 - INFO - (-186.922 -27.128 2.095)
2025-10-02 17:28:31,766 - INFO - (-186.872 -27.28 1.247)
2025-10-02 17:28:31,776 - INFO - (-186.827 -27.417 0.923)
2025-10-02 17:28:31,786 - INFO - (-186.777 -27.569 0.711)
2025-10-02 17:28:31,796 - INFO - (-186.723 -27.737 0.372)
2025-10-02 17:28:31,806 - INFO - (-186.673 -27.889 0.167)
2025-10-02 17:28:31,816 - INFO - (-186.623 -28.041 -1.992)
2025-10-02 17:28:31,826 - INFO - (-186.573 -28.194 2.096)
2025-10-02 17:28:31,836 - INFO - (-186.523 -28.346 -3.511)
2025-10-02 17:28:31,847 - INFO - (-186.473 -28.498 2.692)
2025-10-02 17:28:31,856 - INFO - (-186.423 -28.651 -0.206)
2025-10-02 17:28:31,866 - INFO - (-186.374 -28.803 2.6)
2025-10-02 17:28:31,877 - INFO - (-186.324 -28.956 0.943)
2025-10-02 17:28:31,887 - INFO - (-186.274 -29.108 0.829)
2025-10-02 17:28:31,897 - INFO - (-186.224 -29.261 1.697)
2025-10-02 17:28:31,907 - INFO - (-186.178 -29.398 -0.798)
2025-10-02 17:28:31,916 - INFO - (-186.128 -29.551 3.618)
2025-10-02 17:28:31,926 - INFO - (-186.078 -29.704 -1.754)
2025-10-02 17:28:31,936 - INFO - (-186.022 -29.872 -0.674)
2025-10-02 17:28:31,946 - INFO - (-185.977 -30.01 0.443)
2025-10-02 17:28:31,956 - INFO - (-185.922 -30.178 1.169)
2025-10-02 17:28:31,966 - INFO - (-185.871 -30.331 0.584)
2025-10-02 17:28:31,976 - INFO - (-185.821 -30.484 0.291)
2025-10-02 17:28:31,986 - INFO - (-185.771 -30.637 0.099)
2025-10-02 17:28:31,996 - INFO - (-185.72 -30.79 -0.129)
2025-10-02 17:28:32,006 - INFO - (-185.67 -30.943 -3.486)
2025-10-02 17:28:32,016 - INFO - (-185.62 -31.096 1.832)
2025-10-02 17:28:32,026 - INFO - (-185.57 -31.249 2.055)
2025-10-02 17:28:32,036 - INFO - (-185.519 -31.402 0.722)
2025-10-02 17:28:32,046 - INFO - (-185.469 -31.555 -0.374)
2025-10-02 17:28:32,056 - INFO - (-185.418 -31.708 0.351)
2025-10-02 17:28:32,066 - INFO - (-185.368 -31.861 0.059)
2025-10-02 17:28:32,076 - INFO - (-185.318 -32.015 -0.16)
2025-10-02 17:28:32,086 - INFO - (-185.267 -32.168 1.397)
2025-10-02 17:28:32,096 - INFO - (-185.217 -32.321 -1.713)
2025-10-02 17:28:32,106 - INFO - (-185.167 -32.474 0.369)
2025-10-02 17:28:32,117 - INFO - (-185.116 -32.627 1.943)
2025-10-02 17:28:32,127 - INFO - (-185.066 -32.781 -1.423)
2025-10-02 17:28:32,137 - INFO - (-185.015 -32.934 -1.036)
2025-10-02 17:28:32,147 - INFO - (-184.965 -33.087 0.564)
2025-10-02 17:28:32,157 - INFO - (-184.914 -33.24 0.024)
2025-10-02 17:28:32,166 - INFO - (-184.864 -33.393 -0.193)
2025-10-02 17:28:32,176 - INFO - (-184.814 -33.546 -0.359)
2025-10-02 17:28:32,186 - INFO - (-184.763 -33.699 -9.329)
2025-10-02 17:28:32,196 - INFO - (-184.714 -33.851 -7.754)
2025-10-02 17:28:32,207 - INFO - (-184.664 -34.002 -5.005)
2025-10-02 17:28:32,217 - INFO - (-184.614 -34.152 -9.867)
2025-10-02 17:28:32,227 - INFO - (-184.564 -34.302 -1.52)
2025-10-02 17:28:32,236 - INFO - (-184.513 -34.451 -5.019)
2025-10-02 17:28:32,246 - INFO - (-184.463 -34.6 -7.532)
2025-10-02 17:28:32,256 - INFO - (-184.413 -34.748 -8.032)
2025-10-02 17:28:32,266 - INFO - (-184.368 -34.88 -8.803)
2025-10-02 17:28:32,276 - INFO - (-184.318 -35.026 -4.143)
2025-10-02 17:28:32,286 - INFO - (-184.268 -35.172 -8.453)
2025-10-02 17:28:32,297 - INFO - (-184.218 -35.317 -5.355)
2025-10-02 17:28:32,307 - INFO - (-184.168 -35.461 -6.883)
2025-10-02 17:28:32,317 - INFO - (-184.118 -35.605 -2.663)
2025-10-02 17:28:32,327 - INFO - (-184.088 -35.691 -3.928)
2025-10-02 17:28:32,336 - INFO - (-184.033 -35.848 -7.513)
2025-10-02 17:28:32,346 - INFO - (-183.982 -35.99 -6.324)
2025-10-02 17:28:32,357 - INFO - (-183.927 -36.145 -7.168)
2025-10-02 17:28:32,367 - INFO - (-183.876 -36.286 -5.968)
2025-10-02 17:28:32,376 - INFO - (-183.824 -36.425 -4.951)
2025-10-02 17:28:32,386 - INFO - (-183.774 -36.565 -8.695)
2025-10-02 17:28:32,396 - INFO - (-183.718 -36.717 2.062)
2025-10-02 17:28:32,406 - INFO - (-183.667 -36.856 1.089)
2025-10-02 17:28:32,416 - INFO - (-183.616 -36.995 1.021)
2025-10-02 17:28:32,426 - INFO - (-183.565 -37.134 -0.7)
2025-10-02 17:28:32,436 - INFO - (-183.514 -37.273 -1.588)
2025-10-02 17:28:32,447 - INFO - (-183.462 -37.412 -1.467)
2025-10-02 17:28:32,457 - INFO - (-183.411 -37.55 -0.858)
2025-10-02 17:28:32,467 - INFO - (-183.359 -37.688 -0.727)
2025-10-02 17:28:32,476 - INFO - (-183.308 -37.827 1.05)
2025-10-02 17:28:32,486 - INFO - (-183.256 -37.965 -1.852)
2025-10-02 17:28:32,496 - INFO - (-183.204 -38.103 0.971)
2025-10-02 17:28:32,506 - INFO - (-183.152 -38.241 -1.67)
2025-10-02 17:28:32,516 - INFO - (-183.101 -38.38 1.15)
2025-10-02 17:28:32,526 - INFO - (-183.044 -38.531 -0.018)
2025-10-02 17:28:32,537 - INFO - (-182.997 -38.656 0.172)
2025-10-02 17:28:32,547 - INFO - (-182.94 -38.808 -0.043)
2025-10-02 17:28:32,557 - INFO - (-182.893 -38.932 -0.154)
2025-10-02 17:28:32,567 - INFO - (-182.841 -39.07 -0.228)
2025-10-02 17:28:32,576 - INFO - (-182.789 -39.208 -0.371)
2025-10-02 17:28:32,587 - INFO - (-182.737 -39.346 -6.473)
2025-10-02 17:28:32,596 - INFO - (-182.686 -39.484 2.783)
2025-10-02 17:28:32,606 - INFO - (-182.634 -39.621 1.724)
2025-10-02 17:28:32,616 - INFO - (-182.581 -39.759 1.165)
2025-10-02 17:28:32,626 - INFO - (-182.529 -39.897 1.637)
2025-10-02 17:28:32,636 - INFO - (-182.477 -40.035 0.219)
2025-10-02 17:28:32,647 - INFO - (-182.425 -40.173 0.418)
2025-10-02 17:28:32,658 - INFO - (-182.373 -40.311 -0.461)
2025-10-02 17:28:32,667 - INFO - (-182.315 -40.463 0.154)
2025-10-02 17:28:32,676 - INFO - (-182.268 -40.587 1.655)
2025-10-02 17:28:32,686 - INFO - (-182.216 -40.725 -1.772)
2025-10-02 17:28:32,696 - INFO - (-182.164 -40.864 1.181)
2025-10-02 17:28:32,706 - INFO - (-182.111 -41.002 -1.539)
2025-10-02 17:28:32,716 - INFO - (-182.059 -41.14 2.275)
2025-10-02 17:28:32,726 - INFO - (-182.007 -41.278 -1.228)
2025-10-02 17:28:32,736 - INFO - (-181.954 -41.416 0.346)
2025-10-02 17:28:32,746 - INFO - (-181.907 -41.54 0.143)
2025-10-02 17:28:32,756 - INFO - (-181.849 -41.692 -0.08)
2025-10-02 17:28:32,766 - INFO - (-181.797 -41.83 -0.211)
2025-10-02 17:28:32,776 - INFO - (-181.75 -41.954 -0.312)
2025-10-02 17:28:32,786 - INFO - (-181.692 -42.106 -0.51)
2025-10-02 17:28:32,796 - INFO - (-181.64 -42.244 -3.911)
2025-10-02 17:28:32,806 - INFO - (-181.588 -42.381 1.611)
2025-10-02 17:28:32,817 - INFO - (-181.541 -42.505 -0.276)
2025-10-02 17:28:32,826 - INFO - (-181.483 -42.657 2.727)
2025-10-02 17:28:32,836 - INFO - (-181.431 -42.795 0.966)
2025-10-02 17:28:32,847 - INFO - (-181.378 -42.933 0.222)
2025-10-02 17:28:32,856 - INFO - (-181.326 -43.071 0.115)
2025-10-02 17:28:32,866 - INFO - (-181.274 -43.209 -0.451)
2025-10-02 17:28:32,876 - INFO - (-181.221 -43.347 1.008)
2025-10-02 17:28:32,886 - INFO - (-181.164 -43.499 0.786)
2025-10-02 17:28:32,896 - INFO - (-181.111 -43.638 0.147)
2025-10-02 17:28:32,906 - INFO - (-181.064 -43.762 -1.512)
2025-10-02 17:28:32,916 - INFO - (-181.011 -43.9 -1.722)
2025-10-02 17:28:32,926 - INFO - (-180.959 -44.038 0.271)
2025-10-02 17:28:32,936 - INFO - (-180.906 -44.176 1.836)
2025-10-02 17:28:32,946 - INFO - (-180.854 -44.314 0.394)
2025-10-02 17:28:32,956 - INFO - (-180.801 -44.452 0.196)
2025-10-02 17:28:32,967 - INFO - (-180.748 -44.59 -0.015)
2025-10-02 17:28:32,977 - INFO - (-180.701 -44.715 -0.165)
2025-10-02 17:28:32,987 - INFO - (-180.649 -44.853 -0.328)
2025-10-02 17:28:32,996 - INFO - (-180.596 -44.991 -3.203)
2025-10-02 17:28:33,006 - INFO - (-180.544 -45.129 2.013)
2025-10-02 17:28:33,016 - INFO - (-180.491 -45.267 0.154)
2025-10-02 17:28:33,026 - INFO - (-180.439 -45.405 1.091)
2025-10-02 17:28:33,036 - INFO - (-180.386 -45.543 0.066)
2025-10-02 17:28:33,046 - INFO - (-180.334 -45.681 -0.564)
2025-10-02 17:28:33,057 - INFO - (-180.281 -45.819 0.014)
2025-10-02 17:28:33,067 - INFO - (-180.229 -45.957 0.157)
2025-10-02 17:28:33,077 - INFO - (-180.176 -46.095 1.136)
2025-10-02 17:28:33,087 - INFO - (-180.124 -46.233 -1.255)
2025-10-02 17:28:33,097 - INFO - (-180.071 -46.371 1.54)
2025-10-02 17:28:33,106 - INFO - (-180.018 -46.51 -1.915)
2025-10-02 17:28:33,116 - INFO - (-179.971 -46.634 0.024)
2025-10-02 17:28:33,126 - INFO - (-179.913 -46.786 0.358)
2025-10-02 17:28:33,136 - INFO - (-179.861 -46.924 0.236)
2025-10-02 17:28:33,146 - INFO - (-179.808 -47.062 -0.457)
2025-10-02 17:28:33,156 - INFO - (-179.755 -47.2 0.091)
2025-10-02 17:28:33,166 - INFO - (-179.708 -47.324 0.008)
2025-10-02 17:28:33,176 - INFO - (-179.656 -47.462 -0.169)
2025-10-02 17:28:33,186 - INFO - (-179.603 -47.6 -0.325)
2025-10-02 17:28:33,196 - INFO - (-179.551 -47.738 -4.493)
2025-10-02 17:28:33,206 - INFO - (-179.498 -47.876 2.465)
2025-10-02 17:28:33,216 - INFO - (-179.446 -48.014 -1.246)
2025-10-02 17:28:33,226 - INFO - (-179.393 -48.151 2.599)
2025-10-02 17:28:33,236 - INFO - (-179.341 -48.289 1.332)
2025-10-02 17:28:33,246 - INFO - (-179.288 -48.428 0.403)
2025-10-02 17:28:33,257 - INFO - (-179.236 -48.566 -0.115)
2025-10-02 17:28:33,266 - INFO - (-179.183 -48.704 0.295)
2025-10-02 17:28:33,276 - INFO - (-179.131 -48.842 0.094)
2025-10-02 17:28:33,286 - INFO - (-179.078 -48.98 1.252)
2025-10-02 17:28:33,296 - INFO - (-179.026 -49.119 1.238)
2025-10-02 17:28:33,306 - INFO - (-178.968 -49.271 -2.702)
2025-10-02 17:28:33,316 - INFO - (-178.92 -49.395 -2.44)
2025-10-02 17:28:33,326 - INFO - (-178.861 -49.546 -1.938)
2025-10-02 17:28:33,336 - INFO - (-178.807 -49.683 -2.058)
2025-10-02 17:28:33,346 - INFO - (-178.752 -49.819 -1.335)
2025-10-02 17:28:33,356 - INFO - (-178.696 -49.955 -1.995)
2025-10-02 17:28:33,366 - INFO - (-178.64 -50.091 -3.369)
2025-10-02 17:28:33,376 - INFO - (-178.584 -50.225 -1.932)
2025-10-02 17:28:33,386 - INFO - (-178.526 -50.36 -1.733)
2025-10-02 17:28:33,396 - INFO - (-178.467 -50.493 -9.356)
2025-10-02 17:28:33,406 - INFO - (-178.408 -50.626 -0.108)
2025-10-02 17:28:33,416 - INFO - (-178.348 -50.758 -0.148)
2025-10-02 17:28:33,426 - INFO - (-178.288 -50.89 -0.174)
2025-10-02 17:28:33,436 - INFO - (-178.227 -51.022 -0.143)
2025-10-02 17:28:33,446 - INFO - (-178.165 -51.153 -1.815)
2025-10-02 17:28:33,456 - INFO - (-178.102 -51.283 -2.396)
2025-10-02 17:28:33,466 - INFO - (-178.038 -51.413 -1.427)
2025-10-02 17:28:33,476 - INFO - (-177.973 -51.542 -2.577)
2025-10-02 17:28:33,486 - INFO - (-177.907 -51.671 4.388)
2025-10-02 17:28:33,496 - INFO - (-177.841 -51.799 -1.692)
2025-10-02 17:28:33,506 - INFO - (-177.775 -51.927 -5.047)
2025-10-02 17:28:33,516 - INFO - (-177.707 -52.054 -1.425)
2025-10-02 17:28:33,526 - INFO - (-177.638 -52.181 -1.101)
2025-10-02 17:28:33,536 - INFO - (-177.569 -52.307 -0.988)
2025-10-02 17:28:33,546 - INFO - (-177.498 -52.432 -1.017)
2025-10-02 17:28:33,556 - INFO - (-177.426 -52.556 -1.074)
2025-10-02 17:28:33,566 - INFO - (-177.354 -52.68 0.233)
2025-10-02 17:28:33,576 - INFO - (-177.28 -52.803 -1.531)
2025-10-02 17:28:33,586 - INFO - (-177.206 -52.926 -1.096)
2025-10-02 17:28:33,596 - INFO - (-177.131 -53.047 -1.057)
2025-10-02 17:28:33,606 - INFO - (-177.055 -53.168 -6.887)
2025-10-02 17:28:33,616 - INFO - (-176.978 -53.288 1.756)
2025-10-02 17:28:33,627 - INFO - (-176.9 -53.408 1.379)
2025-10-02 17:28:33,637 - INFO - (-176.822 -53.527 0.977)
2025-10-02 17:28:33,647 - INFO - (-176.751 -53.635 -0.4)
2025-10-02 17:28:33,657 - INFO - (-176.671 -53.753 -2.378)
2025-10-02 17:28:33,666 - INFO - (-176.59 -53.87 -0.977)
2025-10-02 17:28:33,676 - INFO - (-176.508 -53.987 -0.98)
2025-10-02 17:28:33,686 - INFO - (-176.425 -54.102 -0.048)
2025-10-02 17:28:33,696 - INFO - (-176.341 -54.218 5.964)
2025-10-02 17:28:33,707 - INFO - (-176.257 -54.333 -1.12)
2025-10-02 17:28:33,716 - INFO - (-176.164 -54.46 -3.916)
2025-10-02 17:28:33,726 - INFO - (-176.079 -54.573 -1.782)
2025-10-02 17:28:33,736 - INFO - (-176.001 -54.676 3.739)
2025-10-02 17:28:33,746 - INFO - (-175.914 -54.789 4.437)
2025-10-02 17:28:33,756 - INFO - (-175.825 -54.902 5.702)
2025-10-02 17:28:33,766 - INFO - (-175.736 -55.015 6.068)
2025-10-02 17:28:33,776 - INFO - (-175.646 -55.128 3.836)
2025-10-02 17:28:33,786 - INFO - (-175.546 -55.252 2.963)
2025-10-02 17:28:33,796 - INFO - (-175.454 -55.365 5.754)
2025-10-02 17:28:33,806 - INFO - (-175.362 -55.478 6.681)
2025-10-02 17:28:33,816 - INFO - (-175.269 -55.59 0.22)
2025-10-02 17:28:33,826 - INFO - (-175.175 -55.703 7.898)
2025-10-02 17:28:33,836 - INFO - (-175.08 -55.816 8.503)
2025-10-02 17:28:33,846 - INFO - (-174.985 -55.929 6.293)
2025-10-02 17:28:33,856 - INFO - (-174.888 -56.043 6.041)
2025-10-02 17:28:33,866 - INFO - (-174.791 -56.156 7.655)
2025-10-02 17:28:33,876 - INFO - (-174.693 -56.27 8.194)
2025-10-02 17:28:33,886 - INFO - (-174.594 -56.384 2.893)
2025-10-02 17:28:33,896 - INFO - (-174.495 -56.499 4.492)
2025-10-02 17:28:33,906 - INFO - (-174.396 -56.613 6.265)
2025-10-02 17:28:33,916 - INFO - (-174.307 -56.717 0.167)
2025-10-02 17:28:33,926 - INFO - (-174.197 -56.844 3.781)
2025-10-02 17:28:33,936 - INFO - (-174.108 -56.948 4.072)
2025-10-02 17:28:33,946 - INFO - (-174.008 -57.065 3.371)
2025-10-02 17:28:33,956 - INFO - (-173.899 -57.193 0.709)
2025-10-02 17:28:33,966 - INFO - (-173.799 -57.309 3.711)
2025-10-02 17:28:33,976 - INFO - (-173.699 -57.426 2.978)
2025-10-02 17:28:33,986 - INFO - (-173.599 -57.544 1.627)
2025-10-02 17:28:33,996 - INFO - (-173.499 -57.661 1.041)
2025-10-02 17:28:34,006 - INFO - (-173.399 -57.779 0.773)
2025-10-02 17:28:34,016 - INFO - (-173.299 -57.896 0.413)
2025-10-02 17:28:34,026 - INFO - (-173.2 -58.014 -2.597)
2025-10-02 17:28:34,036 - INFO - (-173.1 -58.132 1.851)
2025-10-02 17:28:34,046 - INFO - (-173.0 -58.249 1.014)
2025-10-02 17:28:34,057 - INFO - (-172.901 -58.367 -1.102)
2025-10-02 17:28:34,066 - INFO - (-172.801 -58.485 1.164)
2025-10-02 17:28:34,076 - INFO - (-172.711 -58.591 -0.065)
2025-10-02 17:28:34,086 - INFO - (-172.612 -58.709 -0.304)
2025-10-02 17:28:34,096 - INFO - (-172.502 -58.838 -4.604)
2025-10-02 17:28:34,106 - INFO - (-172.413 -58.944 1.59)
2025-10-02 17:28:34,116 - INFO - (-172.314 -59.062 4.563)
2025-10-02 17:28:34,127 - INFO - (-172.215 -59.181 -2.337)
2025-10-02 17:28:34,137 - INFO - (-172.115 -59.299 -1.152)
2025-10-02 17:28:34,147 - INFO - (-172.015 -59.416 4.168)
2025-10-02 17:28:34,157 - INFO - (-171.916 -59.534 -4.025)
2025-10-02 17:28:34,166 - INFO - (-171.816 -59.652 0.027)
2025-10-02 17:28:34,176 - INFO - (-171.717 -59.77 1.227)
2025-10-02 17:28:34,186 - INFO - (-171.618 -59.888 -0.191)
2025-10-02 17:28:34,196 - INFO - (-171.519 -60.006 0.053)
2025-10-02 17:28:34,207 - INFO - (-171.419 -60.124 -0.142)
2025-10-02 17:28:34,217 - INFO - (-171.32 -60.243 -0.311)
2025-10-02 17:28:34,226 - INFO - (-171.221 -60.361 -3.975)
2025-10-02 17:28:34,236 - INFO - (-171.122 -60.479 2.161)
2025-10-02 17:28:34,246 - INFO - (-171.023 -60.597 1.179)
2025-10-02 17:28:34,256 - INFO - (-170.924 -60.714 -2.587)
2025-10-02 17:28:34,266 - INFO - (-170.815 -60.844 2.115)
2025-10-02 17:28:34,276 - INFO - (-170.716 -60.962 0.502)
2025-10-02 17:28:34,286 - INFO - (-170.627 -61.069 -0.038)
2025-10-02 17:28:34,296 - INFO - (-170.528 -61.187 -0.482)
2025-10-02 17:28:34,306 - INFO - (-170.429 -61.305 -0.127)
2025-10-02 17:28:34,316 - INFO - (-170.33 -61.423 1.692)
2025-10-02 17:28:34,326 - INFO - (-170.221 -61.553 -2.038)
2025-10-02 17:28:34,337 - INFO - (-170.122 -61.671 2.413)
2025-10-02 17:28:34,347 - INFO - (-170.023 -61.789 -1.908)
2025-10-02 17:28:34,356 - INFO - (-169.924 -61.907 -1.017)
2025-10-02 17:28:34,366 - INFO - (-169.825 -62.025 0.227)
2025-10-02 17:28:34,376 - INFO - (-169.726 -62.143 0.832)
2025-10-02 17:28:34,386 - INFO - (-169.627 -62.261 -1.141)
2025-10-02 17:28:34,396 - INFO - (-169.528 -62.379 -0.133)
2025-10-02 17:28:34,406 - INFO - (-169.429 -62.497 -0.291)
2025-10-02 17:28:34,416 - INFO - (-169.33 -62.615 -0.433)
2025-10-02 17:28:34,426 - INFO - (-169.241 -62.722 -3.242)
2025-10-02 17:28:34,436 - INFO - (-169.143 -62.839 1.73)
2025-10-02 17:28:34,446 - INFO - (-169.044 -62.957 0.707)
2025-10-02 17:28:34,456 - INFO - (-168.945 -63.075 -2.118)
2025-10-02 17:28:34,466 - INFO - (-168.846 -63.193 1.742)
2025-10-02 17:28:34,477 - INFO - (-168.748 -63.311 0.157)
2025-10-02 17:28:34,487 - INFO - (-168.649 -63.429 -5.372)
2025-10-02 17:28:34,497 - INFO - (-168.551 -63.546 1.689)
2025-10-02 17:28:34,506 - INFO - (-168.452 -63.664 1.992)
2025-10-02 17:28:34,516 - INFO - (-168.354 -63.783 5.367)
2025-10-02 17:28:34,526 - INFO - (-168.255 -63.901 -3.314)
2025-10-02 17:28:34,537 - INFO - (-168.156 -64.019 -0.243)
2025-10-02 17:28:34,546 - INFO - (-168.058 -64.137 -0.963)
2025-10-02 17:28:34,556 - INFO - (-167.959 -64.255 0.234)
2025-10-02 17:28:34,566 - INFO - (-167.86 -64.373 0.78)
2025-10-02 17:28:34,576 - INFO - (-167.752 -64.502 0.619)
2025-10-02 17:28:34,586 - INFO - (-167.653 -64.621 -0.347)
2025-10-02 17:28:34,596 - INFO - (-167.554 -64.739 -0.842)
2025-10-02 17:28:34,606 - INFO - (-167.455 -64.856 -3.455)
2025-10-02 17:28:34,616 - INFO - (-167.356 -64.973 -3.104)
2025-10-02 17:28:34,626 - INFO - (-167.256 -65.089 -5.157)
2025-10-02 17:28:34,636 - INFO - (-167.156 -65.204 1.324)
2025-10-02 17:28:34,646 - INFO - (-167.055 -65.318 -4.389)
2025-10-02 17:28:34,656 - INFO - (-166.964 -65.421 0.052)
2025-10-02 17:28:34,666 - INFO - (-166.862 -65.534 -1.465)
2025-10-02 17:28:34,676 - INFO - (-166.759 -65.646 -1.825)
2025-10-02 17:28:34,686 - INFO - (-166.657 -65.757 -5.915)
2025-10-02 17:28:34,696 - INFO - (-166.553 -65.868 1.671)
2025-10-02 17:28:34,706 - INFO - (-166.449 -65.979 -0.335)
2025-10-02 17:28:34,716 - INFO - (-166.345 -66.089 3.595)
2025-10-02 17:28:34,726 - INFO - (-166.241 -66.199 -4.449)
2025-10-02 17:28:34,736 - INFO - (-166.136 -66.308 -4.042)
2025-10-02 17:28:34,746 - INFO - (-166.03 -66.415 -1.842)
2025-10-02 17:28:34,756 - INFO - (-165.924 -66.522 -1.417)
2025-10-02 17:28:34,766 - INFO - (-165.828 -66.618 -1.392)
2025-10-02 17:28:34,776 - INFO - (-165.72 -66.723 -0.673)
2025-10-02 17:28:34,786 - INFO - (-165.612 -66.828 -2.562)
2025-10-02 17:28:34,796 - INFO - (-165.504 -66.932 -2.029)
2025-10-02 17:28:34,806 - INFO - (-165.395 -67.035 -1.546)
2025-10-02 17:28:34,816 - INFO - (-165.285 -67.137 -1.594)
2025-10-02 17:28:34,826 - INFO - (-165.176 -67.239 -8.923)
2025-10-02 17:28:34,836 - INFO - (-165.066 -67.34 2.722)
2025-10-02 17:28:34,846 - INFO - (-164.957 -67.441 2.422)
2025-10-02 17:28:34,856 - INFO - (-164.847 -67.542 2.786)
2025-10-02 17:28:34,867 - INFO - (-164.736 -67.643 2.416)
2025-10-02 17:28:34,877 - INFO - (-164.614 -67.754 2.821)
2025-10-02 17:28:34,887 - INFO - (-164.503 -67.855 -2.439)
2025-10-02 17:28:34,897 - INFO - (-164.402 -67.945 -0.515)
2025-10-02 17:28:34,906 - INFO - (-164.29 -68.044 1.773)
2025-10-02 17:28:34,917 - INFO - (-164.177 -68.144 4.227)
2025-10-02 17:28:34,926 - INFO - (-164.065 -68.243 -0.84)
2025-10-02 17:28:34,936 - INFO - (-163.951 -68.342 0.952)
2025-10-02 17:28:34,946 - INFO - (-163.838 -68.441 4.403)
2025-10-02 17:28:34,956 - INFO - (-163.724 -68.541 -1.207)
2025-10-02 17:28:34,966 - INFO - (-163.611 -68.64 1.933)
2025-10-02 17:28:34,976 - INFO - (-163.497 -68.739 3.04)
2025-10-02 17:28:34,986 - INFO - (-163.383 -68.839 -0.922)
2025-10-02 17:28:34,996 - INFO - (-163.269 -68.938 1.608)
2025-10-02 17:28:35,007 - INFO - (-163.155 -69.038 2.436)
2025-10-02 17:28:35,017 - INFO - (-163.041 -69.138 2.078)
2025-10-02 17:28:35,027 - INFO - (-162.926 -69.238 1.441)
2025-10-02 17:28:35,037 - INFO - (-162.824 -69.328 -3.613)
2025-10-02 17:28:35,046 - INFO - (-162.71 -69.428 2.388)
2025-10-02 17:28:35,056 - INFO - (-162.595 -69.527 2.922)
2025-10-02 17:28:35,066 - INFO - (-162.469 -69.637 0.964)
2025-10-02 17:28:35,076 - INFO - (-162.366 -69.727 2.065)
2025-10-02 17:28:35,086 - INFO - (-162.251 -69.828 0.956)
2025-10-02 17:28:35,096 - INFO - (-162.124 -69.938 -0.814)
2025-10-02 17:28:35,106 - INFO - (-162.009 -70.038 1.992)
2025-10-02 17:28:35,116 - INFO - (-161.906 -70.129 0.866)
2025-10-02 17:28:35,126 - INFO - (-161.791 -70.229 1.152)
2025-10-02 17:28:35,136 - INFO - (-161.676 -70.33 -0.386)
2025-10-02 17:28:35,146 - INFO - (-161.561 -70.43 2.19)
2025-10-02 17:28:35,156 - INFO - (-161.445 -70.53 -0.561)
2025-10-02 17:28:35,166 - INFO - (-161.33 -70.631 -1.271)
2025-10-02 17:28:35,176 - INFO - (-161.215 -70.731 1.481)
2025-10-02 17:28:35,186 - INFO - (-161.099 -70.832 -0.624)
2025-10-02 17:28:35,196 - INFO - (-160.984 -70.932 0.322)
2025-10-02 17:28:35,206 - INFO - (-160.869 -71.033 0.095)
2025-10-02 17:28:35,216 - INFO - (-160.753 -71.133 -0.063)
2025-10-02 17:28:35,226 - INFO - (-160.638 -71.234 -0.225)
2025-10-02 17:28:35,237 - INFO - (-160.523 -71.334 -3.588)
2025-10-02 17:28:35,247 - INFO - (-160.408 -71.434 2.184)
2025-10-02 17:28:35,257 - INFO - (-160.292 -71.535 1.187)
2025-10-02 17:28:35,267 - INFO - (-160.177 -71.635 -2.29)
2025-10-02 17:28:35,276 - INFO - (-160.062 -71.735 1.914)
2025-10-02 17:28:35,286 - INFO - (-159.947 -71.836 -1.737)
2025-10-02 17:28:35,296 - INFO - (-159.832 -71.936 1.626)
2025-10-02 17:28:35,306 - INFO - (-159.716 -72.037 0.921)
2025-10-02 17:28:35,316 - INFO - (-159.601 -72.137 0.099)
2025-10-02 17:28:35,326 - INFO - (-159.486 -72.238 1.74)
2025-10-02 17:28:35,336 - INFO - (-159.37 -72.338 -1.568)
2025-10-02 17:28:35,346 - INFO - (-159.255 -72.439 2.877)
2025-10-02 17:28:35,356 - INFO - (-159.128 -72.549 -1.957)
2025-10-02 17:28:35,366 - INFO - (-159.012 -72.65 -0.669)
2025-10-02 17:28:35,376 - INFO - (-158.897 -72.75 0.85)
2025-10-02 17:28:35,386 - INFO - (-158.781 -72.851 0.313)
2025-10-02 17:28:35,397 - INFO - (-158.666 -72.951 0.22)
2025-10-02 17:28:35,407 - INFO - (-158.55 -73.052 -0.021)
2025-10-02 17:28:35,417 - INFO - (-158.435 -73.152 -0.216)
2025-10-02 17:28:35,427 - INFO - (-158.319 -73.253 -0.37)
2025-10-02 17:28:35,436 - INFO - (-158.204 -73.354 -5.0)
2025-10-02 17:28:35,446 - INFO - (-158.089 -73.454 2.138)
2025-10-02 17:28:35,457 - INFO - (-157.974 -73.554 1.842)
2025-10-02 17:28:35,467 - INFO - (-157.858 -73.655 0.777)
2025-10-02 17:28:35,477 - INFO - (-157.754 -73.745 0.434)
2025-10-02 17:28:35,487 - INFO - (-157.628 -73.856 -2.528)
2025-10-02 17:28:35,497 - INFO - (-157.524 -73.946 1.874)
2025-10-02 17:28:35,507 - INFO - (-157.408 -74.047 0.145)
2025-10-02 17:28:35,517 - INFO - (-157.282 -74.157 0.101)
2025-10-02 17:28:35,526 - INFO - (-157.166 -74.258 0.848)
2025-10-02 17:28:35,536 - INFO - (-157.051 -74.359 -0.928)
2025-10-02 17:28:35,546 - INFO - (-156.935 -74.459 1.704)
2025-10-02 17:28:35,557 - INFO - (-156.82 -74.56 -1.701)
2025-10-02 17:28:35,567 - INFO - (-156.704 -74.66 0.146)
2025-10-02 17:28:35,577 - INFO - (-156.589 -74.761 0.627)
2025-10-02 17:28:35,587 - INFO - (-156.473 -74.861 -0.473)
2025-10-02 17:28:35,597 - INFO - (-156.358 -74.962 0.208)
2025-10-02 17:28:35,606 - INFO - (-156.242 -75.063 -0.039)
2025-10-02 17:28:35,616 - INFO - (-156.127 -75.163 -0.232)
2025-10-02 17:28:35,626 - INFO - (-156.012 -75.264 -0.383)
2025-10-02 17:28:35,637 - INFO - (-155.896 -75.364 -3.439)
2025-10-02 17:28:35,647 - INFO - (-155.793 -75.454 1.743)
2025-10-02 17:28:35,657 - INFO - (-155.677 -75.555 -1.351)
2025-10-02 17:28:35,667 - INFO - (-155.562 -75.655 2.264)
2025-10-02 17:28:35,677 - INFO - (-155.447 -75.756 0.886)
2025-10-02 17:28:35,686 - INFO - (-155.331 -75.856 -1.719)
2025-10-02 17:28:35,696 - INFO - (-155.216 -75.957 1.6)
2025-10-02 17:28:35,706 - INFO - (-155.101 -76.057 0.111)
2025-10-02 17:28:35,716 - INFO - (-154.985 -76.158 1.407)
2025-10-02 17:28:35,727 - INFO - (-154.87 -76.258 -1.02)
2025-10-02 17:28:35,737 - INFO - (-154.754 -76.359 1.32)
2025-10-02 17:28:35,747 - INFO - (-154.639 -76.459 -1.768)
2025-10-02 17:28:35,757 - INFO - (-154.535 -76.55 -0.374)
2025-10-02 17:28:35,766 - INFO - (-154.42 -76.65 2.683)
2025-10-02 17:28:35,776 - INFO - (-154.304 -76.751 0.024)
2025-10-02 17:28:35,786 - INFO - (-154.189 -76.852 -2.517)
2025-10-02 17:28:35,796 - INFO - (-154.073 -76.952 -2.371)
2025-10-02 17:28:35,806 - INFO - (-153.947 -77.062 -0.941)
2025-10-02 17:28:35,816 - INFO - (-153.831 -77.163 2.592)
2025-10-02 17:28:35,826 - INFO - (-153.716 -77.263 0.051)
2025-10-02 17:28:35,837 - INFO - (-153.601 -77.364 -3.11)
2025-10-02 17:28:35,846 - INFO - (-153.486 -77.464 1.99)
2025-10-02 17:28:35,857 - INFO - (-153.37 -77.564 0.683)
2025-10-02 17:28:35,866 - INFO - (-153.255 -77.665 1.689)
2025-10-02 17:28:35,876 - INFO - (-153.151 -77.755 0.066)
2025-10-02 17:28:35,886 - INFO - (-153.059 -77.835 -1.687)
2025-10-02 17:28:35,896 - INFO - (-152.955 -77.926 1.793)
2025-10-02 17:28:35,906 - INFO - (-152.84 -78.027 0.3)
2025-10-02 17:28:35,916 - INFO - (-152.713 -78.137 2.679)
2025-10-02 17:28:35,926 - INFO - (-152.597 -78.238 -1.934)
2025-10-02 17:28:35,936 - INFO - (-152.47 -78.349 -0.1)
2025-10-02 17:28:35,946 - INFO - (-152.355 -78.449 -0.513)
2025-10-02 17:28:35,956 - INFO - (-152.239 -78.55 0.17)
2025-10-02 17:28:35,966 - INFO - (-152.124 -78.651 1.789)
2025-10-02 17:28:35,976 - INFO - (-152.008 -78.751 -1.477)
2025-10-02 17:28:35,987 - INFO - (-151.881 -78.862 -0.705)
2025-10-02 17:28:35,996 - INFO - (-151.766 -78.962 0.046)
2025-10-02 17:28:36,006 - INFO - (-151.65 -79.063 -0.165)
2025-10-02 17:28:36,016 - INFO - (-151.546 -79.153 -0.292)
2025-10-02 17:28:36,027 - INFO - (-151.419 -79.264 -0.498)
2025-10-02 17:28:36,037 - INFO - (-151.304 -79.364 -3.682)
2025-10-02 17:28:36,047 - INFO - (-151.188 -79.464 -0.965)
2025-10-02 17:28:36,057 - INFO - (-151.072 -79.562 3.755)
2025-10-02 17:28:36,066 - INFO - (-150.954 -79.661 3.258)
2025-10-02 17:28:36,076 - INFO - (-150.837 -79.758 -1.41)
2025-10-02 17:28:36,086 - INFO - (-150.718 -79.855 -0.961)
2025-10-02 17:28:36,096 - INFO - (-150.599 -79.952 0.126)
2025-10-02 17:28:36,107 - INFO - (-150.48 -80.047 -0.794)
2025-10-02 17:28:36,116 - INFO - (-150.36 -80.142 1.613)
2025-10-02 17:28:36,126 - INFO - (-150.228 -80.246 -7.418)
2025-10-02 17:28:36,136 - INFO - (-150.12 -80.331 -2.842)
2025-10-02 17:28:36,146 - INFO - (-149.999 -80.423 -0.589)
2025-10-02 17:28:36,156 - INFO - (-149.878 -80.515 -1.317)
2025-10-02 17:28:36,166 - INFO - (-149.756 -80.606 -1.796)
2025-10-02 17:28:36,176 - INFO - (-149.634 -80.696 -1.842)
2025-10-02 17:28:36,186 - INFO - (-149.512 -80.785 -3.284)
2025-10-02 17:28:36,196 - INFO - (-149.39 -80.874 -1.629)
2025-10-02 17:28:36,206 - INFO - (-149.267 -80.962 -0.89)
2025-10-02 17:28:36,216 - INFO - (-149.143 -81.048 -1.151)
2025-10-02 17:28:36,226 - INFO - (-149.02 -81.134 -6.863)
2025-10-02 17:28:36,237 - INFO - (-148.909 -81.211 1.947)
2025-10-02 17:28:36,247 - INFO - (-148.772 -81.305 2.009)
2025-10-02 17:28:36,257 - INFO - (-148.647 -81.389 0.98)
2025-10-02 17:28:36,267 - INFO - (-148.535 -81.465 0.476)
2025-10-02 17:28:36,276 - INFO - (-148.409 -81.548 1.027)
2025-10-02 17:28:36,287 - INFO - (-148.283 -81.63 -2.007)
2025-10-02 17:28:36,296 - INFO - (-148.156 -81.712 1.815)
2025-10-02 17:28:36,306 - INFO - (-148.016 -81.801 4.131)
2025-10-02 17:28:36,316 - INFO - (-147.889 -81.882 2.063)
2025-10-02 17:28:36,326 - INFO - (-147.761 -81.963 -1.03)
2025-10-02 17:28:36,336 - INFO - (-147.632 -82.043 1.116)
2025-10-02 17:28:36,346 - INFO - (-147.516 -82.114 3.063)
2025-10-02 17:28:36,356 - INFO - (-147.373 -82.201 3.668)
2025-10-02 17:28:36,366 - INFO - (-147.242 -82.279 2.566)
2025-10-02 17:28:36,376 - INFO - (-147.111 -82.358 3.272)
2025-10-02 17:28:36,386 - INFO - (-146.98 -82.436 0.395)
2025-10-02 17:28:36,396 - INFO - (-146.849 -82.515 3.341)
2025-10-02 17:28:36,406 - INFO - (-146.718 -82.593 3.093)
2025-10-02 17:28:36,416 - INFO - (-146.586 -82.673 2.739)
2025-10-02 17:28:36,426 - INFO - (-146.455 -82.752 -1.008)
2025-10-02 17:28:36,436 - INFO - (-146.323 -82.831 2.974)
2025-10-02 17:28:36,446 - INFO - (-146.191 -82.91 2.93)
2025-10-02 17:28:36,456 - INFO - (-146.072 -82.982 0.527)
2025-10-02 17:28:36,467 - INFO - (-145.927 -83.069 2.246)
2025-10-02 17:28:36,477 - INFO - (-145.794 -83.148 1.403)
2025-10-02 17:28:36,487 - INFO - (-145.662 -83.228 -4.41)
2025-10-02 17:28:36,497 - INFO - (-145.529 -83.307 3.019)
2025-10-02 17:28:36,506 - INFO - (-145.41 -83.378 2.433)
2025-10-02 17:28:36,516 - INFO - (-145.277 -83.458 4.502)
2025-10-02 17:28:36,526 - INFO - (-145.144 -83.538 -2.973)
2025-10-02 17:28:36,536 - INFO - (-145.011 -83.617 1.581)
2025-10-02 17:28:36,546 - INFO - (-144.878 -83.696 -1.082)
2025-10-02 17:28:36,556 - INFO - (-144.745 -83.776 1.572)
2025-10-02 17:28:36,566 - INFO - (-144.612 -83.855 2.902)
2025-10-02 17:28:36,576 - INFO - (-144.479 -83.935 0.417)
2025-10-02 17:28:36,586 - INFO - (-144.332 -84.023 -2.151)
2025-10-02 17:28:36,597 - INFO - (-144.199 -84.102 0.346)
2025-10-02 17:28:36,607 - INFO - (-144.066 -84.182 1.652)
2025-10-02 17:28:36,617 - INFO - (-143.932 -84.261 0.609)
2025-10-02 17:28:36,627 - INFO - (-143.813 -84.333 -3.333)
2025-10-02 17:28:36,636 - INFO - (-143.679 -84.413 2.102)
2025-10-02 17:28:36,646 - INFO - (-143.546 -84.492 -0.73)
2025-10-02 17:28:36,657 - INFO - (-143.413 -84.572 3.021)
2025-10-02 17:28:36,666 - INFO - (-143.279 -84.651 0.967)
2025-10-02 17:28:36,676 - INFO - (-143.145 -84.731 -0.094)
2025-10-02 17:28:36,686 - INFO - (-143.012 -84.811 -2.139)
2025-10-02 17:28:36,696 - INFO - (-142.879 -84.89 2.253)
2025-10-02 17:28:36,706 - INFO - (-142.745 -84.97 2.368)
2025-10-02 17:28:36,716 - INFO - (-142.611 -85.05 -0.908)
2025-10-02 17:28:36,726 - INFO - (-142.477 -85.13 -1.033)
2025-10-02 17:28:36,737 - INFO - (-142.344 -85.209 0.482)
2025-10-02 17:28:36,747 - INFO - (-142.21 -85.289 0.203)
2025-10-02 17:28:36,757 - INFO - (-142.076 -85.369 0.213)
2025-10-02 17:28:36,766 - INFO - (-141.942 -85.449 2.152)
2025-10-02 17:28:36,776 - INFO - (-141.809 -85.528 -2.251)
2025-10-02 17:28:36,786 - INFO - (-141.675 -85.608 -0.209)
2025-10-02 17:28:36,796 - INFO - (-141.541 -85.688 0.003)
2025-10-02 17:28:36,806 - INFO - (-141.394 -85.776 -0.245)
2025-10-02 17:28:36,818 - INFO - (-141.274 -85.847 -0.319)
2025-10-02 17:28:36,827 - INFO - (-141.127 -85.935 -3.025)
2025-10-02 17:28:36,837 - INFO - (-141.007 -86.007 1.496)
2025-10-02 17:28:36,847 - INFO - (-140.887 -86.078 0.687)
2025-10-02 17:28:36,856 - INFO - (-140.74 -86.166 1.321)
2025-10-02 17:28:36,866 - INFO - (-140.606 -86.245 0.096)
2025-10-02 17:28:36,877 - INFO - (-140.472 -86.325 -4.018)
2025-10-02 17:28:36,886 - INFO - (-140.339 -86.404 2.117)
2025-10-02 17:28:36,896 - INFO - (-140.205 -86.484 1.774)
2025-10-02 17:28:36,906 - INFO - (-140.072 -86.564 1.851)
2025-10-02 17:28:36,916 - INFO - (-139.938 -86.644 -5.126)
2025-10-02 17:28:36,926 - INFO - (-139.805 -86.723 -4.86)
2025-10-02 17:28:36,936 - INFO - (-139.672 -86.802 -4.926)
2025-10-02 17:28:36,947 - INFO - (-139.539 -86.88 -3.776)
2025-10-02 17:28:36,957 - INFO - (-139.406 -86.957 -3.745)
2025-10-02 17:28:36,967 - INFO - (-139.273 -87.034 -1.313)
2025-10-02 17:28:36,976 - INFO - (-139.153 -87.102 -4.626)
2025-10-02 17:28:36,986 - INFO - (-139.02 -87.178 -3.849)
2025-10-02 17:28:36,996 - INFO - (-138.887 -87.252 -3.276)
2025-10-02 17:28:37,006 - INFO - (-138.754 -87.326 -3.38)
2025-10-02 17:28:37,016 - INFO - (-138.608 -87.406 -9.793)
2025-10-02 17:28:37,026 - INFO - (-138.488 -87.471 1.075)
2025-10-02 17:28:37,036 - INFO - (-138.355 -87.542 1.197)
2025-10-02 17:28:37,046 - INFO - (-138.222 -87.614 0.953)
2025-10-02 17:28:37,056 - INFO - (-138.088 -87.684 0.674)
2025-10-02 17:28:37,067 - INFO - (-137.954 -87.754 -3.436)
2025-10-02 17:28:37,077 - INFO - (-137.82 -87.823 -1.7)
2025-10-02 17:28:37,087 - INFO - (-137.685 -87.891 -2.892)
2025-10-02 17:28:37,097 - INFO - (-137.551 -87.958 0.19)
2025-10-02 17:28:37,107 - INFO - (-137.416 -88.026 2.94)
2025-10-02 17:28:37,116 - INFO - (-137.28 -88.092 -2.63)
2025-10-02 17:28:37,126 - INFO - (-137.158 -88.151 1.548)
2025-10-02 17:28:37,136 - INFO - (-137.009 -88.222 -1.337)
2025-10-02 17:28:37,146 - INFO - (-136.872 -88.287 0.071)
2025-10-02 17:28:37,156 - INFO - (-136.75 -88.344 0.522)
2025-10-02 17:28:37,166 - INFO - (-136.613 -88.408 3.398)
2025-10-02 17:28:37,176 - INFO - (-136.462 -88.478 -1.49)
2025-10-02 17:28:37,186 - INFO - (-136.339 -88.535 -0.459)
2025-10-02 17:28:37,196 - INFO - (-136.202 -88.598 1.669)
2025-10-02 17:28:37,206 - INFO - (-136.065 -88.661 1.999)
2025-10-02 17:28:37,216 - INFO - (-135.914 -88.731 -4.142)
2025-10-02 17:28:37,226 - INFO - (-135.79 -88.787 2.977)
2025-10-02 17:28:37,236 - INFO - (-135.653 -88.85 2.794)
2025-10-02 17:28:37,246 - INFO - (-135.515 -88.913 2.316)
2025-10-02 17:28:37,256 - INFO - (-135.376 -88.975 1.762)
2025-10-02 17:28:37,266 - INFO - (-135.238 -89.037 1.751)
2025-10-02 17:28:37,276 - INFO - (-135.099 -89.099 1.187)
2025-10-02 17:28:37,286 - INFO - (-134.96 -89.162 -0.057)
2025-10-02 17:28:37,296 - INFO - (-134.821 -89.224 1.796)
2025-10-02 17:28:37,306 - INFO - (-134.682 -89.286 2.785)
2025-10-02 17:28:37,316 - INFO - (-134.529 -89.354 -1.529)
2025-10-02 17:28:37,326 - INFO - (-134.404 -89.41 1.97)
2025-10-02 17:28:37,336 - INFO - (-134.25 -89.478 -0.574)
2025-10-02 17:28:37,346 - INFO - (-134.111 -89.539 0.786)
2025-10-02 17:28:37,357 - INFO - (-133.985 -89.595 0.558)
2025-10-02 17:28:37,366 - INFO - (-133.831 -89.663 4.874)
2025-10-02 17:28:37,376 - INFO - (-133.691 -89.725 -2.312)
2025-10-02 17:28:37,386 - INFO - (-133.551 -89.786 -2.379)
2025-10-02 17:28:37,396 - INFO - (-133.412 -89.848 -2.059)
2025-10-02 17:28:37,406 - INFO - (-133.272 -89.909 2.292)
2025-10-02 17:28:37,416 - INFO - (-133.132 -89.971 -3.052)
2025-10-02 17:28:37,426 - INFO - (-132.993 -90.032 1.782)
2025-10-02 17:28:37,436 - INFO - (-132.853 -90.093 2.132)
2025-10-02 17:28:37,446 - INFO - (-132.727 -90.148 -0.618)
2025-10-02 17:28:37,456 - INFO - (-132.587 -90.21 3.438)
2025-10-02 17:28:37,466 - INFO - (-132.447 -90.271 1.582)
2025-10-02 17:28:37,476 - INFO - (-132.306 -90.332 0.483)
2025-10-02 17:28:37,486 - INFO - (-132.166 -90.394 -0.504)
2025-10-02 17:28:37,496 - INFO - (-132.025 -90.455 1.592)
2025-10-02 17:28:37,506 - INFO - (-131.885 -90.516 1.991)
2025-10-02 17:28:37,516 - INFO - (-131.744 -90.578 -1.139)
2025-10-02 17:28:37,526 - INFO - (-131.603 -90.639 2.733)
2025-10-02 17:28:37,536 - INFO - (-131.448 -90.706 -1.841)
2025-10-02 17:28:37,546 - INFO - (-131.322 -90.761 -0.101)
2025-10-02 17:28:37,556 - INFO - (-131.181 -90.823 0.752)
2025-10-02 17:28:37,566 - INFO - (-131.04 -90.884 1.315)
2025-10-02 17:28:37,576 - INFO - (-130.913 -90.939 -0.705)
2025-10-02 17:28:37,586 - INFO - (-130.758 -91.006 0.058)
2025-10-02 17:28:37,596 - INFO - (-130.617 -91.068 -0.066)
2025-10-02 17:28:37,606 - INFO - (-130.476 -91.129 -0.165)
2025-10-02 17:28:37,616 - INFO - (-130.335 -91.19 -4.682)
2025-10-02 17:28:37,626 - INFO - (-130.195 -91.251 1.311)
2025-10-02 17:28:37,636 - INFO - (-130.054 -91.312 1.746)
2025-10-02 17:28:37,646 - INFO - (-129.913 -91.373 1.693)
2025-10-02 17:28:37,656 - INFO - (-129.772 -91.434 0.59)
2025-10-02 17:28:37,666 - INFO - (-129.631 -91.496 -0.374)
2025-10-02 17:28:37,676 - INFO - (-129.504 -91.551 -0.051)
2025-10-02 17:28:37,686 - INFO - (-129.363 -91.612 -2.096)
2025-10-02 17:28:37,696 - INFO - (-129.208 -91.679 2.0)
2025-10-02 17:28:37,706 - INFO - (-129.067 -91.74 1.748)
2025-10-02 17:28:37,716 - INFO - (-128.926 -91.802 -1.685)
2025-10-02 17:28:37,726 - INFO - (-128.799 -91.857 1.679)
2025-10-02 17:28:37,736 - INFO - (-128.658 -91.918 -1.348)
2025-10-02 17:28:37,746 - INFO - (-128.517 -91.979 0.767)
2025-10-02 17:28:37,756 - INFO - (-128.376 -92.04 0.706)
2025-10-02 17:28:37,766 - INFO - (-128.235 -92.101 1.825)
2025-10-02 17:28:37,776 - INFO - (-128.093 -92.162 -1.642)
2025-10-02 17:28:37,786 - INFO - (-127.952 -92.224 0.143)
2025-10-02 17:28:37,796 - INFO - (-127.811 -92.285 0.076)
2025-10-02 17:28:37,806 - INFO - (-127.67 -92.346 -0.121)
2025-10-02 17:28:37,816 - INFO - (-127.529 -92.407 -3.286)
2025-10-02 17:28:37,826 - INFO - (-127.388 -92.468 2.281)
2025-10-02 17:28:37,836 - INFO - (-127.246 -92.529 -2.574)
2025-10-02 17:28:37,846 - INFO - (-127.105 -92.59 2.04)
2025-10-02 17:28:37,857 - INFO - (-126.964 -92.651 1.631)
2025-10-02 17:28:37,866 - INFO - (-126.823 -92.712 -0.069)
2025-10-02 17:28:37,876 - INFO - (-126.682 -92.773 -1.289)
2025-10-02 17:28:37,886 - INFO - (-126.527 -92.841 0.527)
2025-10-02 17:28:37,896 - INFO - (-126.385 -92.902 2.049)
2025-10-02 17:28:37,906 - INFO - (-126.244 -92.963 -4.609)
2025-10-02 17:28:37,916 - INFO - (-126.103 -93.023 -4.364)
2025-10-02 17:28:37,926 - INFO - (-125.963 -93.083 -2.513)
2025-10-02 17:28:37,936 - INFO - (-125.822 -93.143 -3.319)
2025-10-02 17:28:37,946 - INFO - (-125.682 -93.202 -3.281)
2025-10-02 17:28:37,956 - INFO - (-125.541 -93.26 -3.58)
2025-10-02 17:28:37,966 - INFO - (-125.4 -93.317 0.925)
2025-10-02 17:28:37,976 - INFO - (-125.26 -93.374 -6.12)
2025-10-02 17:28:37,986 - INFO - (-125.12 -93.43 -5.061)
2025-10-02 17:28:37,996 - INFO - (-124.98 -93.486 -1.967)
2025-10-02 17:28:38,006 - INFO - (-124.839 -93.54 -1.682)
2025-10-02 17:28:38,016 - INFO - (-124.7 -93.595 -6.237)
2025-10-02 17:28:38,026 - INFO - (-124.574 -93.643 2.882)
2025-10-02 17:28:38,036 - INFO - (-124.419 -93.701 1.424)
2025-10-02 17:28:38,046 - INFO - (-124.278 -93.754 -0.382)
2025-10-02 17:28:38,056 - INFO - (-124.137 -93.805 -0.84)
2025-10-02 17:28:38,067 - INFO - (-123.996 -93.855 -1.989)
2025-10-02 17:28:38,077 - INFO - (-123.854 -93.905 -1.821)
2025-10-02 17:28:38,087 - INFO - (-123.713 -93.953 -3.151)
2025-10-02 17:28:38,097 - INFO - (-123.571 -94.001 4.169)
2025-10-02 17:28:38,107 - INFO - (-123.429 -94.05 -0.135)
2025-10-02 17:28:38,117 - INFO - (-123.287 -94.097 -1.29)
2025-10-02 17:28:38,126 - INFO - (-123.145 -94.143 -0.226)
2025-10-02 17:28:38,136 - INFO - (-123.002 -94.189 0.055)
2025-10-02 17:28:38,146 - INFO - (-122.859 -94.233 0.982)
2025-10-02 17:28:38,156 - INFO - (-122.716 -94.277 0.584)
2025-10-02 17:28:38,166 - INFO - (-122.572 -94.32 4.312)
2025-10-02 17:28:38,176 - INFO - (-122.428 -94.362 -1.668)
2025-10-02 17:28:38,186 - INFO - (-122.298 -94.399 -1.513)
2025-10-02 17:28:38,196 - INFO - (-122.154 -94.44 -0.025)
2025-10-02 17:28:38,206 - INFO - (-122.009 -94.481 0.658)
2025-10-02 17:28:38,216 - INFO - (-121.851 -94.524 -3.157)
2025-10-02 17:28:38,226 - INFO - (-121.72 -94.56 4.584)
2025-10-02 17:28:38,236 - INFO - (-121.575 -94.599 2.358)
2025-10-02 17:28:38,246 - INFO - (-121.429 -94.637 1.786)
2025-10-02 17:28:38,256 - INFO - (-121.283 -94.674 2.264)
2025-10-02 17:28:38,266 - INFO - (-121.137 -94.711 1.453)
2025-10-02 17:28:38,276 - INFO - (-121.005 -94.743 0.943)
2025-10-02 17:28:38,286 - INFO - (-120.859 -94.779 -1.63)
2025-10-02 17:28:38,296 - INFO - (-120.712 -94.815 2.966)
2025-10-02 17:28:38,306 - INFO - (-120.55 -94.855 3.295)
2025-10-02 17:28:38,316 - INFO - (-120.417 -94.887 -0.201)
2025-10-02 17:28:38,326 - INFO - (-120.255 -94.926 2.937)
2025-10-02 17:28:38,336 - INFO - (-120.108 -94.962 2.498)
2025-10-02 17:28:38,346 - INFO - (-119.96 -94.997 2.345)
2025-10-02 17:28:38,356 - INFO - (-119.811 -95.032 2.134)
2025-10-02 17:28:38,366 - INFO - (-119.663 -95.068 1.482)
2025-10-02 17:28:38,376 - INFO - (-119.514 -95.103 0.817)
2025-10-02 17:28:38,386 - INFO - (-119.366 -95.138 1.216)
2025-10-02 17:28:38,396 - INFO - (-119.217 -95.173 1.037)
2025-10-02 17:28:38,406 - INFO - (-119.068 -95.208 0.617)
2025-10-02 17:28:38,416 - INFO - (-118.919 -95.244 -2.675)
2025-10-02 17:28:38,426 - INFO - (-118.77 -95.279 2.453)
2025-10-02 17:28:38,436 - INFO - (-118.621 -95.313 2.255)
2025-10-02 17:28:38,446 - INFO - (-118.472 -95.348 0.57)
2025-10-02 17:28:38,456 - INFO - (-118.323 -95.383 1.668)
2025-10-02 17:28:38,466 - INFO - (-118.173 -95.418 0.937)
2025-10-02 17:28:38,476 - INFO - (-118.039 -95.45 0.498)
2025-10-02 17:28:38,486 - INFO - (-117.874 -95.489 -4.97)
2025-10-02 17:28:38,496 - INFO - (-117.725 -95.523 2.555)
2025-10-02 17:28:38,506 - INFO - (-117.576 -95.559 3.315)
2025-10-02 17:28:38,516 - INFO - (-117.426 -95.594 0.193)
2025-10-02 17:28:38,526 - INFO - (-117.276 -95.628 4.092)
2025-10-02 17:28:38,536 - INFO - (-117.126 -95.663 -2.965)
2025-10-02 17:28:38,546 - INFO - (-116.976 -95.698 -0.237)
2025-10-02 17:28:38,556 - INFO - (-116.841 -95.729 1.65)
2025-10-02 17:28:38,566 - INFO - (-116.676 -95.767 1.138)
2025-10-02 17:28:38,576 - INFO - (-116.526 -95.802 1.43)
2025-10-02 17:28:38,586 - INFO - (-116.376 -95.837 -0.807)
2025-10-02 17:28:38,596 - INFO - (-116.226 -95.872 0.909)
2025-10-02 17:28:38,606 - INFO - (-116.076 -95.907 0.521)
2025-10-02 17:28:38,616 - INFO - (-115.926 -95.942 -3.915)
2025-10-02 17:28:38,626 - INFO - (-115.776 -95.977 2.245)
2025-10-02 17:28:38,636 - INFO - (-115.625 -96.012 2.105)
2025-10-02 17:28:38,647 - INFO - (-115.475 -96.046 1.234)
2025-10-02 17:28:38,656 - INFO - (-115.324 -96.081 0.227)
2025-10-02 17:28:38,666 - INFO - (-115.174 -96.116 -0.113)
2025-10-02 17:28:38,676 - INFO - (-115.023 -96.151 0.127)
2025-10-02 17:28:38,686 - INFO - (-114.873 -96.186 -2.463)
2025-10-02 17:28:38,697 - INFO - (-114.723 -96.22 1.948)
2025-10-02 17:28:38,706 - INFO - (-114.572 -96.254 -2.361)
2025-10-02 17:28:38,716 - INFO - (-114.422 -96.287 -3.398)
2025-10-02 17:28:38,726 - INFO - (-114.286 -96.316 -0.082)
2025-10-02 17:28:38,736 - INFO - (-114.121 -96.351 0.677)
2025-10-02 17:28:38,746 - INFO - (-113.97 -96.382 -0.821)
2025-10-02 17:28:38,756 - INFO - (-113.835 -96.41 -2.366)
2025-10-02 17:28:38,766 - INFO - (-113.669 -96.443 0.59)
2025-10-02 17:28:38,776 - INFO - (-113.518 -96.472 -4.652)
2025-10-02 17:28:38,786 - INFO - (-113.368 -96.501 -2.981)
2025-10-02 17:28:38,796 - INFO - (-113.218 -96.529 -1.115)
2025-10-02 17:28:38,806 - INFO - (-113.068 -96.556 -1.146)
2025-10-02 17:28:38,816 - INFO - (-112.918 -96.582 -4.896)
2025-10-02 17:28:38,826 - INFO - (-112.783 -96.605 1.951)
2025-10-02 17:28:38,837 - INFO - (-112.617 -96.633 1.898)
2025-10-02 17:28:38,847 - INFO - (-112.467 -96.658 0.235)
2025-10-02 17:28:38,857 - INFO - (-112.316 -96.681 -0.012)
2025-10-02 17:28:38,867 - INFO - (-112.165 -96.704 0.015)
2025-10-02 17:28:38,877 - INFO - (-112.014 -96.726 -0.236)
2025-10-02 17:28:38,886 - INFO - (-111.863 -96.747 -2.351)
2025-10-02 17:28:38,896 - INFO - (-111.712 -96.767 4.269)
2025-10-02 17:28:38,906 - INFO - (-111.561 -96.788 0.392)
2025-10-02 17:28:38,916 - INFO - (-111.409 -96.807 -0.474)
2025-10-02 17:28:38,926 - INFO - (-111.258 -96.826 2.522)
2025-10-02 17:28:38,936 - INFO - (-111.106 -96.844 0.212)
2025-10-02 17:28:38,946 - INFO - (-110.969 -96.859 0.785)
2025-10-02 17:28:38,956 - INFO - (-110.817 -96.876 1.59)
2025-10-02 17:28:38,966 - INFO - (-110.664 -96.892 4.939)
2025-10-02 17:28:38,976 - INFO - (-110.511 -96.907 -0.212)
2025-10-02 17:28:38,986 - INFO - (-110.373 -96.92 1.037)
2025-10-02 17:28:38,996 - INFO - (-110.22 -96.935 2.952)
2025-10-02 17:28:39,006 - INFO - (-110.051 -96.95 3.554)
2025-10-02 17:28:39,016 - INFO - (-109.897 -96.965 -1.909)
2025-10-02 17:28:39,026 - INFO - (-109.744 -96.979 2.841)
2025-10-02 17:28:39,036 - INFO - (-109.589 -96.993 3.84)
2025-10-02 17:28:39,046 - INFO - (-109.435 -97.006 2.88)
2025-10-02 17:28:39,056 - INFO - (-109.28 -97.02 2.33)
2025-10-02 17:28:39,067 - INFO - (-109.125 -97.033 2.506)
2025-10-02 17:28:39,077 - INFO - (-108.97 -97.046 -1.498)
2025-10-02 17:28:39,087 - INFO - (-108.815 -97.059 1.118)
2025-10-02 17:28:39,097 - INFO - (-108.66 -97.072 2.885)
2025-10-02 17:28:39,107 - INFO - (-108.519 -97.084 3.281)
2025-10-02 17:28:39,117 - INFO - (-108.364 -97.096 -1.357)
2025-10-02 17:28:39,126 - INFO - (-108.208 -97.109 3.159)
2025-10-02 17:28:39,136 - INFO - (-108.036 -97.122 -0.204)
2025-10-02 17:28:39,146 - INFO - (-107.896 -97.133 1.382)
2025-10-02 17:28:39,156 - INFO - (-107.74 -97.145 2.659)
2025-10-02 17:28:39,166 - INFO - (-107.567 -97.158 3.639)
2025-10-02 17:28:39,176 - INFO - (-107.426 -97.169 -0.721)
2025-10-02 17:28:39,186 - INFO - (-107.27 -97.181 1.58)
2025-10-02 17:28:39,196 - INFO - (-107.113 -97.193 1.371)
2025-10-02 17:28:39,206 - INFO - (-106.956 -97.205 1.324)
2025-10-02 17:28:39,216 - INFO - (-106.799 -97.217 -1.565)
2025-10-02 17:28:39,226 - INFO - (-106.642 -97.229 2.455)
2025-10-02 17:28:39,236 - INFO - (-106.484 -97.241 1.421)
2025-10-02 17:28:39,246 - INFO - (-106.327 -97.253 -1.45)
2025-10-02 17:28:39,256 - INFO - (-106.17 -97.264 2.202)
2025-10-02 17:28:39,266 - INFO - (-106.012 -97.276 1.216)
2025-10-02 17:28:39,276 - INFO - (-105.871 -97.287 -0.195)
2025-10-02 17:28:39,286 - INFO - (-105.697 -97.3 1.157)
2025-10-02 17:28:39,296 - INFO - (-105.54 -97.311 0.434)
2025-10-02 17:28:39,306 - INFO - (-105.382 -97.323 0.89)
2025-10-02 17:28:39,316 - INFO - (-105.224 -97.335 -0.269)
2025-10-02 17:28:39,326 - INFO - (-105.066 -97.346 1.008)
2025-10-02 17:28:39,336 - INFO - (-104.908 -97.358 -0.661)
2025-10-02 17:28:39,346 - INFO - (-104.75 -97.369 0.088)
2025-10-02 17:28:39,356 - INFO - (-104.593 -97.381 2.564)
2025-10-02 17:28:39,366 - INFO - (-104.434 -97.393 -0.315)
2025-10-02 17:28:39,376 - INFO - (-104.277 -97.404 -2.435)
2025-10-02 17:28:39,386 - INFO - (-104.119 -97.416 -1.751)
2025-10-02 17:28:39,396 - INFO - (-103.961 -97.427 1.795)
2025-10-02 17:28:39,406 - INFO - (-103.788 -97.44 -3.418)
2025-10-02 17:28:39,416 - INFO - (-103.63 -97.452 1.834)
2025-10-02 17:28:39,426 - INFO - (-103.472 -97.463 1.913)
2025-10-02 17:28:39,436 - INFO - (-103.315 -97.474 -1.938)
2025-10-02 17:28:39,446 - INFO - (-103.157 -97.486 2.633)
2025-10-02 17:28:39,456 - INFO - (-102.999 -97.497 2.302)
2025-10-02 17:28:39,466 - INFO - (-102.841 -97.509 -0.875)
2025-10-02 17:28:39,476 - INFO - (-102.682 -97.52 1.151)
2025-10-02 17:28:39,486 - INFO - (-102.524 -97.532 0.392)
2025-10-02 17:28:39,496 - INFO - (-102.366 -97.543 0.489)
2025-10-02 17:28:39,506 - INFO - (-102.208 -97.555 -0.406)
2025-10-02 17:28:39,516 - INFO - (-102.05 -97.566 1.051)
2025-10-02 17:28:39,526 - INFO - (-101.907 -97.576 -1.263)
2025-10-02 17:28:39,536 - INFO - (-101.733 -97.589 -0.266)
2025-10-02 17:28:39,546 - INFO - (-101.575 -97.6 -0.341)
2025-10-02 17:28:39,556 - INFO - (-101.416 -97.612 2.044)
2025-10-02 17:28:39,566 - INFO - (-101.258 -97.623 -2.617)
2025-10-02 17:28:39,576 - INFO - (-101.1 -97.634 -0.172)
2025-10-02 17:28:39,586 - INFO - (-100.942 -97.646 0.386)
2025-10-02 17:28:39,596 - INFO - (-100.784 -97.657 0.076)
2025-10-02 17:28:39,606 - INFO - (-100.626 -97.669 -4.094)
2025-10-02 17:28:39,616 - INFO - (-100.468 -97.68 2.085)
2025-10-02 17:28:39,626 - INFO - (-100.31 -97.691 0.435)
2025-10-02 17:28:39,637 - INFO - (-100.152 -97.702 2.74)
2025-10-02 17:28:39,647 - INFO - (-99.978 -97.715 0.733)
2025-10-02 17:28:39,657 - INFO - (-99.836 -97.725 -0.278)
2025-10-02 17:28:39,667 - INFO - (-99.678 -97.736 -0.155)
2025-10-02 17:28:39,676 - INFO - (-99.519 -97.748 0.582)
2025-10-02 17:28:39,686 - INFO - (-99.361 -97.759 2.158)
2025-10-02 17:28:39,696 - INFO - (-99.202 -97.771 -1.853)
2025-10-02 17:28:39,706 - INFO - (-99.044 -97.782 1.237)
2025-10-02 17:28:39,716 - INFO - (-98.886 -97.794 -1.424)
2025-10-02 17:28:39,726 - INFO - (-98.727 -97.805 0.235)
2025-10-02 17:28:39,736 - INFO - (-98.569 -97.816 0.097)
2025-10-02 17:28:39,746 - INFO - (-98.411 -97.828 0.84)
2025-10-02 17:28:39,756 - INFO - (-98.268 -97.838 -1.364)
2025-10-02 17:28:39,766 - INFO - (-98.094 -97.85 -0.144)
2025-10-02 17:28:39,777 - INFO - (-97.936 -97.862 -0.27)
2025-10-02 17:28:39,786 - INFO - (-97.793 -97.872 -0.361)
2025-10-02 17:28:39,796 - INFO - (-97.635 -97.883 -4.776)
2025-10-02 17:28:39,806 - INFO - (-97.477 -97.895 2.143)
2025-10-02 17:28:39,816 - INFO - (-97.319 -97.906 -2.037)
2025-10-02 17:28:39,826 - INFO - (-97.161 -97.917 2.488)
2025-10-02 17:28:39,836 - INFO - (-97.003 -97.928 2.302)
2025-10-02 17:28:39,846 - INFO - (-96.845 -97.94 0.42)
2025-10-02 17:28:39,856 - INFO - (-96.686 -97.95 1.015)
2025-10-02 17:28:39,866 - INFO - (-96.528 -97.96 -0.302)
2025-10-02 17:28:39,876 - INFO - (-96.37 -97.97 1.427)
2025-10-02 17:28:39,886 - INFO - (-96.211 -97.979 -1.126)
2025-10-02 17:28:39,896 - INFO - (-96.052 -97.987 2.142)
2025-10-02 17:28:39,906 - INFO - (-95.894 -97.995 -1.573)
2025-10-02 17:28:39,916 - INFO - (-95.735 -98.003 0.292)
2025-10-02 17:28:39,927 - INFO - (-95.576 -98.011 0.348)
2025-10-02 17:28:39,936 - INFO - (-95.417 -98.018 4.185)
2025-10-02 17:28:39,946 - INFO - (-95.258 -98.025 -2.027)
2025-10-02 17:28:39,956 - INFO - (-95.099 -98.031 -1.667)
2025-10-02 17:28:39,966 - INFO - (-94.941 -98.037 -1.678)
2025-10-02 17:28:39,976 - INFO - (-94.782 -98.043 -1.619)
2025-10-02 17:28:39,986 - INFO - (-94.623 -98.049 -2.82)
2025-10-02 17:28:39,996 - INFO - (-94.465 -98.054 6.661)
2025-10-02 17:28:40,007 - INFO - (-94.29 -98.059 2.887)
2025-10-02 17:28:40,016 - INFO - (-94.13 -98.063 2.428)
2025-10-02 17:28:40,026 - INFO - (-93.971 -98.066 2.781)
2025-10-02 17:28:40,036 - INFO - (-93.811 -98.068 2.135)
2025-10-02 17:28:40,046 - INFO - (-93.651 -98.07 -0.9)
2025-10-02 17:28:40,057 - INFO - (-93.491 -98.072 3.262)
2025-10-02 17:28:40,066 - INFO - (-93.33 -98.073 1.672)
2025-10-02 17:28:40,076 - INFO - (-93.17 -98.074 1.057)
2025-10-02 17:28:40,086 - INFO - (-93.009 -98.074 3.13)
2025-10-02 17:28:40,096 - INFO - (-92.848 -98.075 2.463)
2025-10-02 17:28:40,106 - INFO - (-92.687 -98.075 1.729)
2025-10-02 17:28:40,116 - INFO - (-92.525 -98.076 4.193)
2025-10-02 17:28:40,126 - INFO - (-92.363 -98.076 5.65)
2025-10-02 17:28:40,136 - INFO - (-92.201 -98.077 4.23)
2025-10-02 17:28:40,146 - INFO - (-92.038 -98.077 3.315)
2025-10-02 17:28:40,156 - INFO - (-91.875 -98.076 3.901)
2025-10-02 17:28:40,166 - INFO - (-91.711 -98.076 2.842)
2025-10-02 17:28:40,176 - INFO - (-91.547 -98.075 2.022)
2025-10-02 17:28:40,186 - INFO - (-91.383 -98.075 3.43)
2025-10-02 17:28:40,196 - INFO - (-91.219 -98.074 3.205)
2025-10-02 17:28:40,206 - INFO - (-91.054 -98.073 2.303)
2025-10-02 17:28:40,216 - INFO - (-90.889 -98.072 2.782)
2025-10-02 17:28:40,226 - INFO - (-90.724 -98.071 4.471)
2025-10-02 17:28:40,236 - INFO - (-90.558 -98.07 3.233)
2025-10-02 17:28:40,246 - INFO - (-90.392 -98.069 2.371)
2025-10-02 17:28:40,256 - INFO - (-90.226 -98.067 -0.66)
2025-10-02 17:28:40,266 - INFO - (-90.06 -98.066 -0.85)
2025-10-02 17:28:40,276 - INFO - (-89.894 -98.064 -0.81)
2025-10-02 17:28:40,286 - INFO - (-89.728 -98.063 -1.951)
2025-10-02 17:28:40,296 - INFO - (-89.563 -98.061 -2.652)
2025-10-02 17:28:40,306 - INFO - (-89.398 -98.059 -2.301)
2025-10-02 17:28:40,316 - INFO - (-89.233 -98.057 -2.003)
2025-10-02 17:28:40,327 - INFO - (-89.084 -98.055 -2.347)
2025-10-02 17:28:40,337 - INFO - (-88.92 -98.053 -2.11)
2025-10-02 17:28:40,347 - INFO - (-88.755 -98.051 -1.698)
2025-10-02 17:28:40,357 - INFO - (-88.591 -98.049 -1.828)
2025-10-02 17:28:40,367 - INFO - (-88.443 -98.047 -1.546)
2025-10-02 17:28:40,377 - INFO - (-88.28 -98.045 -1.364)
2025-10-02 17:28:40,386 - INFO - (-88.116 -98.042 -1.17)
2025-10-02 17:28:40,397 - INFO - (-87.952 -98.04 -1.675)
2025-10-02 17:28:40,407 - INFO - (-87.789 -98.037 -1.419)
2025-10-02 17:28:40,421 - INFO - (-87.609 -98.035 -0.999)
2025-10-02 17:28:40,427 - INFO - (-87.413 -98.032 -1.476)
2025-10-02 17:28:40,436 - INFO - (-87.364 -98.031 -0.309)
2025-10-02 17:28:40,446 - INFO - (-87.201 -98.029 -0.938)
2025-10-02 17:28:40,457 - INFO - (-87.022 -98.028 -0.817)
2025-10-02 17:28:40,467 - INFO - (-86.842 -98.026 -1.058)
2025-10-02 17:28:40,477 - INFO - (-86.68 -98.025 -0.737)
2025-10-02 17:28:40,487 - INFO - (-86.517 -98.024 -0.578)
2025-10-02 17:28:40,497 - INFO - (-86.354 -98.023 -0.099)
2025-10-02 17:28:40,507 - INFO - (-86.191 -98.022 0.046)
2025-10-02 17:28:40,516 - INFO - (-86.029 -98.021 0.036)
2025-10-02 17:28:40,526 - INFO - (-85.85 -98.02 0.523)
2025-10-02 17:28:40,536 - INFO - (-85.687 -98.019 1.025)
2025-10-02 17:28:40,546 - INFO - (-85.524 -98.018 0.803)
2025-10-02 17:28:40,556 - INFO - (-85.361 -98.017 0.63)
2025-10-02 17:28:40,566 - INFO - (-85.198 -98.016 1.253)
2025-10-02 17:28:40,576 - INFO - (-85.018 -98.016 1.055)
2025-10-02 17:28:40,586 - INFO - (-84.871 -98.015 0.677)
2025-10-02 17:28:40,596 - INFO - (-84.708 -98.014 1.128)
2025-10-02 17:28:40,606 - INFO - (-84.544 -98.014 1.176)
2025-10-02 17:28:40,617 - INFO - (-84.364 -98.013 1.004)
2025-10-02 17:28:40,627 - INFO - (-84.201 -98.013 0.889)
2025-10-02 17:28:40,637 - INFO - (-84.037 -98.012 1.055)
2025-10-02 17:28:40,646 - INFO - (-83.873 -98.011 0.825)
2025-10-02 17:28:40,656 - INFO - (-83.709 -98.011 0.647)
2025-10-02 17:28:40,666 - INFO - (-83.545 -98.011 0.942)
2025-10-02 17:28:40,676 - INFO - (-83.364 -98.01 0.84)
2025-10-02 17:28:40,686 - INFO - (-83.216 -98.01 0.539)
2025-10-02 17:28:40,696 - INFO - (-83.036 -98.009 0.862)
2025-10-02 17:28:40,707 - INFO - (-82.871 -98.009 0.824)
2025-10-02 17:28:40,716 - INFO - (-82.707 -98.008 0.647)
2025-10-02 17:28:40,727 - INFO - (-82.542 -98.008 0.592)
2025-10-02 17:28:40,736 - INFO - (-82.378 -98.008 0.749)
2025-10-02 17:28:40,747 - INFO - (-82.213 -98.007 0.585)
2025-10-02 17:28:40,757 - INFO - (-82.049 -98.007 0.459)
2025-10-02 17:28:40,766 - INFO - (-81.884 -98.007 0.605)
2025-10-02 17:28:40,776 - INFO - (-81.719 -98.006 0.522)
2025-10-02 17:28:40,786 - INFO - (-81.554 -98.006 0.41)
2025-10-02 17:28:40,796 - INFO - (-81.389 -98.006 0.473)
2025-10-02 17:28:40,806 - INFO - (-81.224 -98.005 0.56)
2025-10-02 17:28:40,817 - INFO - (-81.059 -98.005 0.439)
2025-10-02 17:28:40,826 - INFO - (-80.894 -98.005 0.344)
2025-10-02 17:28:40,836 - INFO - (-80.746 -98.005 0.442)
2025-10-02 17:28:40,846 - INFO - (-80.581 -98.004 0.386)
2025-10-02 17:28:40,856 - INFO - (-80.415 -98.004 0.303)
2025-10-02 17:28:40,866 - INFO - (-80.25 -98.004 0.319)
2025-10-02 17:28:40,876 - INFO - (-80.085 -98.003 0.318)
2025-10-02 17:28:40,886 - INFO - (-79.92 -98.003 0.249)
2025-10-02 17:28:40,896 - INFO - (-79.755 -98.003 0.219)
2025-10-02 17:28:40,906 - INFO - (-79.589 -98.003 0.35)
2025-10-02 17:28:40,916 - INFO - (-79.424 -98.003 0.272)
2025-10-02 17:28:40,926 - INFO - (-79.259 -98.002 0.214)
2025-10-02 17:28:40,936 - INFO - (-79.093 -98.002 0.29)
2025-10-02 17:28:40,946 - INFO - (-78.928 -98.002 0.27)
2025-10-02 17:28:40,956 - INFO - (-78.762 -98.002 0.212)
2025-10-02 17:28:40,966 - INFO - (-78.597 -98.002 0.215)
2025-10-02 17:28:40,976 - INFO - (-78.431 -98.001 0.264)
2025-10-02 17:28:40,986 - INFO - (-78.266 -98.001 0.206)
2025-10-02 17:28:40,996 - INFO - (-78.117 -98.001 0.147)
2025-10-02 17:28:41,007 - INFO - (-77.951 -98.001 0.276)
2025-10-02 17:28:41,016 - INFO - (-77.786 -98.001 0.245)
2025-10-02 17:28:41,026 - INFO - (-77.62 -98.0 0.192)
2025-10-02 17:28:41,036 - INFO - (-77.455 -98.0 0.198)
2025-10-02 17:28:41,046 - INFO - (-77.289 -98.0 0.215)
2025-10-02 17:28:41,056 - INFO - (-77.123 -98.0 0.169)
2025-10-02 17:28:41,066 - INFO - (-76.974 -98.0 0.121)
2025-10-02 17:28:41,076 - INFO - (-76.792 -98.0 0.212)
2025-10-02 17:28:41,086 - INFO - (-76.626 -98.0 0.156)
2025-10-02 17:28:41,096 - INFO - (-76.461 -97.999 0.122)
2025-10-02 17:28:41,106 - INFO - (-76.295 -97.999 0.18)
2025-10-02 17:28:41,116 - INFO - (-76.129 -97.999 0.187)
2025-10-02 17:28:41,126 - INFO - (-75.964 -97.999 0.147)
2025-10-02 17:28:41,136 - INFO - (-75.798 -97.999 0.162)
2025-10-02 17:28:41,146 - INFO - (-75.632 -97.999 0.283)
2025-10-02 17:28:41,156 - INFO - (-75.466 -97.999 0.221)
2025-10-02 17:28:41,166 - INFO - (-75.3 -97.999 0.174)
2025-10-02 17:28:41,176 - INFO - (-75.134 -97.999 0.361)
2025-10-02 17:28:41,186 - INFO - (-74.985 -97.999 0.298)
2025-10-02 17:28:41,196 - INFO - (-74.819 -97.999 0.264)
2025-10-02 17:28:41,206 - INFO - (-74.653 -97.999 0.294)
2025-10-02 17:28:41,217 - INFO - (-74.471 -97.999 0.555)
2025-10-02 17:28:41,227 - INFO - (-74.305 -97.999 0.369)
2025-10-02 17:28:41,237 - INFO - (-74.139 -97.999 0.289)
2025-10-02 17:28:41,247 - INFO - (-73.989 -97.999 0.42)
2025-10-02 17:28:41,256 - INFO - (-73.823 -97.999 0.367)
2025-10-02 17:28:41,266 - INFO - (-73.657 -97.999 0.288)
2025-10-02 17:28:41,276 - INFO - (-73.491 -97.999 0.369)
2025-10-02 17:28:41,286 - INFO - (-73.324 -97.999 0.308)
2025-10-02 17:28:41,296 - INFO - (-73.158 -97.999 0.271)
2025-10-02 17:28:41,306 - INFO - (-72.975 -97.999 0.283)
2025-10-02 17:28:41,316 - INFO - (-72.809 -97.999 0.378)
2025-10-02 17:28:41,326 - INFO - (-72.642 -97.999 0.295)
2025-10-02 17:28:41,336 - INFO - (-72.476 -97.998 0.232)
2025-10-02 17:28:41,346 - INFO - (-72.31 -97.998 0.342)
2025-10-02 17:28:41,356 - INFO - (-72.143 -97.998 0.3)
2025-10-02 17:28:41,366 - INFO - (-71.977 -97.998 0.235)
2025-10-02 17:28:41,376 - INFO - (-71.81 -97.999 0.273)
2025-10-02 17:28:41,386 - INFO - (-71.644 -97.999 0.325)
2025-10-02 17:28:41,396 - INFO - (-71.477 -97.999 0.255)
2025-10-02 17:28:41,406 - INFO - (-71.31 -97.999 0.2)
2025-10-02 17:28:41,416 - INFO - (-71.144 -97.999 0.457)
2025-10-02 17:28:41,426 - INFO - (-70.977 -97.999 0.354)
2025-10-02 17:28:41,436 - INFO - (-70.81 -97.999 0.278)
2025-10-02 17:28:41,446 - INFO - (-70.644 -97.999 0.438)
2025-10-02 17:28:41,456 - INFO - (-70.477 -97.999 0.464)
2025-10-02 17:28:41,466 - INFO - (-70.31 -97.999 0.365)
2025-10-02 17:28:41,476 - INFO - (-70.143 -97.999 0.243)
2025-10-02 17:28:41,486 - INFO - (-69.993 -97.999 0.043)
2025-10-02 17:28:41,496 - INFO - (-69.809 -97.999 0.042)
2025-10-02 17:28:41,506 - INFO - (-69.643 -97.999 0.029)
2025-10-02 17:28:41,517 - INFO - (-69.476 -97.999 -0.211)
2025-10-02 17:28:41,527 - INFO - (-69.309 -97.999 -0.212)
2025-10-02 17:28:41,537 - INFO - (-69.142 -97.999 -0.167)
2025-10-02 17:28:41,547 - INFO - (-68.975 -97.999 -0.194)
2025-10-02 17:28:41,556 - INFO - (-68.808 -97.999 -0.232)
2025-10-02 17:28:41,566 - INFO - (-68.642 -97.999 -0.182)
2025-10-02 17:28:41,576 - INFO - (-68.475 -97.999 -0.142)
2025-10-02 17:28:41,586 - INFO - (-68.308 -97.999 -0.224)
2025-10-02 17:28:41,596 - INFO - (-68.142 -97.999 -0.174)
2025-10-02 17:28:41,607 - INFO - (-67.975 -97.999 -0.136)
2025-10-02 17:28:41,616 - INFO - (-67.825 -97.999 -0.164)
2025-10-02 17:28:41,626 - INFO - (-67.642 -97.999 -0.211)
2025-10-02 17:28:41,636 - INFO - (-67.475 -97.999 -0.149)
2025-10-02 17:28:41,647 - INFO - (-67.325 -97.999 -0.124)
2025-10-02 17:28:41,657 - INFO - (-67.142 -97.999 -0.262)
2025-10-02 17:28:41,667 - INFO - (-66.975 -97.999 -0.183)
2025-10-02 17:28:41,677 - INFO - (-66.809 -97.999 -0.144)
2025-10-02 17:28:41,686 - INFO - (-66.659 -97.999 -0.134)
2025-10-02 17:28:41,696 - INFO - (-66.492 -97.999 -0.126)
2025-10-02 17:28:41,706 - INFO - (-66.326 -97.999 -0.098)
2025-10-02 17:28:41,716 - INFO - (-66.159 -97.999 -0.022)
2025-10-02 17:28:41,726 - INFO - (-65.992 -97.999 0.091)
2025-10-02 17:28:41,736 - INFO - (-65.826 -97.999 0.071)
2025-10-02 17:28:41,746 - INFO - (-65.659 -97.999 0.056)
2025-10-02 17:28:41,756 - INFO - (-65.493 -97.999 0.158)
2025-10-02 17:28:41,766 - INFO - (-65.326 -98.0 0.133)
2025-10-02 17:28:41,776 - INFO - (-65.16 -98.0 0.104)
2025-10-02 17:28:41,786 - INFO - (-65.01 -98.0 0.131)
2025-10-02 17:28:41,796 - INFO - (-64.843 -98.0 0.181)
2025-10-02 17:28:41,806 - INFO - (-64.677 -98.0 0.142)
2025-10-02 17:28:41,816 - INFO - (-64.51 -98.0 0.111)
2025-10-02 17:28:41,826 - INFO - (-64.343 -98.0 0.197)
2025-10-02 17:28:41,836 - INFO - (-64.177 -98.0 0.153)
2025-10-02 17:28:41,846 - INFO - (-63.993 -98.0 0.131)
2025-10-02 17:28:41,857 - INFO - (-63.843 -98.0 0.128)
2025-10-02 17:28:41,867 - INFO - (-63.66 -98.0 0.145)
2025-10-02 17:28:41,877 - INFO - (-63.493 -98.0 0.102)
2025-10-02 17:28:41,886 - INFO - (-63.343 -98.0 0.093)
2025-10-02 17:28:41,896 - INFO - (-63.16 -98.0 0.098)
2025-10-02 17:28:41,906 - INFO - (-62.993 -98.0 0.076)
2025-10-02 17:28:41,916 - INFO - (-62.826 -98.0 0.06)
2025-10-02 17:28:41,926 - INFO - (-62.643 -98.0 0.077)
2025-10-02 17:28:41,936 - INFO - (-62.476 -98.0 0.056)
2025-10-02 17:28:41,946 - INFO - (-62.309 -98.0 0.044)
2025-10-02 17:28:41,956 - INFO - (-62.142 -98.0 0.039)
2025-10-02 17:28:41,966 - INFO - (-61.976 -98.0 0.033)
2025-10-02 17:28:41,976 - INFO - (-61.809 -98.0 0.026)
2025-10-02 17:28:41,986 - INFO - (-61.659 -98.0 0.018)
2025-10-02 17:28:41,996 - INFO - (-61.492 -98.0 0.017)
2025-10-02 17:28:42,006 - INFO - (-61.325 -98.0 0.013)
2025-10-02 17:28:42,016 - INFO - (-61.158 -98.0 0.01)
2025-10-02 17:28:42,026 - INFO - (-60.992 -98.0 0.009)
2025-10-02 17:28:42,036 - INFO - (-60.825 -98.0 0.007)
2025-10-02 17:28:42,046 - INFO - (-60.658 -98.0 0.006)
2025-10-02 17:28:42,056 - INFO - (-60.491 -98.0 0.006)
2025-10-02 17:28:42,066 - INFO - (-60.324 -98.0 0.006)
2025-10-02 17:28:42,076 - INFO - (-60.158 -98.0 0.005)
2025-10-02 17:28:42,086 - INFO - (-60.007 -98.0 0.004)
2025-10-02 17:28:42,096 - INFO - (-59.824 -98.0 0.009)
2025-10-02 17:28:42,106 - INFO - (-59.657 -98.0 0.007)
2025-10-02 17:28:42,117 - INFO - (-59.49 -98.0 0.005)
2025-10-02 17:28:42,127 - INFO - (-59.324 -98.0 0.007)
2025-10-02 17:28:42,137 - INFO - (-59.157 -98.0 0.008)
2025-10-02 17:28:42,147 - INFO - (-58.99 -98.0 0.006)
2025-10-02 17:28:42,156 - INFO - (-58.823 -98.0 0.006)
2025-10-02 17:28:42,166 - INFO - (-58.656 -98.0 0.009)
2025-10-02 17:28:42,176 - INFO - (-58.49 -98.0 0.007)
2025-10-02 17:28:42,186 - INFO - (-58.323 -98.0 0.006)
2025-10-02 17:28:42,196 - INFO - (-58.156 -98.0 0.01)
2025-10-02 17:28:42,207 - INFO - (-57.989 -98.0 0.01)
2025-10-02 17:28:42,217 - INFO - (-57.822 -98.0 0.008)
2025-10-02 17:28:42,227 - INFO - (-57.655 -98.0 0.008)
2025-10-02 17:28:42,237 - INFO - (-57.489 -98.0 0.796)
2025-10-02 17:28:42,247 - INFO - (-57.322 -98.0 -0.135)
2025-10-02 17:28:42,256 - INFO - (-57.155 -98.0 0.035)
2025-10-02 17:28:42,266 - INFO - (-56.988 -98.0 0.426)
2025-10-02 17:28:42,276 - INFO - (-56.821 -98.0 0.325)
2025-10-02 17:28:42,286 - INFO - (-56.654 -98.0 0.293)
2025-10-02 17:28:42,296 - INFO - (-56.487 -98.0 0.062)
2025-10-02 17:28:42,306 - INFO - (-56.32 -98.0 -0.156)
2025-10-02 17:28:42,316 - INFO - (-56.153 -98.0 -0.281)
2025-10-02 17:28:42,327 - INFO - (-55.986 -98.0 -0.512)
2025-10-02 17:28:42,337 - INFO - (-55.82 -98.0 -1.086)
2025-10-02 17:28:42,347 - INFO - (-55.669 -98.0 0.011)
2025-10-02 17:28:42,356 - INFO - (-55.502 -98.0 1.035)
2025-10-02 17:28:42,366 - INFO - (-55.336 -98.0 0.112)
2025-10-02 17:28:42,376 - INFO - (-55.169 -98.0 0.526)
2025-10-02 17:28:42,386 - INFO - (-55.002 -98.0 0.577)
2025-10-02 17:28:42,396 - INFO - (-54.818 -98.0 0.616)
2025-10-02 17:28:42,407 - INFO - (-54.651 -98.0 0.645)
2025-10-02 17:28:42,416 - INFO - (-54.484 -98.0 0.399)
2025-10-02 17:28:42,426 - INFO - (-54.316 -98.0 0.237)
2025-10-02 17:28:42,436 - INFO - (-54.149 -98.0 -0.294)
2025-10-02 17:28:42,446 - INFO - (-53.982 -98.0 -0.559)
2025-10-02 17:28:42,456 - INFO - (-53.815 -98.0 -1.1)
2025-10-02 17:28:42,466 - INFO - (-53.648 -98.0 -1.13)
2025-10-02 17:28:42,476 - INFO - (-53.481 -98.0 -0.406)
2025-10-02 17:28:42,486 - INFO - (-53.315 -98.0 -0.28)
2025-10-02 17:28:42,496 - INFO - (-53.148 -98.0 -0.252)
2025-10-02 17:28:42,506 - INFO - (-52.981 -98.0 0.252)
2025-10-02 17:28:42,517 - INFO - (-52.814 -98.0 0.196)
2025-10-02 17:28:42,527 - INFO - (-52.647 -98.0 0.154)
2025-10-02 17:28:42,537 - INFO - (-52.497 -98.0 -0.019)
2025-10-02 17:28:42,547 - INFO - (-52.33 -98.0 -0.075)
2025-10-02 17:28:42,556 - INFO - (-52.163 -98.0 -0.06)
2025-10-02 17:28:42,566 - INFO - (-51.997 -98.0 0.02)
2025-10-02 17:28:42,576 - INFO - (-51.83 -98.0 0.241)
2025-10-02 17:28:42,586 - INFO - (-51.663 -98.0 0.188)
2025-10-02 17:28:42,596 - INFO - (-51.496 -98.0 0.148)
2025-10-02 17:28:42,606 - INFO - (-51.329 -98.0 0.249)
2025-10-02 17:28:42,616 - INFO - (-51.162 -98.0 0.221)
2025-10-02 17:28:42,626 - INFO - (-50.995 -98.0 0.174)
2025-10-02 17:28:42,636 - INFO - (-50.828 -98.0 0.064)
2025-10-02 17:28:42,646 - INFO - (-50.661 -98.0 -0.04)
2025-10-02 17:28:42,656 - INFO - (-50.494 -98.0 -0.031)
2025-10-02 17:28:42,667 - INFO - (-50.344 -98.0 -0.022)
2025-10-02 17:28:42,676 - INFO - (-50.16 -98.0 -0.128)
2025-10-02 17:28:42,686 - INFO - (-49.993 -98.0 -0.097)
2025-10-02 17:28:42,696 - INFO - (-49.826 -98.0 -0.076)
2025-10-02 17:28:42,706 - INFO - (-49.659 -98.0 -0.102)
2025-10-02 17:28:42,716 - INFO - (-49.493 -98.0 -0.103)
2025-10-02 17:28:42,726 - INFO - (-49.326 -98.0 -0.081)
2025-10-02 17:28:42,736 - INFO - (-49.159 -98.0 -0.067)
2025-10-02 17:28:42,746 - INFO - (-48.992 -98.0 -0.063)
2025-10-02 17:28:42,756 - INFO - (-48.825 -98.0 -0.049)
2025-10-02 17:28:42,766 - INFO - (-48.658 -98.0 -0.038)
2025-10-02 17:28:42,776 - INFO - (-48.491 -98.0 -0.025)
2025-10-02 17:28:42,786 - INFO - (-48.324 -98.0 -0.018)
2025-10-02 17:28:42,796 - INFO - (-48.157 -98.0 -0.014)
2025-10-02 17:28:42,807 - INFO - (-47.991 -98.0 0.0)
2025-10-02 17:28:42,816 - INFO - (-47.824 -98.0 0.015)
2025-10-02 17:28:42,826 - INFO - (-47.657 -98.0 0.011)
2025-10-02 17:28:42,836 - INFO - (-47.49 -98.0 0.009)
2025-10-02 17:28:42,846 - INFO - (-47.323 -98.0 0.026)
2025-10-02 17:28:42,856 - INFO - (-47.156 -98.0 0.02)
2025-10-02 17:28:42,866 - INFO - (-46.989 -98.0 0.016)
2025-10-02 17:28:42,876 - INFO - (-46.822 -98.0 0.02)
2025-10-02 17:28:42,886 - INFO - (-46.655 -98.0 0.019)
2025-10-02 17:28:42,896 - INFO - (-46.489 -98.0 0.015)
2025-10-02 17:28:42,906 - INFO - (-46.322 -98.0 0.011)
2025-10-02 17:28:42,916 - INFO - (-46.155 -98.0 0.007)
2025-10-02 17:28:42,926 - INFO - (-45.988 -98.0 0.005)
2025-10-02 17:28:42,936 - INFO - (-45.821 -98.0 0.004)
2025-10-02 17:28:42,946 - INFO - (-45.654 -98.0 0.037)
2025-10-02 17:28:42,956 - INFO - (-45.487 -98.0 0.036)
2025-10-02 17:28:42,966 - INFO - (-45.32 -98.0 0.028)
2025-10-02 17:28:42,976 - INFO - (-45.153 -98.0 0.069)
2025-10-02 17:28:42,986 - INFO - (-44.986 -98.0 0.113)
2025-10-02 17:28:42,996 - INFO - (-44.82 -98.0 0.089)
2025-10-02 17:28:43,006 - INFO - (-44.653 -98.0 0.07)
2025-10-02 17:28:43,016 - INFO - (-44.486 -98.0 0.244)
2025-10-02 17:28:43,026 - INFO - (-44.319 -98.0 0.188)
2025-10-02 17:28:43,036 - INFO - (-44.152 -98.0 0.148)
2025-10-02 17:28:43,046 - INFO - (-43.985 -98.0 0.069)
2025-10-02 17:28:43,056 - INFO - (-43.834 -98.0 0.026)
2025-10-02 17:28:43,066 - INFO - (-43.667 -98.0 0.023)
2025-10-02 17:28:43,077 - INFO - (-43.5 -98.0 0.014)
2025-10-02 17:28:43,087 - INFO - (-43.333 -98.0 -0.013)
2025-10-02 17:28:43,097 - INFO - (-43.166 -98.0 -0.01)
2025-10-02 17:28:43,107 - INFO - (-42.999 -98.0 -0.008)
2025-10-02 17:28:43,117 - INFO - (-42.832 -98.0 0.025)
2025-10-02 17:28:43,126 - INFO - (-42.665 -98.0 0.03)
2025-10-02 17:28:43,136 - INFO - (-42.498 -98.0 0.024)
2025-10-02 17:28:43,146 - INFO - (-42.331 -98.0 0.05)
2025-10-02 17:28:43,156 - INFO - (-42.164 -98.0 0.102)
2025-10-02 17:28:43,166 - INFO - (-41.997 -98.0 0.079)
2025-10-02 17:28:43,176 - INFO - (-41.83 -98.0 0.062)
2025-10-02 17:28:43,186 - INFO - (-41.663 -98.0 -0.076)
2025-10-02 17:28:43,196 - INFO - (-41.496 -98.0 -0.07)
2025-10-02 17:28:43,206 - INFO - (-41.329 -98.0 -0.055)
2025-10-02 17:28:43,216 - INFO - (-41.162 -98.0 -0.051)
2025-10-02 17:28:43,226 - INFO - (-40.995 -98.0 -0.047)
2025-10-02 17:28:43,236 - INFO - (-40.828 -98.0 -0.037)
2025-10-02 17:28:43,246 - INFO - (-40.661 -98.0 -0.027)
2025-10-02 17:28:43,256 - INFO - (-40.494 -98.0 -0.009)
2025-10-02 17:28:43,266 - INFO - (-40.327 -98.0 -0.007)
2025-10-02 17:28:43,276 - INFO - (-40.16 -98.0 -0.006)
2025-10-02 17:28:43,286 - INFO - (-39.993 -98.0 0.004)
2025-10-02 17:28:43,296 - INFO - (-39.843 -98.0 0.005)
2025-10-02 17:28:43,306 - INFO - (-39.659 -98.0 0.005)
2025-10-02 17:28:43,316 - INFO - (-39.492 -98.0 0.004)
2025-10-02 17:28:43,326 - INFO - (-39.342 -98.0 0.004)
2025-10-02 17:28:43,336 - INFO - (-39.175 -98.0 0.003)
2025-10-02 17:28:43,346 - INFO - (-39.008 -98.0 0.002)
2025-10-02 17:28:43,356 - INFO - (-38.841 -98.0 -0.001)
2025-10-02 17:28:43,366 - INFO - (-38.674 -98.0 -0.001)
2025-10-02 17:28:43,376 - INFO - (-38.49 -98.0 -0.001)
2025-10-02 17:28:43,386 - INFO - (-38.323 -98.0 -0.005)
2025-10-02 17:28:43,396 - INFO - (-38.156 -98.0 -0.007)
2025-10-02 17:28:43,407 - INFO - (-37.989 -98.0 -0.005)
2025-10-02 17:28:43,417 - INFO - (-37.822 -98.0 -0.005)
2025-10-02 17:28:43,427 - INFO - (-37.655 -98.0 -0.009)
2025-10-02 17:28:43,438 - INFO - (-37.488 -98.0 -0.007)
2025-10-02 17:28:43,447 - INFO - (-37.321 -98.0 -0.005)
2025-10-02 17:28:43,457 - INFO - (-37.154 -98.0 -0.009)
2025-10-02 17:28:43,467 - INFO - (-36.987 -98.0 -0.008)
2025-10-02 17:28:43,476 - INFO - (-36.82 -98.0 -0.007)
2025-10-02 17:28:43,486 - INFO - (-36.653 -98.0 -0.004)
2025-10-02 17:28:43,496 - INFO - (-36.486 -98.0 -0.001)
2025-10-02 17:28:43,506 - INFO - (-36.319 -98.0 -0.001)
2025-10-02 17:28:43,516 - INFO - (-36.152 -98.0 -0.001)
2025-10-02 17:28:43,527 - INFO - (-35.985 -98.0 0.046)
2025-10-02 17:28:43,537 - INFO - (-35.834 -98.0 0.036)
2025-10-02 17:28:43,546 - INFO - (-35.667 -98.0 0.809)
2025-10-02 17:28:43,556 - INFO - (-35.517 -98.0 -0.066)
2025-10-02 17:28:43,566 - INFO - (-35.35 -98.0 0.012)
2025-10-02 17:28:43,576 - INFO - (-35.166 -98.0 0.467)
2025-10-02 17:28:43,586 - INFO - (-34.999 -98.0 0.363)
2025-10-02 17:28:43,596 - INFO - (-34.849 -98.0 -0.377)
2025-10-02 17:28:43,606 - INFO - (-34.665 -98.0 -0.329)
2025-10-02 17:28:43,616 - INFO - (-34.498 -98.0 -0.283)
2025-10-02 17:28:43,626 - INFO - (-34.347 -98.0 0.105)
2025-10-02 17:28:43,636 - INFO - (-34.18 -98.0 0.138)
2025-10-02 17:28:43,646 - INFO - (-34.013 -98.0 -0.822)
2025-10-02 17:28:43,656 - INFO - (-33.846 -98.0 0.168)
2025-10-02 17:28:43,666 - INFO - (-33.679 -98.0 0.803)
2025-10-02 17:28:43,676 - INFO - (-33.512 -98.0 -0.356)
2025-10-02 17:28:43,686 - INFO - (-33.345 -98.0 0.032)
2025-10-02 17:28:43,697 - INFO - (-33.178 -98.0 0.535)
2025-10-02 17:28:43,707 - INFO - (-32.994 -98.0 0.585)
2025-10-02 17:28:43,717 - INFO - (-32.827 -98.0 0.387)
2025-10-02 17:28:43,727 - INFO - (-32.659 -98.0 0.202)
2025-10-02 17:28:43,736 - INFO - (-32.492 -98.0 0.174)
2025-10-02 17:28:43,746 - INFO - (-32.325 -98.0 -0.102)
2025-10-02 17:28:43,756 - INFO - (-32.158 -98.0 -0.336)
2025-10-02 17:28:43,766 - INFO - (-31.991 -98.0 -1.3)
2025-10-02 17:28:43,776 - INFO - (-31.824 -98.0 -1.002)
2025-10-02 17:28:43,786 - INFO - (-31.657 -98.0 -0.488)
2025-10-02 17:28:43,796 - INFO - (-31.49 -98.0 0.105)
2025-10-02 17:28:43,806 - INFO - (-31.323 -98.0 0.242)
2025-10-02 17:28:43,816 - INFO - (-31.156 -98.0 0.193)
2025-10-02 17:28:43,826 - INFO - (-31.005 -98.0 0.123)
2025-10-02 17:28:43,836 - INFO - (-30.838 -98.0 -0.019)
2025-10-02 17:28:43,846 - INFO - (-30.655 -98.0 -0.015)
2025-10-02 17:28:43,856 - INFO - (-30.504 -98.0 -0.01)
2025-10-02 17:28:43,866 - INFO - (-30.321 -98.0 0.018)
2025-10-02 17:28:43,876 - INFO - (-30.154 -98.0 0.02)
2025-10-02 17:28:43,886 - INFO - (-29.987 -98.0 0.016)
2025-10-02 17:28:43,896 - INFO - (-29.82 -98.0 0.003)
2025-10-02 17:28:43,906 - INFO - (-29.653 -98.0 -0.009)
2025-10-02 17:28:43,916 - INFO - (-29.486 -98.0 -0.007)
2025-10-02 17:28:43,926 - INFO - (-29.302 -98.0 -0.001)
2025-10-02 17:28:43,936 - INFO - (-29.135 -98.0 0.036)
2025-10-02 17:28:43,946 - INFO - (-28.968 -98.0 0.028)
2025-10-02 17:28:43,956 - INFO - (-28.801 -98.0 0.022)
2025-10-02 17:28:43,966 - INFO - (-28.634 -98.0 0.045)
2025-10-02 17:28:43,976 - INFO - (-28.467 -98.0 0.045)
2025-10-02 17:28:43,986 - INFO - (-28.3 -98.0 0.035)
2025-10-02 17:28:43,996 - INFO - (-28.133 -98.0 0.012)
2025-10-02 17:28:44,007 - INFO - (-27.966 -98.0 -0.022)
2025-10-02 17:28:44,016 - INFO - (-27.799 -98.0 -0.017)
2025-10-02 17:28:44,026 - INFO - (-27.632 -98.0 -0.014)
2025-10-02 17:28:44,036 - INFO - (-27.465 -98.0 -0.061)
2025-10-02 17:28:44,046 - INFO - (-27.298 -98.0 -0.052)
2025-10-02 17:28:44,057 - INFO - (-27.131 -98.0 -0.041)
2025-10-02 17:28:44,067 - INFO - (-26.964 -98.0 -0.037)
2025-10-02 17:28:44,077 - INFO - (-26.797 -98.0 -0.033)
2025-10-02 17:28:44,087 - INFO - (-26.63 -98.0 -0.026)
2025-10-02 17:28:44,096 - INFO - (-26.463 -98.0 -0.021)
2025-10-02 17:28:44,106 - INFO - (-26.312 -98.0 -0.025)
2025-10-02 17:28:44,116 - INFO - (-26.129 -98.0 -0.024)
2025-10-02 17:28:44,126 - INFO - (-25.962 -98.0 -0.017)
2025-10-02 17:28:44,136 - INFO - (-25.795 -98.0 0.018)
2025-10-02 17:28:44,147 - INFO - (-25.628 -98.0 0.025)
2025-10-02 17:28:44,157 - INFO - (-25.461 -98.0 0.02)
2025-10-02 17:28:44,167 - INFO - (-25.294 -98.0 0.042)
2025-10-02 17:28:44,177 - INFO - (-25.143 -98.0 0.077)
2025-10-02 17:28:44,186 - INFO - (-24.976 -98.0 0.068)
2025-10-02 17:28:44,196 - INFO - (-24.809 -98.0 0.053)
2025-10-02 17:28:44,206 - INFO - (-24.642 -98.0 0.057)
2025-10-02 17:28:44,216 - INFO - (-24.475 -98.0 0.047)
2025-10-02 17:28:44,226 - INFO - (-24.308 -98.0 0.037)
2025-10-02 17:28:44,236 - INFO - (-24.141 -98.0 0.013)
2025-10-02 17:28:44,246 - INFO - (-23.974 -98.0 -0.011)
2025-10-02 17:28:44,256 - INFO - (-23.807 -98.0 -0.008)
2025-10-02 17:28:44,266 - INFO - (-23.657 -98.0 -0.006)
2025-10-02 17:28:44,277 - INFO - (-23.49 -98.0 -0.01)
2025-10-02 17:28:44,287 - INFO - (-23.323 -98.0 -0.009)
2025-10-02 17:28:44,297 - INFO - (-23.156 -98.0 -0.006)
2025-10-02 17:28:44,307 - INFO - (-23.005 -98.0 0.002)
2025-10-02 17:28:44,317 - INFO - (-22.822 -98.0 0.011)
2025-10-02 17:28:44,327 - INFO - (-22.655 -98.0 0.008)
2025-10-02 17:28:44,337 - INFO - (-22.504 -98.0 0.006)
2025-10-02 17:28:44,346 - INFO - (-22.321 -98.0 0.026)
2025-10-02 17:28:44,356 - INFO - (-22.154 -98.0 0.018)
2025-10-02 17:28:44,366 - INFO - (-21.987 -98.0 0.014)
2025-10-02 17:28:44,376 - INFO - (-21.819 -98.0 0.026)
2025-10-02 17:28:44,386 - INFO - (-21.652 -98.0 0.025)
2025-10-02 17:28:44,396 - INFO - (-21.502 -98.0 0.018)
2025-10-02 17:28:44,406 - INFO - (-21.318 -98.0 0.024)
2025-10-02 17:28:44,416 - INFO - (-21.151 -98.0 0.03)
2025-10-02 17:28:44,426 - INFO - (-20.984 -98.0 0.023)
2025-10-02 17:28:44,436 - INFO - (-20.834 -98.0 0.017)
2025-10-02 17:28:44,446 - INFO - (-20.65 -98.0 0.022)
2025-10-02 17:28:44,456 - INFO - (-20.483 -98.0 0.017)
2025-10-02 17:28:44,466 - INFO - (-20.316 -98.0 0.013)
2025-10-02 17:28:44,476 - INFO - (-20.149 -98.0 0.01)
2025-10-02 17:28:44,486 - INFO - (-19.982 -98.0 0.007)
2025-10-02 17:28:44,496 - INFO - (-19.832 -98.0 0.005)
2025-10-02 17:28:44,506 - INFO - (-19.664 -98.0 0.005)
2025-10-02 17:28:44,516 - INFO - (-19.481 -98.0 -0.006)
2025-10-02 17:28:44,526 - INFO - (-19.33 -98.0 -0.003)
2025-10-02 17:28:44,536 - INFO - (-19.163 -98.0 -0.003)
2025-10-02 17:28:44,547 - INFO - (-18.996 -98.0 -0.007)
2025-10-02 17:28:44,557 - INFO - (-18.829 -98.0 -0.007)
2025-10-02 17:28:44,567 - INFO - (-18.662 -98.0 -0.006)
2025-10-02 17:28:44,577 - INFO - (-18.495 -98.0 -0.006)
2025-10-02 17:28:44,586 - INFO - (-18.328 -98.0 -0.009)
2025-10-02 17:28:44,596 - INFO - (-18.161 -98.0 -0.007)
